district,birth_cohort,exposed,school_intensity,baseline_dev,urban_share,years_schooling,ln_wage,treat_intensity
District001,1950,0,3.0171150649595835,0.5670055288251902,0.5281086590198687,4.503445034140779,1.608170680033182,0.0
District001,1951,0,3.0171150649595835,0.5670055288251902,0.5281086590198687,6.363913239631335,1.7598579617515118,0.0
District001,1952,0,3.0171150649595835,0.5670055288251902,0.5281086590198687,6.86701168455409,2.4939917777299216,0.0
District001,1953,0,3.0171150649595835,0.5670055288251902,0.5281086590198687,6.0099154454693355,2.091619934467094,0.0
District001,1954,0,3.0171150649595835,0.5670055288251902,0.5281086590198687,6.895182916822916,1.9261931260738212,0.0
District001,1955,0,3.0171150649595835,0.5670055288251902,0.5281086590198687,5.462478975910866,2.005248492946849,0.0
District001,1956,0,3.0171150649595835,0.5670055288251902,0.5281086590198687,6.291090747616619,1.834156344356952,0.0
District001,1957,0,3.0171150649595835,0.5670055288251902,0.5281086590198687,6.909682540037037,1.6965175171348537,0.0
District001,1958,0,3.0171150649595835,0.5670055288251902,0.5281086590198687,5.619234347964041,2.0585223474132937,0.0
District001,1959,0,3.0171150649595835,0.5670055288251902,0.5281086590198687,6.499214908251165,1.3807468269064047,0.0
District001,1960,0,3.0171150649595835,0.5670055288251902,0.5281086590198687,6.472492726948773,2.1966879008410185,0.0
District001,1961,0,3.0171150649595835,0.5670055288251902,0.5281086590198687,7.46059107003723,1.9310847975130183,0.0
District001,1962,1,3.0171150649595835,0.5670055288251902,0.5281086590198687,8.193535725864699,2.3046753325580784,3.0171150649595835
District001,1963,1,3.0171150649595835,0.5670055288251902,0.5281086590198687,7.48594524710642,1.6518773840694925,3.0171150649595835
District001,1964,1,3.0171150649595835,0.5670055288251902,0.5281086590198687,6.789087750278609,2.9288864647129156,3.0171150649595835
District001,1965,1,3.0171150649595835,0.5670055288251902,0.5281086590198687,7.584128605501703,2.0451598031626563,3.0171150649595835
District001,1966,1,3.0171150649595835,0.5670055288251902,0.5281086590198687,7.088485114574726,1.8643072652336419,3.0171150649595835
District001,1967,1,3.0171150649595835,0.5670055288251902,0.5281086590198687,9.048996132023658,1.9274485769774774,3.0171150649595835
District001,1968,1,3.0171150649595835,0.5670055288251902,0.5281086590198687,7.497013618338456,2.172609977256896,3.0171150649595835
District001,1969,1,3.0171150649595835,0.5670055288251902,0.5281086590198687,8.099865370617087,1.3053413073709335,3.0171150649595835
District001,1970,1,3.0171150649595835,0.5670055288251902,0.5281086590198687,9.34850978194131,2.33921194875846,3.0171150649595835
District001,1971,1,3.0171150649595835,0.5670055288251902,0.5281086590198687,8.453017802798927,1.9166786515416718,3.0171150649595835
District001,1972,1,3.0171150649595835,0.5670055288251902,0.5281086590198687,8.572644881980757,2.1271676475892534,3.0171150649595835
District001,1973,1,3.0171150649595835,0.5670055288251902,0.5281086590198687,7.796103308299557,1.6804242491494297,3.0171150649595835
District001,1974,1,3.0171150649595835,0.5670055288251902,0.5281086590198687,7.555267117684785,2.2083533584699966,3.0171150649595835
District001,1975,1,3.0171150649595835,0.5670055288251902,0.5281086590198687,8.356593982547292,2.51351933123015,3.0171150649595835
District002,1950,0,2.9223074591296956,1.6159676453843985,0.3201342686200994,6.767083627805052,2.0546278489096257,0.0
District002,1951,0,2.9223074591296956,1.6159676453843985,0.3201342686200994,6.339741335559148,2.023393849345081,0.0
District002,1952,0,2.9223074591296956,1.6159676453843985,0.3201342686200994,6.447000528374527,1.8877837493375789,0.0
District002,1953,0,2.9223074591296956,1.6159676453843985,0.3201342686200994,5.705687595844274,2.2592027473394687,0.0
District002,1954,0,2.9223074591296956,1.6159676453843985,0.3201342686200994,7.803111390771392,1.9319913108088682,0.0
District002,1955,0,2.9223074591296956,1.6159676453843985,0.3201342686200994,5.596541636122382,1.2797020850603416,0.0
District002,1956,0,2.9223074591296956,1.6159676453843985,0.3201342686200994,6.135224175410456,2.9232438827932605,0.0
District002,1957,0,2.9223074591296956,1.6159676453843985,0.3201342686200994,6.762260172913541,2.066705236890864,0.0
District002,1958,0,2.9223074591296956,1.6159676453843985,0.3201342686200994,6.9296918107800165,1.9474482060532032,0.0
District002,1959,0,2.9223074591296956,1.6159676453843985,0.3201342686200994,8.215389984286464,2.281604885769015,0.0
District002,1960,0,2.9223074591296956,1.6159676453843985,0.3201342686200994,7.191332458151006,2.0135332199377403,0.0
District002,1961,0,2.9223074591296956,1.6159676453843985,0.3201342686200994,8.321678059459703,2.3050616855571318,0.0
District002,1962,1,2.9223074591296956,1.6159676453843985,0.3201342686200994,9.034950461227492,1.8762435184168522,2.9223074591296956
District002,1963,1,2.9223074591296956,1.6159676453843985,0.3201342686200994,7.9423818191804,2.3715917744594766,2.9223074591296956
District002,1964,1,2.9223074591296956,1.6159676453843985,0.3201342686200994,7.410343060991259,1.9691771208383495,2.9223074591296956
District002,1965,1,2.9223074591296956,1.6159676453843985,0.3201342686200994,11.233324699043498,1.787873200981307,2.9223074591296956
District002,1966,1,2.9223074591296956,1.6159676453843985,0.3201342686200994,7.650252653811426,2.8098407425296443,2.9223074591296956
District002,1967,1,2.9223074591296956,1.6159676453843985,0.3201342686200994,8.682852520275375,2.7972777942272837,2.9223074591296956
District002,1968,1,2.9223074591296956,1.6159676453843985,0.3201342686200994,8.213980611947772,2.9311682101484737,2.9223074591296956
District002,1969,1,2.9223074591296956,1.6159676453843985,0.3201342686200994,8.762637210273446,2.193696971671256,2.9223074591296956
District002,1970,1,2.9223074591296956,1.6159676453843985,0.3201342686200994,9.50598556590295,2.2795402752067724,2.9223074591296956
District002,1971,1,2.9223074591296956,1.6159676453843985,0.3201342686200994,8.481458239277702,2.3676287883383176,2.9223074591296956
District002,1972,1,2.9223074591296956,1.6159676453843985,0.3201342686200994,8.709673590295269,2.1983877308188586,2.9223074591296956
District002,1973,1,2.9223074591296956,1.6159676453843985,0.3201342686200994,9.250247965217227,2.2233919266720372,2.9223074591296956
District002,1974,1,2.9223074591296956,1.6159676453843985,0.3201342686200994,9.41441772508905,2.929332981175432,2.9223074591296956
District002,1975,1,2.9223074591296956,1.6159676453843985,0.3201342686200994,7.594000519363024,2.073155735217611,2.9223074591296956
District003,1950,0,4.016191738573935,-1.2695153834726676,0.25725401184130303,6.553547026595981,1.9036413519622022,0.0
District003,1951,0,4.016191738573935,-1.2695153834726676,0.25725401184130303,5.06007787568112,1.8463367133733364,0.0
District003,1952,0,4.016191738573935,-1.2695153834726676,0.25725401184130303,3.763224167095207,1.8212292296142232,0.0
District003,1953,0,4.016191738573935,-1.2695153834726676,0.25725401184130303,5.8146738816251196,1.6312623727165259,0.0
District003,1954,0,4.016191738573935,-1.2695153834726676,0.25725401184130303,4.962784849152481,1.0774500238765166,0.0
District003,1955,0,4.016191738573935,-1.2695153834726676,0.25725401184130303,5.9025733867140895,1.3528641020614844,0.0
District003,1956,0,4.016191738573935,-1.2695153834726676,0.25725401184130303,6.625719820484716,2.034449249834576,0.0
District003,1957,0,4.016191738573935,-1.2695153834726676,0.25725401184130303,6.16483976261084,1.816376661770764,0.0
District003,1958,0,4.016191738573935,-1.2695153834726676,0.25725401184130303,6.001858266144511,1.4582052864351884,0.0
District003,1959,0,4.016191738573935,-1.2695153834726676,0.25725401184130303,6.711559669554232,2.0077959333900868,0.0
District003,1960,0,4.016191738573935,-1.2695153834726676,0.25725401184130303,5.512297324260697,2.0545492597888098,0.0
District003,1961,0,4.016191738573935,-1.2695153834726676,0.25725401184130303,6.534908393387751,1.8307254645121722,0.0
District003,1962,1,4.016191738573935,-1.2695153834726676,0.25725401184130303,7.101106789393184,1.540749564082264,4.016191738573935
District003,1963,1,4.016191738573935,-1.2695153834726676,0.25725401184130303,8.116210539353707,2.3290860513067857,4.016191738573935
District003,1964,1,4.016191738573935,-1.2695153834726676,0.25725401184130303,5.343041294572653,2.0294797286287363,4.016191738573935
District003,1965,1,4.016191738573935,-1.2695153834726676,0.25725401184130303,6.6807380976550155,1.3071808185989533,4.016191738573935
District003,1966,1,4.016191738573935,-1.2695153834726676,0.25725401184130303,8.473114586073468,1.7880387001312945,4.016191738573935
District003,1967,1,4.016191738573935,-1.2695153834726676,0.25725401184130303,6.280090451938752,2.2721548699337264,4.016191738573935
District003,1968,1,4.016191738573935,-1.2695153834726676,0.25725401184130303,7.239241012725536,2.1451579948569974,4.016191738573935
District003,1969,1,4.016191738573935,-1.2695153834726676,0.25725401184130303,7.057957539013076,2.380061855439499,4.016191738573935
District003,1970,1,4.016191738573935,-1.2695153834726676,0.25725401184130303,6.9597507357653114,2.2836180784942037,4.016191738573935
District003,1971,1,4.016191738573935,-1.2695153834726676,0.25725401184130303,6.972937658121686,1.738274727148076,4.016191738573935
District003,1972,1,4.016191738573935,-1.2695153834726676,0.25725401184130303,6.534768861844793,2.1457169182121674,4.016191738573935
District003,1973,1,4.016191738573935,-1.2695153834726676,0.25725401184130303,8.168728923050331,1.8689303255676135,4.016191738573935
District003,1974,1,4.016191738573935,-1.2695153834726676,0.25725401184130303,7.604019041458227,2.563060809987326,4.016191738573935
District003,1975,1,4.016191738573935,-1.2695153834726676,0.25725401184130303,6.003368325623834,2.1512894179510065,4.016191738573935
District004,1950,0,3.905077356891863,-0.3970854398761121,0.5243044499097961,6.948484744274355,1.894864708792191,0.0
District004,1951,0,3.905077356891863,-0.3970854398761121,0.5243044499097961,6.361009417766995,2.3013721481491385,0.0
District004,1952,0,3.905077356891863,-0.3970854398761121,0.5243044499097961,6.624745015870644,1.814024785530183,0.0
District004,1953,0,3.905077356891863,-0.3970854398761121,0.5243044499097961,6.920508162742174,1.5533989107350132,0.0
District004,1954,0,3.905077356891863,-0.3970854398761121,0.5243044499097961,6.121812024695355,2.1023948657325375,0.0
District004,1955,0,3.905077356891863,-0.3970854398761121,0.5243044499097961,6.473611395185973,2.412168153337446,0.0
District004,1956,0,3.905077356891863,-0.3970854398761121,0.5243044499097961,4.583239324436795,2.2838033798590938,0.0
District004,1957,0,3.905077356891863,-0.3970854398761121,0.5243044499097961,5.367597426223769,1.4207600452971698,0.0
District004,1958,0,3.905077356891863,-0.3970854398761121,0.5243044499097961,5.870384978547579,2.412069422969245,0.0
District004,1959,0,3.905077356891863,-0.3970854398761121,0.5243044499097961,6.063244011565027,2.530156216985294,0.0
District004,1960,0,3.905077356891863,-0.3970854398761121,0.5243044499097961,4.931542072855493,1.9415905207756998,0.0
District004,1961,0,3.905077356891863,-0.3970854398761121,0.5243044499097961,6.889878049452989,2.399683103805993,0.0
District004,1962,1,3.905077356891863,-0.3970854398761121,0.5243044499097961,8.906471185804092,1.684273143653598,3.905077356891863
District004,1963,1,3.905077356891863,-0.3970854398761121,0.5243044499097961,7.1702134660764925,2.0238709363098057,3.905077356891863
District004,1964,1,3.905077356891863,-0.3970854398761121,0.5243044499097961,8.03503244326146,2.0673332755809692,3.905077356891863
District004,1965,1,3.905077356891863,-0.3970854398761121,0.5243044499097961,8.213714975756254,2.3107630986579486,3.905077356891863
District004,1966,1,3.905077356891863,-0.3970854398761121,0.5243044499097961,7.584031464060813,2.029215884652491,3.905077356891863
District004,1967,1,3.905077356891863,-0.3970854398761121,0.5243044499097961,7.149804857580889,1.872472586228391,3.905077356891863
District004,1968,1,3.905077356891863,-0.3970854398761121,0.5243044499097961,8.562789039084818,2.5994044523824886,3.905077356891863
District004,1969,1,3.905077356891863,-0.3970854398761121,0.5243044499097961,7.755985086247575,2.4510066435678004,3.905077356891863
District004,1970,1,3.905077356891863,-0.3970854398761121,0.5243044499097961,8.397489293256662,2.2896323334413,3.905077356891863
District004,1971,1,3.905077356891863,-0.3970854398761121,0.5243044499097961,8.074627126271386,2.449948758048907,3.905077356891863
District004,1972,1,3.905077356891863,-0.3970854398761121,0.5243044499097961,7.492471854191688,2.6378130237384494,3.905077356891863
District004,1973,1,3.905077356891863,-0.3970854398761121,0.5243044499097961,9.091335238780081,1.9087702107681654,3.905077356891863
District004,1974,1,3.905077356891863,-0.3970854398761121,0.5243044499097961,7.824956363839086,2.7124753167857745,3.905077356891863
District004,1975,1,3.905077356891863,-0.3970854398761121,0.5243044499097961,8.312398559065093,1.6273480326808074,3.905077356891863
District005,1950,0,5.063123866734337,-0.9898703647698397,0.44839298911498404,5.480464091777176,1.5963292475344417,0.0
District005,1951,0,5.063123866734337,-0.9898703647698397,0.44839298911498404,5.264149572280367,2.231243488877946,0.0
District005,1952,0,5.063123866734337,-0.9898703647698397,0.44839298911498404,5.589034370968264,2.1150423261897524,0.0
District005,1953,0,5.063123866734337,-0.9898703647698397,0.44839298911498404,5.344700181863498,1.7680618409083775,0.0
District005,1954,0,5.063123866734337,-0.9898703647698397,0.44839298911498404,5.693363409805039,2.278800261783543,0.0
District005,1955,0,5.063123866734337,-0.9898703647698397,0.44839298911498404,4.0649216234289725,1.958746965572547,0.0
District005,1956,0,5.063123866734337,-0.9898703647698397,0.44839298911498404,5.2373254648509,1.5652470111900194,0.0
District005,1957,0,5.063123866734337,-0.9898703647698397,0.44839298911498404,3.987274848769447,1.6334277654326805,0.0
District005,1958,0,5.063123866734337,-0.9898703647698397,0.44839298911498404,4.036994272162212,1.1808306698086652,0.0
District005,1959,0,5.063123866734337,-0.9898703647698397,0.44839298911498404,4.5839173423466235,1.544861166431095,0.0
District005,1960,0,5.063123866734337,-0.9898703647698397,0.44839298911498404,5.168273762819245,1.0813950250570334,0.0
District005,1961,0,5.063123866734337,-0.9898703647698397,0.44839298911498404,7.125959065142994,1.9891309147137262,0.0
District005,1962,1,5.063123866734337,-0.9898703647698397,0.44839298911498404,8.770565862731678,2.019510000910727,5.063123866734337
District005,1963,1,5.063123866734337,-0.9898703647698397,0.44839298911498404,9.71999021111216,2.6104552362571933,5.063123866734337
District005,1964,1,5.063123866734337,-0.9898703647698397,0.44839298911498404,7.617627327266326,2.0511068504991896,5.063123866734337
District005,1965,1,5.063123866734337,-0.9898703647698397,0.44839298911498404,6.9240692087771665,1.58577105972947,5.063123866734337
District005,1966,1,5.063123866734337,-0.9898703647698397,0.44839298911498404,8.455434823851977,2.494968585952621,5.063123866734337
District005,1967,1,5.063123866734337,-0.9898703647698397,0.44839298911498404,8.400439790438904,2.4154750379060683,5.063123866734337
District005,1968,1,5.063123866734337,-0.9898703647698397,0.44839298911498404,8.074986290951326,1.929035815178571,5.063123866734337
District005,1969,1,5.063123866734337,-0.9898703647698397,0.44839298911498404,7.241452311918343,1.714719705489429,5.063123866734337
District005,1970,1,5.063123866734337,-0.9898703647698397,0.44839298911498404,7.029744844495907,2.2015296489526173,5.063123866734337
District005,1971,1,5.063123866734337,-0.9898703647698397,0.44839298911498404,7.713494587245547,1.6879829759038554,5.063123866734337
District005,1972,1,5.063123866734337,-0.9898703647698397,0.44839298911498404,6.62530649902104,1.0511797080416785,5.063123866734337
District005,1973,1,5.063123866734337,-0.9898703647698397,0.44839298911498404,8.55341046956164,2.2707961391676825,5.063123866734337
District005,1974,1,5.063123866734337,-0.9898703647698397,0.44839298911498404,10.173381559383428,2.5266095639931665,5.063123866734337
District005,1975,1,5.063123866734337,-0.9898703647698397,0.44839298911498404,9.564891650061366,1.952032781602264,5.063123866734337
District006,1950,0,2.9597331319243705,0.490849189653043,0.36922986110914763,6.736483195091421,2.0104116569214376,0.0
District006,1951,0,2.9597331319243705,0.490849189653043,0.36922986110914763,6.37218775615609,1.956057642018707,0.0
District006,1952,0,2.9597331319243705,0.490849189653043,0.36922986110914763,6.4633527321764515,1.7744905664696764,0.0
District006,1953,0,2.9597331319243705,0.490849189653043,0.36922986110914763,7.3486830615066125,2.4095437800639004,0.0
District006,1954,0,2.9597331319243705,0.490849189653043,0.36922986110914763,6.7622037328415265,1.1893652831214325,0.0
District006,1955,0,2.9597331319243705,0.490849189653043,0.36922986110914763,5.316368302282518,2.0357995837239575,0.0
District006,1956,0,2.9597331319243705,0.490849189653043,0.36922986110914763,5.36604416745223,1.7118437631045038,0.0
District006,1957,0,2.9597331319243705,0.490849189653043,0.36922986110914763,7.73992740770693,1.8840185438351176,0.0
District006,1958,0,2.9597331319243705,0.490849189653043,0.36922986110914763,6.135193035373364,1.2316178891959888,0.0
District006,1959,0,2.9597331319243705,0.490849189653043,0.36922986110914763,6.0194488693028,1.562927269487071,0.0
District006,1960,0,2.9597331319243705,0.490849189653043,0.36922986110914763,7.920487046890372,2.032120362147445,0.0
District006,1961,0,2.9597331319243705,0.490849189653043,0.36922986110914763,6.25309001261182,1.8236680002824202,0.0
District006,1962,1,2.9597331319243705,0.490849189653043,0.36922986110914763,7.863803545544592,2.3146829670696922,2.9597331319243705
District006,1963,1,2.9597331319243705,0.490849189653043,0.36922986110914763,6.833870710871569,1.5173628193254802,2.9597331319243705
District006,1964,1,2.9597331319243705,0.490849189653043,0.36922986110914763,8.168032005366955,1.9999869256443275,2.9597331319243705
District006,1965,1,2.9597331319243705,0.490849189653043,0.36922986110914763,7.633405712804199,2.1080033639412528,2.9597331319243705
District006,1966,1,2.9597331319243705,0.490849189653043,0.36922986110914763,5.962337334233887,1.7468317664056936,2.9597331319243705
District006,1967,1,2.9597331319243705,0.490849189653043,0.36922986110914763,8.793654483577281,2.2338609174185255,2.9597331319243705
District006,1968,1,2.9597331319243705,0.490849189653043,0.36922986110914763,7.602085354712562,2.3855089068887856,2.9597331319243705
District006,1969,1,2.9597331319243705,0.490849189653043,0.36922986110914763,7.261065743824142,1.7405260221559233,2.9597331319243705
District006,1970,1,2.9597331319243705,0.490849189653043,0.36922986110914763,7.476659421112696,1.6084191685489317,2.9597331319243705
District006,1971,1,2.9597331319243705,0.490849189653043,0.36922986110914763,6.465581153286198,1.7580275279613944,2.9597331319243705
District006,1972,1,2.9597331319243705,0.490849189653043,0.36922986110914763,8.81655621937131,1.9552754478185597,2.9597331319243705
District006,1973,1,2.9597331319243705,0.490849189653043,0.36922986110914763,7.74604226083939,1.5225191233886601,2.9597331319243705
District006,1974,1,2.9597331319243705,0.490849189653043,0.36922986110914763,8.010048677323978,2.169409903091436,2.9597331319243705
District006,1975,1,2.9597331319243705,0.490849189653043,0.36922986110914763,8.710757337251641,2.132206475465811,2.9597331319243705
District007,1950,0,1.870293681208496,-0.10508380964136432,0.12474521891145876,6.901712632566769,1.8193919474800453,0.0
District007,1951,0,1.870293681208496,-0.10508380964136432,0.12474521891145876,6.586117108071745,1.7859979484675983,0.0
District007,1952,0,1.870293681208496,-0.10508380964136432,0.12474521891145876,5.963309381839913,1.9034059581666891,0.0
District007,1953,0,1.870293681208496,-0.10508380964136432,0.12474521891145876,7.481313689769674,2.6765355789865195,0.0
District007,1954,0,1.870293681208496,-0.10508380964136432,0.12474521891145876,6.735275875819327,1.697921655889922,0.0
District007,1955,0,1.870293681208496,-0.10508380964136432,0.12474521891145876,5.5088870474117595,1.2398571251936439,0.0
District007,1956,0,1.870293681208496,-0.10508380964136432,0.12474521891145876,5.507146315624727,1.864353434914995,0.0
District007,1957,0,1.870293681208496,-0.10508380964136432,0.12474521891145876,6.479933717847666,1.6768971506009402,0.0
District007,1958,0,1.870293681208496,-0.10508380964136432,0.12474521891145876,5.18888646165896,1.382282084022551,0.0
District007,1959,0,1.870293681208496,-0.10508380964136432,0.12474521891145876,6.9653626705210705,2.330712929423112,0.0
District007,1960,0,1.870293681208496,-0.10508380964136432,0.12474521891145876,6.443966131418227,1.9017940161821154,0.0
District007,1961,0,1.870293681208496,-0.10508380964136432,0.12474521891145876,6.567646510552917,1.9056363768248514,0.0
District007,1962,1,1.870293681208496,-0.10508380964136432,0.12474521891145876,7.881470913489551,1.9134977878237924,1.870293681208496
District007,1963,1,1.870293681208496,-0.10508380964136432,0.12474521891145876,6.7777325029211575,1.9827331632106182,1.870293681208496
District007,1964,1,1.870293681208496,-0.10508380964136432,0.12474521891145876,6.329704285229011,1.9129612804289142,1.870293681208496
District007,1965,1,1.870293681208496,-0.10508380964136432,0.12474521891145876,8.200547497229792,2.222785468971195,1.870293681208496
District007,1966,1,1.870293681208496,-0.10508380964136432,0.12474521891145876,8.160795670965166,2.4436533400757066,1.870293681208496
District007,1967,1,1.870293681208496,-0.10508380964136432,0.12474521891145876,5.79655079149456,1.963997387060779,1.870293681208496
District007,1968,1,1.870293681208496,-0.10508380964136432,0.12474521891145876,7.411952052292353,2.1860123919942493,1.870293681208496
District007,1969,1,1.870293681208496,-0.10508380964136432,0.12474521891145876,6.583643150846923,2.271821053788051,1.870293681208496
District007,1970,1,1.870293681208496,-0.10508380964136432,0.12474521891145876,7.301165394529055,1.8476449047792478,1.870293681208496
District007,1971,1,1.870293681208496,-0.10508380964136432,0.12474521891145876,7.074676362717332,1.715960972887649,1.870293681208496
District007,1972,1,1.870293681208496,-0.10508380964136432,0.12474521891145876,4.825313852475173,1.9537651805639058,1.870293681208496
District007,1973,1,1.870293681208496,-0.10508380964136432,0.12474521891145876,6.97268086345749,1.88157068750067,1.870293681208496
District007,1974,1,1.870293681208496,-0.10508380964136432,0.12474521891145876,5.858235590509522,1.934173027609716,1.870293681208496
District007,1975,1,1.870293681208496,-0.10508380964136432,0.12474521891145876,5.487564624319151,1.115143090804787,1.870293681208496
District008,1950,0,3.0974194588833437,1.4408751413951528,0.3944033682493027,5.376211962617323,1.1970468215021546,0.0
District008,1951,0,3.0974194588833437,1.4408751413951528,0.3944033682493027,7.98483443994633,2.538886012275003,0.0
District008,1952,0,3.0974194588833437,1.4408751413951528,0.3944033682493027,8.509417538282047,1.7935967826432584,0.0
District008,1953,0,3.0974194588833437,1.4408751413951528,0.3944033682493027,7.240790544395287,2.034551825491164,0.0
District008,1954,0,3.0974194588833437,1.4408751413951528,0.3944033682493027,5.689779681082397,1.6230866293207298,0.0
District008,1955,0,3.0974194588833437,1.4408751413951528,0.3944033682493027,5.394189219867978,1.4935465325951711,0.0
District008,1956,0,3.0974194588833437,1.4408751413951528,0.3944033682493027,6.80907241602402,1.2151516551845802,0.0
District008,1957,0,3.0974194588833437,1.4408751413951528,0.3944033682493027,8.673178106095875,1.9399965571012823,0.0
District008,1958,0,3.0974194588833437,1.4408751413951528,0.3944033682493027,6.238478602229174,1.2265984784426882,0.0
District008,1959,0,3.0974194588833437,1.4408751413951528,0.3944033682493027,7.023826927631911,2.0312057125380645,0.0
District008,1960,0,3.0974194588833437,1.4408751413951528,0.3944033682493027,6.9467513083622,2.0582987804238897,0.0
District008,1961,0,3.0974194588833437,1.4408751413951528,0.3944033682493027,5.68400098329384,1.9198711250947924,0.0
District008,1962,1,3.0974194588833437,1.4408751413951528,0.3944033682493027,9.793422521979934,2.276063552372385,3.0974194588833437
District008,1963,1,3.0974194588833437,1.4408751413951528,0.3944033682493027,8.122148104017976,2.1910719840778263,3.0974194588833437
District008,1964,1,3.0974194588833437,1.4408751413951528,0.3944033682493027,8.58645375030247,1.7869317642238083,3.0974194588833437
District008,1965,1,3.0974194588833437,1.4408751413951528,0.3944033682493027,9.13109235550539,2.0252804532249074,3.0974194588833437
District008,1966,1,3.0974194588833437,1.4408751413951528,0.3944033682493027,8.67589601951357,2.0656045246556913,3.0974194588833437
District008,1967,1,3.0974194588833437,1.4408751413951528,0.3944033682493027,7.411569617816542,2.018385208456514,3.0974194588833437
District008,1968,1,3.0974194588833437,1.4408751413951528,0.3944033682493027,8.175809362601033,1.8327503506283118,3.0974194588833437
District008,1969,1,3.0974194588833437,1.4408751413951528,0.3944033682493027,8.278832635875375,2.3437240292958346,3.0974194588833437
District008,1970,1,3.0974194588833437,1.4408751413951528,0.3944033682493027,10.307494580331179,2.7415338077569995,3.0974194588833437
District008,1971,1,3.0974194588833437,1.4408751413951528,0.3944033682493027,8.333996764704224,1.895100135748097,3.0974194588833437
District008,1972,1,3.0974194588833437,1.4408751413951528,0.3944033682493027,7.596821567173857,1.7486810706535494,3.0974194588833437
District008,1973,1,3.0974194588833437,1.4408751413951528,0.3944033682493027,9.810032751607622,1.8077200804592475,3.0974194588833437
District008,1974,1,3.0974194588833437,1.4408751413951528,0.3944033682493027,8.819150409418567,1.9606163754484704,3.0974194588833437
District008,1975,1,3.0974194588833437,1.4408751413951528,0.3944033682493027,8.348167962830765,1.8567102244498626,3.0974194588833437
District009,1950,0,4.170408311360593,0.16262314068057365,0.3470353179426208,5.228140009729312,2.1471299407437203,0.0
District009,1951,0,4.170408311360593,0.16262314068057365,0.3470353179426208,6.979446103448996,2.0831824750366708,0.0
District009,1952,0,4.170408311360593,0.16262314068057365,0.3470353179426208,6.41427747058489,1.9968776649279882,0.0
District009,1953,0,4.170408311360593,0.16262314068057365,0.3470353179426208,6.3151215245217625,1.8448081512256276,0.0
District009,1954,0,4.170408311360593,0.16262314068057365,0.3470353179426208,5.579077393992757,1.523629881288216,0.0
District009,1955,0,4.170408311360593,0.16262314068057365,0.3470353179426208,6.3170551743641505,1.9954206389222346,0.0
District009,1956,0,4.170408311360593,0.16262314068057365,0.3470353179426208,7.984623510774511,2.014982863495358,0.0
District009,1957,0,4.170408311360593,0.16262314068057365,0.3470353179426208,7.33017354350557,1.3248411056006772,0.0
District009,1958,0,4.170408311360593,0.16262314068057365,0.3470353179426208,6.0978257573228145,1.3887999775974098,0.0
District009,1959,0,4.170408311360593,0.16262314068057365,0.3470353179426208,5.859184746224465,2.010720651025748,0.0
District009,1960,0,4.170408311360593,0.16262314068057365,0.3470353179426208,7.543654226703573,1.5152457696799115,0.0
District009,1961,0,4.170408311360593,0.16262314068057365,0.3470353179426208,6.982402963336977,2.2939743201330716,0.0
District009,1962,1,4.170408311360593,0.16262314068057365,0.3470353179426208,8.057783274140125,1.888469722633205,4.170408311360593
District009,1963,1,4.170408311360593,0.16262314068057365,0.3470353179426208,8.374383629114346,2.587305772346173,4.170408311360593
District009,1964,1,4.170408311360593,0.16262314068057365,0.3470353179426208,7.9662713133071135,1.6583200104816107,4.170408311360593
District009,1965,1,4.170408311360593,0.16262314068057365,0.3470353179426208,9.548873601678581,1.896099822807094,4.170408311360593
District009,1966,1,4.170408311360593,0.16262314068057365,0.3470353179426208,8.443845668733225,2.0513718716814235,4.170408311360593
District009,1967,1,4.170408311360593,0.16262314068057365,0.3470353179426208,8.300747740895655,2.099047683744376,4.170408311360593
District009,1968,1,4.170408311360593,0.16262314068057365,0.3470353179426208,8.748292023586206,2.2757437188354275,4.170408311360593
District009,1969,1,4.170408311360593,0.16262314068057365,0.3470353179426208,8.084226266693545,1.8294944623980536,4.170408311360593
District009,1970,1,4.170408311360593,0.16262314068057365,0.3470353179426208,7.8976027073089545,2.318999100336456,4.170408311360593
District009,1971,1,4.170408311360593,0.16262314068057365,0.3470353179426208,7.8371108462420365,1.804388764510096,4.170408311360593
District009,1972,1,4.170408311360593,0.16262314068057365,0.3470353179426208,7.021158435139242,2.5065322352088897,4.170408311360593
District009,1973,1,4.170408311360593,0.16262314068057365,0.3470353179426208,7.873103083966431,2.343001417945494,4.170408311360593
District009,1974,1,4.170408311360593,0.16262314068057365,0.3470353179426208,7.985450490677521,2.161430826791499,4.170408311360593
District009,1975,1,4.170408311360593,0.16262314068057365,0.3470353179426208,6.850433852920483,1.9211023935268714,4.170408311360593
District010,1950,0,0.6067990998274815,-0.8659267703911884,0.37563106199631574,5.926371430942468,2.0536263255891045,0.0
District010,1951,0,0.6067990998274815,-0.8659267703911884,0.37563106199631574,5.50903690248125,1.769924024342303,0.0
District010,1952,0,0.6067990998274815,-0.8659267703911884,0.37563106199631574,5.75027185814713,1.8544603698450963,0.0
District010,1953,0,0.6067990998274815,-0.8659267703911884,0.37563106199631574,3.798107631606043,1.6834007265070345,0.0
District010,1954,0,0.6067990998274815,-0.8659267703911884,0.37563106199631574,4.402042764370068,1.539813066995332,0.0
District010,1955,0,0.6067990998274815,-0.8659267703911884,0.37563106199631574,4.7881546308491245,1.529076516020209,0.0
District010,1956,0,0.6067990998274815,-0.8659267703911884,0.37563106199631574,4.86367537591444,1.6796219017309806,0.0
District010,1957,0,0.6067990998274815,-0.8659267703911884,0.37563106199631574,5.22868662491102,1.5398319694038451,0.0
District010,1958,0,0.6067990998274815,-0.8659267703911884,0.37563106199631574,5.452151478606555,1.4511243310528255,0.0
District010,1959,0,0.6067990998274815,-0.8659267703911884,0.37563106199631574,6.293556151879251,1.6067717497264566,0.0
District010,1960,0,0.6067990998274815,-0.8659267703911884,0.37563106199631574,5.681111570421639,2.171251462767298,0.0
District010,1961,0,0.6067990998274815,-0.8659267703911884,0.37563106199631574,6.497908165947587,1.7428838022440007,0.0
District010,1962,1,0.6067990998274815,-0.8659267703911884,0.37563106199631574,5.970320932626354,1.622677802431643,0.6067990998274815
District010,1963,1,0.6067990998274815,-0.8659267703911884,0.37563106199631574,4.521256867241686,0.9863455686044379,0.6067990998274815
District010,1964,1,0.6067990998274815,-0.8659267703911884,0.37563106199631574,7.809396984490357,1.796312174852242,0.6067990998274815
District010,1965,1,0.6067990998274815,-0.8659267703911884,0.37563106199631574,5.933485409003922,2.317117045624686,0.6067990998274815
District010,1966,1,0.6067990998274815,-0.8659267703911884,0.37563106199631574,6.966961367720507,2.102770750011056,0.6067990998274815
District010,1967,1,0.6067990998274815,-0.8659267703911884,0.37563106199631574,4.566590031518258,1.4195595096478302,0.6067990998274815
District010,1968,1,0.6067990998274815,-0.8659267703911884,0.37563106199631574,6.282259028056828,1.5031276385423848,0.6067990998274815
District010,1969,1,0.6067990998274815,-0.8659267703911884,0.37563106199631574,5.654012364670834,2.077454309618033,0.6067990998274815
District010,1970,1,0.6067990998274815,-0.8659267703911884,0.37563106199631574,4.900067770115725,1.693136171621885,0.6067990998274815
District010,1971,1,0.6067990998274815,-0.8659267703911884,0.37563106199631574,6.359941983073482,2.0665920755418488,0.6067990998274815
District010,1972,1,0.6067990998274815,-0.8659267703911884,0.37563106199631574,5.8449050761076355,1.7488682847982562,0.6067990998274815
District010,1973,1,0.6067990998274815,-0.8659267703911884,0.37563106199631574,6.697144608008921,2.5702382168410587,0.6067990998274815
District010,1974,1,0.6067990998274815,-0.8659267703911884,0.37563106199631574,6.341249725655864,1.2901318897663558,0.6067990998274815
District010,1975,1,0.6067990998274815,-0.8659267703911884,0.37563106199631574,6.956888844674319,1.3926904535210791,0.6067990998274815
District011,1950,0,2.332173806876294,0.3572731698578233,0.31136434240273897,6.5010131148450965,2.0802574416941626,0.0
District011,1951,0,2.332173806876294,0.3572731698578233,0.31136434240273897,5.675375048856598,1.3199633867383127,0.0
District011,1952,0,2.332173806876294,0.3572731698578233,0.31136434240273897,4.824548659424474,1.7668476230910488,0.0
District011,1953,0,2.332173806876294,0.3572731698578233,0.31136434240273897,6.646511082338524,1.909326285971479,0.0
District011,1954,0,2.332173806876294,0.3572731698578233,0.31136434240273897,6.664626144644716,1.8480629956375605,0.0
District011,1955,0,2.332173806876294,0.3572731698578233,0.31136434240273897,4.357586504144802,1.5459093890943796,0.0
District011,1956,0,2.332173806876294,0.3572731698578233,0.31136434240273897,5.846924559068258,1.4925286081431963,0.0
District011,1957,0,2.332173806876294,0.3572731698578233,0.31136434240273897,6.067342297116726,1.6663875104196875,0.0
District011,1958,0,2.332173806876294,0.3572731698578233,0.31136434240273897,6.13897213600643,1.9843856116917333,0.0
District011,1959,0,2.332173806876294,0.3572731698578233,0.31136434240273897,6.581008670749685,1.6556179505392692,0.0
District011,1960,0,2.332173806876294,0.3572731698578233,0.31136434240273897,5.151213561361553,2.2482024710591424,0.0
District011,1961,0,2.332173806876294,0.3572731698578233,0.31136434240273897,5.2492468648454675,1.5965242647051197,0.0
District011,1962,1,2.332173806876294,0.3572731698578233,0.31136434240273897,7.801225757727093,2.4318394478344167,2.332173806876294
District011,1963,1,2.332173806876294,0.3572731698578233,0.31136434240273897,7.088572894016576,1.8464880003875148,2.332173806876294
District011,1964,1,2.332173806876294,0.3572731698578233,0.31136434240273897,7.733757757051361,1.9992717602471515,2.332173806876294
District011,1965,1,2.332173806876294,0.3572731698578233,0.31136434240273897,7.055785241535192,1.665906577961695,2.332173806876294
District011,1966,1,2.332173806876294,0.3572731698578233,0.31136434240273897,7.649416734116597,2.407621144175273,2.332173806876294
District011,1967,1,2.332173806876294,0.3572731698578233,0.31136434240273897,7.714732725565893,1.8454691167556283,2.332173806876294
District011,1968,1,2.332173806876294,0.3572731698578233,0.31136434240273897,9.336081094304602,2.424271493425623,2.332173806876294
District011,1969,1,2.332173806876294,0.3572731698578233,0.31136434240273897,5.706049328162891,1.8536506034910432,2.332173806876294
District011,1970,1,2.332173806876294,0.3572731698578233,0.31136434240273897,6.861434612288078,2.293121187897693,2.332173806876294
District011,1971,1,2.332173806876294,0.3572731698578233,0.31136434240273897,6.877197432873244,2.229870748069347,2.332173806876294
District011,1972,1,2.332173806876294,0.3572731698578233,0.31136434240273897,7.719230784436291,2.472283206932337,2.332173806876294
District011,1973,1,2.332173806876294,0.3572731698578233,0.31136434240273897,6.2512521760381174,2.3636379710886777,2.332173806876294
District011,1974,1,2.332173806876294,0.3572731698578233,0.31136434240273897,7.9373150634788034,2.2890488455307487,2.332173806876294
District011,1975,1,2.332173806876294,0.3572731698578233,0.31136434240273897,5.3856486500016825,1.8885321453376385,2.332173806876294
District012,1950,0,4.006602932632669,2.796822290347195,0.20741750573850798,8.125908971537962,2.155798489169682,0.0
District012,1951,0,4.006602932632669,2.796822290347195,0.20741750573850798,8.60180815371596,2.0150347680628276,0.0
District012,1952,0,4.006602932632669,2.796822290347195,0.20741750573850798,6.441904234476583,2.4850252357182665,0.0
District012,1953,0,4.006602932632669,2.796822290347195,0.20741750573850798,8.654124078576043,1.946859980019979,0.0
District012,1954,0,4.006602932632669,2.796822290347195,0.20741750573850798,5.940083841988175,1.7484196126445872,0.0
District012,1955,0,4.006602932632669,2.796822290347195,0.20741750573850798,7.219209456739806,2.4083248653171734,0.0
District012,1956,0,4.006602932632669,2.796822290347195,0.20741750573850798,6.8346192879925445,1.7364633316837674,0.0
District012,1957,0,4.006602932632669,2.796822290347195,0.20741750573850798,8.246451165107677,1.6746049496425548,0.0
District012,1958,0,4.006602932632669,2.796822290347195,0.20741750573850798,7.799001432041386,1.7107002231095665,0.0
District012,1959,0,4.006602932632669,2.796822290347195,0.20741750573850798,7.407246633133452,2.2812408698608326,0.0
District012,1960,0,4.006602932632669,2.796822290347195,0.20741750573850798,8.671770274123755,2.2965956595023456,0.0
District012,1961,0,4.006602932632669,2.796822290347195,0.20741750573850798,7.596544122284941,2.410685078323496,0.0
District012,1962,1,4.006602932632669,2.796822290347195,0.20741750573850798,10.29296088448833,2.2027475417267506,4.006602932632669
District012,1963,1,4.006602932632669,2.796822290347195,0.20741750573850798,9.680080137354363,2.763869198285049,4.006602932632669
District012,1964,1,4.006602932632669,2.796822290347195,0.20741750573850798,10.14801579219203,2.764528322114968,4.006602932632669
District012,1965,1,4.006602932632669,2.796822290347195,0.20741750573850798,10.099081159945719,2.21633432032592,4.006602932632669
District012,1966,1,4.006602932632669,2.796822290347195,0.20741750573850798,9.90980093040488,2.161339519408669,4.006602932632669
District012,1967,1,4.006602932632669,2.796822290347195,0.20741750573850798,9.909897562866826,1.995571329324724,4.006602932632669
District012,1968,1,4.006602932632669,2.796822290347195,0.20741750573850798,9.609472678233486,2.2701177579477663,4.006602932632669
District012,1969,1,4.006602932632669,2.796822290347195,0.20741750573850798,10.472695159127017,2.236879821063745,4.006602932632669
District012,1970,1,4.006602932632669,2.796822290347195,0.20741750573850798,9.879765195882651,1.8645376906396485,4.006602932632669
District012,1971,1,4.006602932632669,2.796822290347195,0.20741750573850798,8.061522104172763,1.988164890396559,4.006602932632669
District012,1972,1,4.006602932632669,2.796822290347195,0.20741750573850798,10.632012903619014,2.5505818302243783,4.006602932632669
District012,1973,1,4.006602932632669,2.796822290347195,0.20741750573850798,10.689160740588974,2.8550181018371776,4.006602932632669
District012,1974,1,4.006602932632669,2.796822290347195,0.20741750573850798,9.08614884296924,2.1084966929830165,4.006602932632669
District012,1975,1,4.006602932632669,2.796822290347195,0.20741750573850798,9.911787199481086,2.0783307528765826,4.006602932632669
District013,1950,0,2.660994281820209,-0.8723612254462346,0.27414860654131823,4.973280457490465,1.946685739716334,0.0
District013,1951,0,2.660994281820209,-0.8723612254462346,0.27414860654131823,6.885495846138262,2.2408911940575353,0.0
District013,1952,0,2.660994281820209,-0.8723612254462346,0.27414860654131823,6.218833300343129,2.0804017297763044,0.0
District013,1953,0,2.660994281820209,-0.8723612254462346,0.27414860654131823,5.122445936312719,1.648024521166986,0.0
District013,1954,0,2.660994281820209,-0.8723612254462346,0.27414860654131823,5.167831895322937,2.482720009194425,0.0
District013,1955,0,2.660994281820209,-0.8723612254462346,0.27414860654131823,4.349459957828945,1.5665860521981858,0.0
District013,1956,0,2.660994281820209,-0.8723612254462346,0.27414860654131823,6.1411083163577995,2.338081139319505,0.0
District013,1957,0,2.660994281820209,-0.8723612254462346,0.27414860654131823,4.9969381358866425,1.9815684119910428,0.0
District013,1958,0,2.660994281820209,-0.8723612254462346,0.27414860654131823,4.792614871479756,1.6586139577459722,0.0
District013,1959,0,2.660994281820209,-0.8723612254462346,0.27414860654131823,7.202194437990729,1.4177147545852335,0.0
District013,1960,0,2.660994281820209,-0.8723612254462346,0.27414860654131823,5.891915642135715,2.368926611827834,0.0
District013,1961,0,2.660994281820209,-0.8723612254462346,0.27414860654131823,6.453148495452715,1.8128703410284273,0.0
District013,1962,1,2.660994281820209,-0.8723612254462346,0.27414860654131823,6.135653812024553,1.900978963230421,2.660994281820209
District013,1963,1,2.660994281820209,-0.8723612254462346,0.27414860654131823,7.153571063127089,1.921809093802861,2.660994281820209
District013,1964,1,2.660994281820209,-0.8723612254462346,0.27414860654131823,7.410793647080116,2.4357688126716286,2.660994281820209
District013,1965,1,2.660994281820209,-0.8723612254462346,0.27414860654131823,6.9577756192110005,1.791842725836953,2.660994281820209
District013,1966,1,2.660994281820209,-0.8723612254462346,0.27414860654131823,5.8494219555033995,1.3093083226207316,2.660994281820209
District013,1967,1,2.660994281820209,-0.8723612254462346,0.27414860654131823,6.333988693135985,1.7716832412276526,2.660994281820209
District013,1968,1,2.660994281820209,-0.8723612254462346,0.27414860654131823,5.2904841334103025,2.231910305918009,2.660994281820209
District013,1969,1,2.660994281820209,-0.8723612254462346,0.27414860654131823,7.866873314372555,1.9288036356029616,2.660994281820209
District013,1970,1,2.660994281820209,-0.8723612254462346,0.27414860654131823,7.904294680252538,1.3296482633298572,2.660994281820209
District013,1971,1,2.660994281820209,-0.8723612254462346,0.27414860654131823,6.591318979246326,1.8742504964246234,2.660994281820209
District013,1972,1,2.660994281820209,-0.8723612254462346,0.27414860654131823,6.424422263779603,2.3490480927480877,2.660994281820209
District013,1973,1,2.660994281820209,-0.8723612254462346,0.27414860654131823,5.51209164973047,1.7547469941135538,2.660994281820209
District013,1974,1,2.660994281820209,-0.8723612254462346,0.27414860654131823,6.937757456991649,2.7190445072872307,2.660994281820209
District013,1975,1,2.660994281820209,-0.8723612254462346,0.27414860654131823,5.558769030812095,1.0757816811211773,2.660994281820209
District014,1950,0,3.4593217588518974,0.2630294099183877,0.47032056116092946,6.924444858830492,1.7397955084992682,0.0
District014,1951,0,3.4593217588518974,0.2630294099183877,0.47032056116092946,5.609971221194682,1.549202744683379,0.0
District014,1952,0,3.4593217588518974,0.2630294099183877,0.47032056116092946,6.968152000241413,2.022423657204098,0.0
District014,1953,0,3.4593217588518974,0.2630294099183877,0.47032056116092946,5.626031768493117,2.7750933659755312,0.0
District014,1954,0,3.4593217588518974,0.2630294099183877,0.47032056116092946,4.4998673558523405,1.4853802189442677,0.0
District014,1955,0,3.4593217588518974,0.2630294099183877,0.47032056116092946,6.337882795524977,1.8572839247451727,0.0
District014,1956,0,3.4593217588518974,0.2630294099183877,0.47032056116092946,7.397150758233215,2.6226171234844062,0.0
District014,1957,0,3.4593217588518974,0.2630294099183877,0.47032056116092946,7.470026256861717,1.921042866169932,0.0
District014,1958,0,3.4593217588518974,0.2630294099183877,0.47032056116092946,6.778580320873802,1.6907298440197933,0.0
District014,1959,0,3.4593217588518974,0.2630294099183877,0.47032056116092946,5.7992464036041,1.8460738671314671,0.0
District014,1960,0,3.4593217588518974,0.2630294099183877,0.47032056116092946,6.992214703408429,1.87968096805088,0.0
District014,1961,0,3.4593217588518974,0.2630294099183877,0.47032056116092946,5.255695358677156,1.6574814798397444,0.0
District014,1962,1,3.4593217588518974,0.2630294099183877,0.47032056116092946,9.216764789149938,2.5678876455823536,3.4593217588518974
District014,1963,1,3.4593217588518974,0.2630294099183877,0.47032056116092946,7.0963998795887555,1.2355069210827,3.4593217588518974
District014,1964,1,3.4593217588518974,0.2630294099183877,0.47032056116092946,7.832170405670807,2.1030397965202123,3.4593217588518974
District014,1965,1,3.4593217588518974,0.2630294099183877,0.47032056116092946,8.285251090992208,2.532911267457949,3.4593217588518974
District014,1966,1,3.4593217588518974,0.2630294099183877,0.47032056116092946,6.138736038168561,1.6529546836381597,3.4593217588518974
District014,1967,1,3.4593217588518974,0.2630294099183877,0.47032056116092946,8.530251671043999,2.1947131668114257,3.4593217588518974
District014,1968,1,3.4593217588518974,0.2630294099183877,0.47032056116092946,8.463037679914272,2.0691185570305546,3.4593217588518974
District014,1969,1,3.4593217588518974,0.2630294099183877,0.47032056116092946,9.038134305968025,2.229692823337848,3.4593217588518974
District014,1970,1,3.4593217588518974,0.2630294099183877,0.47032056116092946,8.418829405922803,2.129759772889508,3.4593217588518974
District014,1971,1,3.4593217588518974,0.2630294099183877,0.47032056116092946,7.866979771930218,1.8544868836525197,3.4593217588518974
District014,1972,1,3.4593217588518974,0.2630294099183877,0.47032056116092946,8.039268060587007,1.6181801074942248,3.4593217588518974
District014,1973,1,3.4593217588518974,0.2630294099183877,0.47032056116092946,7.547972741485746,1.9113548924564456,3.4593217588518974
District014,1974,1,3.4593217588518974,0.2630294099183877,0.47032056116092946,7.255376481417009,1.7028559738777147,3.4593217588518974
District014,1975,1,3.4593217588518974,0.2630294099183877,0.47032056116092946,7.728230726134841,1.3190971530334537,3.4593217588518974
District015,1950,0,1.3067915340823382,-0.038470948838507,0.3100758943068537,4.620928491805068,2.0527594500198325,0.0
District015,1951,0,1.3067915340823382,-0.038470948838507,0.3100758943068537,4.100943403498167,1.952914252214726,0.0
District015,1952,0,1.3067915340823382,-0.038470948838507,0.3100758943068537,5.2221670225862065,1.7460036006851398,0.0
District015,1953,0,1.3067915340823382,-0.038470948838507,0.3100758943068537,6.553824749656769,1.2327712481002027,0.0
District015,1954,0,1.3067915340823382,-0.038470948838507,0.3100758943068537,5.930035115573757,1.193262590962798,0.0
District015,1955,0,1.3067915340823382,-0.038470948838507,0.3100758943068537,5.43182705288963,1.4542829708708847,0.0
District015,1956,0,1.3067915340823382,-0.038470948838507,0.3100758943068537,6.225878190027143,1.9653419780964048,0.0
District015,1957,0,1.3067915340823382,-0.038470948838507,0.3100758943068537,6.014257317508327,1.311202029536861,0.0
District015,1958,0,1.3067915340823382,-0.038470948838507,0.3100758943068537,5.473618240131391,1.7158141640336648,0.0
District015,1959,0,1.3067915340823382,-0.038470948838507,0.3100758943068537,6.541540119888382,1.7613997818644258,0.0
District015,1960,0,1.3067915340823382,-0.038470948838507,0.3100758943068537,5.60133762851199,1.8364920904121729,0.0
District015,1961,0,1.3067915340823382,-0.038470948838507,0.3100758943068537,5.143060321077744,0.9929956553820858,0.0
District015,1962,1,1.3067915340823382,-0.038470948838507,0.3100758943068537,7.493423792179206,1.9663715675645892,1.3067915340823382
District015,1963,1,1.3067915340823382,-0.038470948838507,0.3100758943068537,6.5515805421076,2.1958769951950137,1.3067915340823382
District015,1964,1,1.3067915340823382,-0.038470948838507,0.3100758943068537,6.495619347491993,1.926707630109564,1.3067915340823382
District015,1965,1,1.3067915340823382,-0.038470948838507,0.3100758943068537,7.922135713077109,2.564375691656931,1.3067915340823382
District015,1966,1,1.3067915340823382,-0.038470948838507,0.3100758943068537,7.9512278649952535,1.6885094518575352,1.3067915340823382
District015,1967,1,1.3067915340823382,-0.038470948838507,0.3100758943068537,5.7635514646913135,1.3123038434789356,1.3067915340823382
District015,1968,1,1.3067915340823382,-0.038470948838507,0.3100758943068537,6.764069053078615,2.330462733633258,1.3067915340823382
District015,1969,1,1.3067915340823382,-0.038470948838507,0.3100758943068537,7.338347679376146,2.548769140019763,1.3067915340823382
District015,1970,1,1.3067915340823382,-0.038470948838507,0.3100758943068537,6.949091136701851,1.619088893014054,1.3067915340823382
District015,1971,1,1.3067915340823382,-0.038470948838507,0.3100758943068537,7.075148043838058,1.9812820801008884,1.3067915340823382
District015,1972,1,1.3067915340823382,-0.038470948838507,0.3100758943068537,6.49290459623262,2.5799486926812283,1.3067915340823382
District015,1973,1,1.3067915340823382,-0.038470948838507,0.3100758943068537,5.62033674857003,1.7211082587633357,1.3067915340823382
District015,1974,1,1.3067915340823382,-0.038470948838507,0.3100758943068537,6.832390622771057,1.7529119307683039,1.3067915340823382
District015,1975,1,1.3067915340823382,-0.038470948838507,0.3100758943068537,6.937948389455165,2.0577458802290347,1.3067915340823382
District016,1950,0,2.506482200008635,-0.9869941689497065,0.19246744065143184,6.945182611589309,1.8344985622869985,0.0
District016,1951,0,2.506482200008635,-0.9869941689497065,0.19246744065143184,4.948656520855034,2.467031882927021,0.0
District016,1952,0,2.506482200008635,-0.9869941689497065,0.19246744065143184,6.5727574411128264,1.090604733142743,0.0
District016,1953,0,2.506482200008635,-0.9869941689497065,0.19246744065143184,4.1828455082930125,1.565829304079021,0.0
District016,1954,0,2.506482200008635,-0.9869941689497065,0.19246744065143184,4.169525430192547,1.5635020792687608,0.0
District016,1955,0,2.506482200008635,-0.9869941689497065,0.19246744065143184,5.898829470850059,1.6912164453786191,0.0
District016,1956,0,2.506482200008635,-0.9869941689497065,0.19246744065143184,6.041153474066953,1.2281490365101118,0.0
District016,1957,0,2.506482200008635,-0.9869941689497065,0.19246744065143184,3.185245105772983,1.5065789929889024,0.0
District016,1958,0,2.506482200008635,-0.9869941689497065,0.19246744065143184,5.728008100647818,1.6952410931519895,0.0
District016,1959,0,2.506482200008635,-0.9869941689497065,0.19246744065143184,5.465630730103848,1.5889156178794677,0.0
District016,1960,0,2.506482200008635,-0.9869941689497065,0.19246744065143184,6.595812952839053,1.4042776259157828,0.0
District016,1961,0,2.506482200008635,-0.9869941689497065,0.19246744065143184,5.722166606179449,1.8739091229686193,0.0
District016,1962,1,2.506482200008635,-0.9869941689497065,0.19246744065143184,6.868167029431157,2.378297643547518,2.506482200008635
District016,1963,1,2.506482200008635,-0.9869941689497065,0.19246744065143184,6.526709571689763,2.645868836247036,2.506482200008635
District016,1964,1,2.506482200008635,-0.9869941689497065,0.19246744065143184,6.199174847773667,1.6196691741033193,2.506482200008635
District016,1965,1,2.506482200008635,-0.9869941689497065,0.19246744065143184,6.531554331524271,2.6191289704947787,2.506482200008635
District016,1966,1,2.506482200008635,-0.9869941689497065,0.19246744065143184,6.603520765348872,2.1839263817288064,2.506482200008635
District016,1967,1,2.506482200008635,-0.9869941689497065,0.19246744065143184,6.502998816311719,1.8653598695961464,2.506482200008635
District016,1968,1,2.506482200008635,-0.9869941689497065,0.19246744065143184,6.527884207089131,2.2191852027209023,2.506482200008635
District016,1969,1,2.506482200008635,-0.9869941689497065,0.19246744065143184,6.939283860580866,1.9723909135317035,2.506482200008635
District016,1970,1,2.506482200008635,-0.9869941689497065,0.19246744065143184,5.780257517868361,2.0120748659223358,2.506482200008635
District016,1971,1,2.506482200008635,-0.9869941689497065,0.19246744065143184,6.783502733593312,1.5202561604965776,2.506482200008635
District016,1972,1,2.506482200008635,-0.9869941689497065,0.19246744065143184,7.456301608673515,1.712624263991523,2.506482200008635
District016,1973,1,2.506482200008635,-0.9869941689497065,0.19246744065143184,5.272041038329615,1.8555252082672298,2.506482200008635
District016,1974,1,2.506482200008635,-0.9869941689497065,0.19246744065143184,7.4686302881719255,2.1849068408491354,2.506482200008635
District016,1975,1,2.506482200008635,-0.9869941689497065,0.19246744065143184,5.5995199947025,2.0524500483221777,2.506482200008635
District017,1950,0,3.357661356106731,1.5260185246077422,0.3734135755983651,6.743778214860327,1.9586003001239198,0.0
District017,1951,0,3.357661356106731,1.5260185246077422,0.3734135755983651,8.279363246993581,1.8936037642871326,0.0
District017,1952,0,3.357661356106731,1.5260185246077422,0.3734135755983651,7.873836821590174,1.9105812555675827,0.0
District017,1953,0,3.357661356106731,1.5260185246077422,0.3734135755983651,6.736802198041823,1.6989371842069978,0.0
District017,1954,0,3.357661356106731,1.5260185246077422,0.3734135755983651,4.734850861459588,1.7802026446804584,0.0
District017,1955,0,3.357661356106731,1.5260185246077422,0.3734135755983651,7.361921315472118,2.6232073551725863,0.0
District017,1956,0,3.357661356106731,1.5260185246077422,0.3734135755983651,5.609779720510577,1.8779627259295757,0.0
District017,1957,0,3.357661356106731,1.5260185246077422,0.3734135755983651,6.984383418596543,1.6874646984309056,0.0
District017,1958,0,3.357661356106731,1.5260185246077422,0.3734135755983651,7.2237610233560945,1.7089673491307502,0.0
District017,1959,0,3.357661356106731,1.5260185246077422,0.3734135755983651,5.063132159586488,2.2358460221169008,0.0
District017,1960,0,3.357661356106731,1.5260185246077422,0.3734135755983651,7.4614037078872615,2.343570226959164,0.0
District017,1961,0,3.357661356106731,1.5260185246077422,0.3734135755983651,7.982530336413391,1.8535420570729453,0.0
District017,1962,1,3.357661356106731,1.5260185246077422,0.3734135755983651,7.761361740410777,1.7610368157572527,3.357661356106731
District017,1963,1,3.357661356106731,1.5260185246077422,0.3734135755983651,8.37015391243986,1.8020465208678564,3.357661356106731
District017,1964,1,3.357661356106731,1.5260185246077422,0.3734135755983651,9.869765723732549,2.876804604744407,3.357661356106731
District017,1965,1,3.357661356106731,1.5260185246077422,0.3734135755983651,8.88019763084645,2.3932606651895014,3.357661356106731
District017,1966,1,3.357661356106731,1.5260185246077422,0.3734135755983651,8.9299244239192,2.416826007169316,3.357661356106731
District017,1967,1,3.357661356106731,1.5260185246077422,0.3734135755983651,8.317381635380867,2.3021094799920854,3.357661356106731
District017,1968,1,3.357661356106731,1.5260185246077422,0.3734135755983651,7.835151995041371,1.573847740804671,3.357661356106731
District017,1969,1,3.357661356106731,1.5260185246077422,0.3734135755983651,8.190670279851481,2.313728991303576,3.357661356106731
District017,1970,1,3.357661356106731,1.5260185246077422,0.3734135755983651,9.550373834630504,2.2084404835884013,3.357661356106731
District017,1971,1,3.357661356106731,1.5260185246077422,0.3734135755983651,8.760703881425691,2.346924541424569,3.357661356106731
District017,1972,1,3.357661356106731,1.5260185246077422,0.3734135755983651,9.42963993792313,2.295665433750603,3.357661356106731
District017,1973,1,3.357661356106731,1.5260185246077422,0.3734135755983651,9.894649625736385,2.3845550315868986,3.357661356106731
District017,1974,1,3.357661356106731,1.5260185246077422,0.3734135755983651,8.660942372466577,2.486221423986481,3.357661356106731
District017,1975,1,3.357661356106731,1.5260185246077422,0.3734135755983651,7.799353032582152,1.9529789629002927,3.357661356106731
District018,1950,0,3.92800121728317,0.32609401923116427,0.5521777083601025,6.089362319821388,1.513675055965569,0.0
District018,1951,0,3.92800121728317,0.32609401923116427,0.5521777083601025,5.489800621023611,1.1052491637118511,0.0
District018,1952,0,3.92800121728317,0.32609401923116427,0.5521777083601025,6.139698440836429,1.6565457610843894,0.0
District018,1953,0,3.92800121728317,0.32609401923116427,0.5521777083601025,6.0183495331238275,2.399590166021509,0.0
District018,1954,0,3.92800121728317,0.32609401923116427,0.5521777083601025,6.413452159784342,2.5122608730086555,0.0
District018,1955,0,3.92800121728317,0.32609401923116427,0.5521777083601025,6.846841885371765,1.8065651554208748,0.0
District018,1956,0,3.92800121728317,0.32609401923116427,0.5521777083601025,6.211071530202588,1.6101253482155693,0.0
District018,1957,0,3.92800121728317,0.32609401923116427,0.5521777083601025,6.417611934625509,2.3163940830334435,0.0
District018,1958,0,3.92800121728317,0.32609401923116427,0.5521777083601025,6.4403001462797995,1.8145724294656962,0.0
District018,1959,0,3.92800121728317,0.32609401923116427,0.5521777083601025,5.518117371073207,1.4275689036633765,0.0
District018,1960,0,3.92800121728317,0.32609401923116427,0.5521777083601025,6.403418471260752,2.164879728673835,0.0
District018,1961,0,3.92800121728317,0.32609401923116427,0.5521777083601025,6.619789271015907,1.9901504002870454,0.0
District018,1962,1,3.92800121728317,0.32609401923116427,0.5521777083601025,8.131751527211977,2.201907345488967,3.92800121728317
District018,1963,1,3.92800121728317,0.32609401923116427,0.5521777083601025,7.177563664145874,2.2135995150448773,3.92800121728317
District018,1964,1,3.92800121728317,0.32609401923116427,0.5521777083601025,8.50077787626084,2.00903309386977,3.92800121728317
District018,1965,1,3.92800121728317,0.32609401923116427,0.5521777083601025,8.680946743975865,2.5778220199448225,3.92800121728317
District018,1966,1,3.92800121728317,0.32609401923116427,0.5521777083601025,8.003453875293697,1.604531382287509,3.92800121728317
District018,1967,1,3.92800121728317,0.32609401923116427,0.5521777083601025,8.419228450439357,1.782420998401086,3.92800121728317
District018,1968,1,3.92800121728317,0.32609401923116427,0.5521777083601025,8.6978490524225,2.183166140723719,3.92800121728317
District018,1969,1,3.92800121728317,0.32609401923116427,0.5521777083601025,7.419602676009939,2.0591547695753447,3.92800121728317
District018,1970,1,3.92800121728317,0.32609401923116427,0.5521777083601025,8.726991937948386,1.7179334682014944,3.92800121728317
District018,1971,1,3.92800121728317,0.32609401923116427,0.5521777083601025,8.78026014531255,1.9502005374953746,3.92800121728317
District018,1972,1,3.92800121728317,0.32609401923116427,0.5521777083601025,7.762790616870322,2.800062380703894,3.92800121728317
District018,1973,1,3.92800121728317,0.32609401923116427,0.5521777083601025,7.963076551662249,2.122027929511717,3.92800121728317
District018,1974,1,3.92800121728317,0.32609401923116427,0.5521777083601025,7.5570270960094446,1.8604837024424261,3.92800121728317
District018,1975,1,3.92800121728317,0.32609401923116427,0.5521777083601025,6.67509605965812,2.0446896608828546,3.92800121728317
District019,1950,0,1.1986300916516006,-0.5864466878330229,0.3268703544239817,5.541609765414684,2.135655246585719,0.0
District019,1951,0,1.1986300916516006,-0.5864466878330229,0.3268703544239817,6.7882041361804095,1.5487399120007685,0.0
District019,1952,0,1.1986300916516006,-0.5864466878330229,0.3268703544239817,5.37772825932744,1.745212935177283,0.0
District019,1953,0,1.1986300916516006,-0.5864466878330229,0.3268703544239817,4.412793512259251,1.6282454905199235,0.0
District019,1954,0,1.1986300916516006,-0.5864466878330229,0.3268703544239817,6.487063463533552,2.368088694331311,0.0
District019,1955,0,1.1986300916516006,-0.5864466878330229,0.3268703544239817,4.109807612864581,1.2566748812591018,0.0
District019,1956,0,1.1986300916516006,-0.5864466878330229,0.3268703544239817,4.538440378589735,2.0359519911659327,0.0
District019,1957,0,1.1986300916516006,-0.5864466878330229,0.3268703544239817,6.1806790590709415,1.778698628442319,0.0
District019,1958,0,1.1986300916516006,-0.5864466878330229,0.3268703544239817,4.970237851786193,1.4752567581913132,0.0
District019,1959,0,1.1986300916516006,-0.5864466878330229,0.3268703544239817,5.852425393311124,1.7699203664961398,0.0
District019,1960,0,1.1986300916516006,-0.5864466878330229,0.3268703544239817,4.0260940764775395,1.6177267627983218,0.0
District019,1961,0,1.1986300916516006,-0.5864466878330229,0.3268703544239817,6.641209829456348,2.0144426889206253,0.0
District019,1962,1,1.1986300916516006,-0.5864466878330229,0.3268703544239817,6.719383689000312,1.7375884073354275,1.1986300916516006
District019,1963,1,1.1986300916516006,-0.5864466878330229,0.3268703544239817,5.809907410340757,1.176818119961737,1.1986300916516006
District019,1964,1,1.1986300916516006,-0.5864466878330229,0.3268703544239817,5.056134484574812,1.3646824060227518,1.1986300916516006
District019,1965,1,1.1986300916516006,-0.5864466878330229,0.3268703544239817,5.56727834420659,1.7600434606064477,1.1986300916516006
District019,1966,1,1.1986300916516006,-0.5864466878330229,0.3268703544239817,5.120275750602458,1.667139390555005,1.1986300916516006
District019,1967,1,1.1986300916516006,-0.5864466878330229,0.3268703544239817,6.779879797246341,1.0821398121328765,1.1986300916516006
District019,1968,1,1.1986300916516006,-0.5864466878330229,0.3268703544239817,6.001718905743284,1.4053566815744654,1.1986300916516006
District019,1969,1,1.1986300916516006,-0.5864466878330229,0.3268703544239817,5.572017433882513,1.8719373562855859,1.1986300916516006
District019,1970,1,1.1986300916516006,-0.5864466878330229,0.3268703544239817,5.298456735426958,2.5184620958311577,1.1986300916516006
District019,1971,1,1.1986300916516006,-0.5864466878330229,0.3268703544239817,6.411814303066729,1.4554813325830989,1.1986300916516006
District019,1972,1,1.1986300916516006,-0.5864466878330229,0.3268703544239817,6.8389702811842525,2.0220498897042405,1.1986300916516006
District019,1973,1,1.1986300916516006,-0.5864466878330229,0.3268703544239817,5.868721751774637,1.8342775791899835,1.1986300916516006
District019,1974,1,1.1986300916516006,-0.5864466878330229,0.3268703544239817,6.274539390971572,1.7184090408030797,1.1986300916516006
District019,1975,1,1.1986300916516006,-0.5864466878330229,0.3268703544239817,5.668603127566583,1.6944465199039047,1.1986300916516006
District020,1950,0,2.036580915648418,0.5613956723404445,0.15068163545211544,7.42915975468523,1.9013273908273443,0.0
District020,1951,0,2.036580915648418,0.5613956723404445,0.15068163545211544,6.310440778002605,2.08189841272616,0.0
District020,1952,0,2.036580915648418,0.5613956723404445,0.15068163545211544,6.359123031186583,1.5215500555214598,0.0
District020,1953,0,2.036580915648418,0.5613956723404445,0.15068163545211544,6.071521326317175,1.7826253110242158,0.0
District020,1954,0,2.036580915648418,0.5613956723404445,0.15068163545211544,4.555058026314315,1.948945215509935,0.0
District020,1955,0,2.036580915648418,0.5613956723404445,0.15068163545211544,6.530520253994128,1.8819749768598346,0.0
District020,1956,0,2.036580915648418,0.5613956723404445,0.15068163545211544,5.6544201356975075,1.768742463200022,0.0
District020,1957,0,2.036580915648418,0.5613956723404445,0.15068163545211544,5.829978817314391,1.6244910893466977,0.0
District020,1958,0,2.036580915648418,0.5613956723404445,0.15068163545211544,7.445304164035997,1.9391381509208827,0.0
District020,1959,0,2.036580915648418,0.5613956723404445,0.15068163545211544,5.645270091627713,1.6198099677889888,0.0
District020,1960,0,2.036580915648418,0.5613956723404445,0.15068163545211544,4.5064024338614495,2.582022690055143,0.0
District020,1961,0,2.036580915648418,0.5613956723404445,0.15068163545211544,7.616125658422269,1.4292203063661366,0.0
District020,1962,1,2.036580915648418,0.5613956723404445,0.15068163545211544,8.718502185408445,1.9823063844359496,2.036580915648418
District020,1963,1,2.036580915648418,0.5613956723404445,0.15068163545211544,7.11005277944107,1.7249307485397973,2.036580915648418
District020,1964,1,2.036580915648418,0.5613956723404445,0.15068163545211544,5.474055669567707,1.846706154084013,2.036580915648418
District020,1965,1,2.036580915648418,0.5613956723404445,0.15068163545211544,5.871862462952725,2.109293947452383,2.036580915648418
District020,1966,1,2.036580915648418,0.5613956723404445,0.15068163545211544,8.122044104231982,1.966784238546735,2.036580915648418
District020,1967,1,2.036580915648418,0.5613956723404445,0.15068163545211544,7.5487303928930425,1.4549238806043414,2.036580915648418
District020,1968,1,2.036580915648418,0.5613956723404445,0.15068163545211544,8.864911618419788,2.200793391332317,2.036580915648418
District020,1969,1,2.036580915648418,0.5613956723404445,0.15068163545211544,6.0373287306974035,2.135155125317926,2.036580915648418
District020,1970,1,2.036580915648418,0.5613956723404445,0.15068163545211544,7.7697217849745535,1.8734515176109168,2.036580915648418
District020,1971,1,2.036580915648418,0.5613956723404445,0.15068163545211544,7.15163807605394,2.4264491084371462,2.036580915648418
District020,1972,1,2.036580915648418,0.5613956723404445,0.15068163545211544,6.906541217464095,2.394018504791582,2.036580915648418
District020,1973,1,2.036580915648418,0.5613956723404445,0.15068163545211544,7.448014555752917,2.287865433069739,2.036580915648418
District020,1974,1,2.036580915648418,0.5613956723404445,0.15068163545211544,7.224791400039505,2.4317838982843005,2.036580915648418
District020,1975,1,2.036580915648418,0.5613956723404445,0.15068163545211544,7.276750007601128,1.4863294225714394,2.036580915648418
District021,1950,0,2.0883102000968083,-0.9311530928628944,0.2978062034610193,4.66109100834455,1.682888112858821,0.0
District021,1951,0,2.0883102000968083,-0.9311530928628944,0.2978062034610193,6.818695889340614,1.55827785638546,0.0
District021,1952,0,2.0883102000968083,-0.9311530928628944,0.2978062034610193,4.450497954285705,1.8445806061209342,0.0
District021,1953,0,2.0883102000968083,-0.9311530928628944,0.2978062034610193,4.89350217944834,1.1412640013593383,0.0
District021,1954,0,2.0883102000968083,-0.9311530928628944,0.2978062034610193,5.978012131249542,2.652642640525179,0.0
District021,1955,0,2.0883102000968083,-0.9311530928628944,0.2978062034610193,5.450366261225436,1.6356006547777018,0.0
District021,1956,0,2.0883102000968083,-0.9311530928628944,0.2978062034610193,8.066095630857147,1.547972063110344,0.0
District021,1957,0,2.0883102000968083,-0.9311530928628944,0.2978062034610193,5.6560894779306246,1.9757430535089728,0.0
District021,1958,0,2.0883102000968083,-0.9311530928628944,0.2978062034610193,4.919253916114341,1.8471509823991155,0.0
District021,1959,0,2.0883102000968083,-0.9311530928628944,0.2978062034610193,6.048905065145262,1.5082781680244295,0.0
District021,1960,0,2.0883102000968083,-0.9311530928628944,0.2978062034610193,4.255806310735732,1.4267276093346373,0.0
District021,1961,0,2.0883102000968083,-0.9311530928628944,0.2978062034610193,5.855070534244587,1.5368522157994453,0.0
District021,1962,1,2.0883102000968083,-0.9311530928628944,0.2978062034610193,5.865419639795816,1.5383988733252536,2.0883102000968083
District021,1963,1,2.0883102000968083,-0.9311530928628944,0.2978062034610193,6.299627081101682,1.8028405309630902,2.0883102000968083
District021,1964,1,2.0883102000968083,-0.9311530928628944,0.2978062034610193,6.486114803047085,1.8445412165197368,2.0883102000968083
District021,1965,1,2.0883102000968083,-0.9311530928628944,0.2978062034610193,6.510937074632991,1.4006370662115375,2.0883102000968083
District021,1966,1,2.0883102000968083,-0.9311530928628944,0.2978062034610193,5.300518347999475,2.0095330619527982,2.0883102000968083
District021,1967,1,2.0883102000968083,-0.9311530928628944,0.2978062034610193,7.994374567051895,1.5584721188687407,2.0883102000968083
District021,1968,1,2.0883102000968083,-0.9311530928628944,0.2978062034610193,6.580540290127189,1.5962717154949502,2.0883102000968083
District021,1969,1,2.0883102000968083,-0.9311530928628944,0.2978062034610193,7.246166081124877,2.1879539375645716,2.0883102000968083
District021,1970,1,2.0883102000968083,-0.9311530928628944,0.2978062034610193,5.4865118898069065,1.9399661052018304,2.0883102000968083
District021,1971,1,2.0883102000968083,-0.9311530928628944,0.2978062034610193,8.354820135922216,1.9060521529089378,2.0883102000968083
District021,1972,1,2.0883102000968083,-0.9311530928628944,0.2978062034610193,6.76097128399323,2.109476236016777,2.0883102000968083
District021,1973,1,2.0883102000968083,-0.9311530928628944,0.2978062034610193,6.395025264275176,2.01569891834601,2.0883102000968083
District021,1974,1,2.0883102000968083,-0.9311530928628944,0.2978062034610193,8.11793348996314,1.9847004286586767,2.0883102000968083
District021,1975,1,2.0883102000968083,-0.9311530928628944,0.2978062034610193,5.893855132882727,2.115829657377265,2.0883102000968083
District022,1950,0,3.528830887980302,0.7670399872452812,0.279973680477317,6.313171101730987,2.1685646883887495,0.0
District022,1951,0,3.528830887980302,0.7670399872452812,0.279973680477317,6.71580869101758,2.6370345621307316,0.0
District022,1952,0,3.528830887980302,0.7670399872452812,0.279973680477317,4.622466543711542,1.7703452598969256,0.0
District022,1953,0,3.528830887980302,0.7670399872452812,0.279973680477317,5.768904422552399,2.4910423687286745,0.0
District022,1954,0,3.528830887980302,0.7670399872452812,0.279973680477317,7.782355963553304,2.1550502072294107,0.0
District022,1955,0,3.528830887980302,0.7670399872452812,0.279973680477317,7.26375202967427,2.0897104188012263,0.0
District022,1956,0,3.528830887980302,0.7670399872452812,0.279973680477317,7.303511039425421,2.3687919824013224,0.0
District022,1957,0,3.528830887980302,0.7670399872452812,0.279973680477317,6.859623220215471,2.1805774040828076,0.0
District022,1958,0,3.528830887980302,0.7670399872452812,0.279973680477317,7.650222995381883,2.3261034075843825,0.0
District022,1959,0,3.528830887980302,0.7670399872452812,0.279973680477317,5.549474617997662,1.6722357097601368,0.0
District022,1960,0,3.528830887980302,0.7670399872452812,0.279973680477317,5.557037287123413,1.8268770273818948,0.0
District022,1961,0,3.528830887980302,0.7670399872452812,0.279973680477317,8.060230915998686,1.791846765099156,0.0
District022,1962,1,3.528830887980302,0.7670399872452812,0.279973680477317,7.888034838926695,1.9659079842999445,3.528830887980302
District022,1963,1,3.528830887980302,0.7670399872452812,0.279973680477317,7.8610837973085745,2.483965040067668,3.528830887980302
District022,1964,1,3.528830887980302,0.7670399872452812,0.279973680477317,8.490806389178458,2.493375465431118,3.528830887980302
District022,1965,1,3.528830887980302,0.7670399872452812,0.279973680477317,7.430433002100693,1.8369823391764513,3.528830887980302
District022,1966,1,3.528830887980302,0.7670399872452812,0.279973680477317,8.112537264050095,2.2215429186539146,3.528830887980302
District022,1967,1,3.528830887980302,0.7670399872452812,0.279973680477317,9.39396553597845,2.7640335912844614,3.528830887980302
District022,1968,1,3.528830887980302,0.7670399872452812,0.279973680477317,7.239469497934023,2.7124977036002953,3.528830887980302
District022,1969,1,3.528830887980302,0.7670399872452812,0.279973680477317,7.627353768125603,1.7551908332149164,3.528830887980302
District022,1970,1,3.528830887980302,0.7670399872452812,0.279973680477317,8.653722313237786,2.0988499380893497,3.528830887980302
District022,1971,1,3.528830887980302,0.7670399872452812,0.279973680477317,8.684098868848489,1.7210124597871124,3.528830887980302
District022,1972,1,3.528830887980302,0.7670399872452812,0.279973680477317,7.776379889893268,1.8719354534710244,3.528830887980302
District022,1973,1,3.528830887980302,0.7670399872452812,0.279973680477317,9.814882460813628,2.2293653913115383,3.528830887980302
District022,1974,1,3.528830887980302,0.7670399872452812,0.279973680477317,9.984150104759632,2.126107693809514,3.528830887980302
District022,1975,1,3.528830887980302,0.7670399872452812,0.279973680477317,8.520217088190789,2.155155520608936,3.528830887980302
District023,1950,0,2.0242932496037582,1.4346192546785352,0.28342301523019614,7.640533757085045,1.728316218626441,0.0
District023,1951,0,2.0242932496037582,1.4346192546785352,0.28342301523019614,5.721731028099209,1.3740633775827917,0.0
District023,1952,0,2.0242932496037582,1.4346192546785352,0.28342301523019614,7.37917833141012,2.1807363045574113,0.0
District023,1953,0,2.0242932496037582,1.4346192546785352,0.28342301523019614,8.024641017701612,2.2744733877220704,0.0
District023,1954,0,2.0242932496037582,1.4346192546785352,0.28342301523019614,6.179044387753401,2.020603492054644,0.0
District023,1955,0,2.0242932496037582,1.4346192546785352,0.28342301523019614,6.611882872326032,1.810022290681341,0.0
District023,1956,0,2.0242932496037582,1.4346192546785352,0.28342301523019614,7.826498107250983,2.0829384488616522,0.0
District023,1957,0,2.0242932496037582,1.4346192546785352,0.28342301523019614,7.80774331850081,2.095027853252424,0.0
District023,1958,0,2.0242932496037582,1.4346192546785352,0.28342301523019614,7.738230013321957,1.8050364957190803,0.0
District023,1959,0,2.0242932496037582,1.4346192546785352,0.28342301523019614,7.462807452668381,1.7411664434673935,0.0
District023,1960,0,2.0242932496037582,1.4346192546785352,0.28342301523019614,7.063420668944737,1.8485410323815776,0.0
District023,1961,0,2.0242932496037582,1.4346192546785352,0.28342301523019614,6.122638479581606,1.9119903447785755,0.0
District023,1962,1,2.0242932496037582,1.4346192546785352,0.28342301523019614,8.131905652943074,2.4422558056628265,2.0242932496037582
District023,1963,1,2.0242932496037582,1.4346192546785352,0.28342301523019614,8.394433414309782,1.40214141194785,2.0242932496037582
District023,1964,1,2.0242932496037582,1.4346192546785352,0.28342301523019614,6.77170771835914,2.413035437657188,2.0242932496037582
District023,1965,1,2.0242932496037582,1.4346192546785352,0.28342301523019614,7.06227427290931,2.4959927166974363,2.0242932496037582
District023,1966,1,2.0242932496037582,1.4346192546785352,0.28342301523019614,7.9005625437949245,2.030239036521988,2.0242932496037582
District023,1967,1,2.0242932496037582,1.4346192546785352,0.28342301523019614,9.90249785949273,2.1649091358701362,2.0242932496037582
District023,1968,1,2.0242932496037582,1.4346192546785352,0.28342301523019614,6.408881742773994,2.104292048721636,2.0242932496037582
District023,1969,1,2.0242932496037582,1.4346192546785352,0.28342301523019614,8.932879588893785,1.6989688078285763,2.0242932496037582
District023,1970,1,2.0242932496037582,1.4346192546785352,0.28342301523019614,8.61636267460813,2.1033401452548413,2.0242932496037582
District023,1971,1,2.0242932496037582,1.4346192546785352,0.28342301523019614,8.218678425293612,1.996632749684284,2.0242932496037582
District023,1972,1,2.0242932496037582,1.4346192546785352,0.28342301523019614,8.100758294608118,2.160912572133159,2.0242932496037582
District023,1973,1,2.0242932496037582,1.4346192546785352,0.28342301523019614,6.552908792664994,1.853800840455949,2.0242932496037582
District023,1974,1,2.0242932496037582,1.4346192546785352,0.28342301523019614,7.6387524291081235,2.5577599353420584,2.0242932496037582
District023,1975,1,2.0242932496037582,1.4346192546785352,0.28342301523019614,7.075476683963818,1.940590223934384,2.0242932496037582
District024,1950,0,1.2853617157275383,-0.8856578102042126,0.2709335237254114,5.076639581708822,2.011784486517745,0.0
District024,1951,0,1.2853617157275383,-0.8856578102042126,0.2709335237254114,5.183849795473014,1.4087415651177675,0.0
District024,1952,0,1.2853617157275383,-0.8856578102042126,0.2709335237254114,8.159652704739122,1.7707241672044065,0.0
District024,1953,0,1.2853617157275383,-0.8856578102042126,0.2709335237254114,3.7552489098364985,1.3495546996081544,0.0
District024,1954,0,1.2853617157275383,-0.8856578102042126,0.2709335237254114,5.176505822040852,1.2033737831918097,0.0
District024,1955,0,1.2853617157275383,-0.8856578102042126,0.2709335237254114,5.46049613182548,1.832279461723129,0.0
District024,1956,0,1.2853617157275383,-0.8856578102042126,0.2709335237254114,4.520285960314384,1.0470022030074129,0.0
District024,1957,0,1.2853617157275383,-0.8856578102042126,0.2709335237254114,3.551185505010875,1.667435880340716,0.0
District024,1958,0,1.2853617157275383,-0.8856578102042126,0.2709335237254114,6.320727112209865,1.7922103222161163,0.0
District024,1959,0,1.2853617157275383,-0.8856578102042126,0.2709335237254114,7.262500178850516,1.6839184224567538,0.0
District024,1960,0,1.2853617157275383,-0.8856578102042126,0.2709335237254114,4.545583601252538,2.096775663829954,0.0
District024,1961,0,1.2853617157275383,-0.8856578102042126,0.2709335237254114,4.947532970631712,1.5230530471214572,0.0
District024,1962,1,1.2853617157275383,-0.8856578102042126,0.2709335237254114,7.246118148890847,1.719818866777463,1.2853617157275383
District024,1963,1,1.2853617157275383,-0.8856578102042126,0.2709335237254114,6.361533320088609,1.416918543580699,1.2853617157275383
District024,1964,1,1.2853617157275383,-0.8856578102042126,0.2709335237254114,6.557029639950062,1.5971076244040212,1.2853617157275383
District024,1965,1,1.2853617157275383,-0.8856578102042126,0.2709335237254114,7.528950527491913,1.7814767990077005,1.2853617157275383
District024,1966,1,1.2853617157275383,-0.8856578102042126,0.2709335237254114,8.587516007023272,2.1020678851168277,1.2853617157275383
District024,1967,1,1.2853617157275383,-0.8856578102042126,0.2709335237254114,5.8549623705694405,1.7525128890142723,1.2853617157275383
District024,1968,1,1.2853617157275383,-0.8856578102042126,0.2709335237254114,7.099378348087755,1.7964706101005845,1.2853617157275383
District024,1969,1,1.2853617157275383,-0.8856578102042126,0.2709335237254114,4.823823320592018,1.5028685197430574,1.2853617157275383
District024,1970,1,1.2853617157275383,-0.8856578102042126,0.2709335237254114,5.334557113765223,1.7219802801706843,1.2853617157275383
District024,1971,1,1.2853617157275383,-0.8856578102042126,0.2709335237254114,5.295051448215722,1.623162102358295,1.2853617157275383
District024,1972,1,1.2853617157275383,-0.8856578102042126,0.2709335237254114,5.892111524536357,2.3747607165209756,1.2853617157275383
District024,1973,1,1.2853617157275383,-0.8856578102042126,0.2709335237254114,4.113753288953526,1.3529281054199251,1.2853617157275383
District024,1974,1,1.2853617157275383,-0.8856578102042126,0.2709335237254114,5.139953842173921,1.713198084012713,1.2853617157275383
District024,1975,1,1.2853617157275383,-0.8856578102042126,0.2709335237254114,6.289214954538332,2.3374722038190976,1.2853617157275383
District025,1950,0,3.6455215668412464,-1.0816630331083903,0.23476416435856973,4.457826717120245,1.7238633340415292,0.0
District025,1951,0,3.6455215668412464,-1.0816630331083903,0.23476416435856973,4.356949006730058,1.9336495096231474,0.0
District025,1952,0,3.6455215668412464,-1.0816630331083903,0.23476416435856973,5.002684575631906,1.7044410468888875,0.0
District025,1953,0,3.6455215668412464,-1.0816630331083903,0.23476416435856973,6.061312636379263,1.7066840854408345,0.0
District025,1954,0,3.6455215668412464,-1.0816630331083903,0.23476416435856973,7.402402323763091,2.3199536822874824,0.0
District025,1955,0,3.6455215668412464,-1.0816630331083903,0.23476416435856973,4.284699564904223,1.3339431069721455,0.0
District025,1956,0,3.6455215668412464,-1.0816630331083903,0.23476416435856973,3.601360612196034,1.8340431018857744,0.0
District025,1957,0,3.6455215668412464,-1.0816630331083903,0.23476416435856973,4.997000705547622,1.2295563557055647,0.0
District025,1958,0,3.6455215668412464,-1.0816630331083903,0.23476416435856973,4.848526593863587,2.1002236537515135,0.0
District025,1959,0,3.6455215668412464,-1.0816630331083903,0.23476416435856973,4.45204897051282,1.714910448959321,0.0
District025,1960,0,3.6455215668412464,-1.0816630331083903,0.23476416435856973,5.62367381559503,0.5876195410350942,0.0
District025,1961,0,3.6455215668412464,-1.0816630331083903,0.23476416435856973,5.705909955316119,1.3896913401331097,0.0
District025,1962,1,3.6455215668412464,-1.0816630331083903,0.23476416435856973,7.27810562595305,2.404016239479149,3.6455215668412464
District025,1963,1,3.6455215668412464,-1.0816630331083903,0.23476416435856973,8.324465097307597,1.7191554337544876,3.6455215668412464
District025,1964,1,3.6455215668412464,-1.0816630331083903,0.23476416435856973,6.630631861061783,1.6312652949338406,3.6455215668412464
District025,1965,1,3.6455215668412464,-1.0816630331083903,0.23476416435856973,8.807075807016686,2.0713673237326584,3.6455215668412464
District025,1966,1,3.6455215668412464,-1.0816630331083903,0.23476416435856973,7.612525197208215,2.1549329218912643,3.6455215668412464
District025,1967,1,3.6455215668412464,-1.0816630331083903,0.23476416435856973,7.470958510217425,1.435851470358355,3.6455215668412464
District025,1968,1,3.6455215668412464,-1.0816630331083903,0.23476416435856973,8.283568061737522,2.1506528667879734,3.6455215668412464
District025,1969,1,3.6455215668412464,-1.0816630331083903,0.23476416435856973,6.841510990408536,1.6265601984515923,3.6455215668412464
District025,1970,1,3.6455215668412464,-1.0816630331083903,0.23476416435856973,7.267645082239859,2.171825465983903,3.6455215668412464
District025,1971,1,3.6455215668412464,-1.0816630331083903,0.23476416435856973,7.26985425025806,2.14027244263693,3.6455215668412464
District025,1972,1,3.6455215668412464,-1.0816630331083903,0.23476416435856973,4.722681184612147,1.288553370870618,3.6455215668412464
District025,1973,1,3.6455215668412464,-1.0816630331083903,0.23476416435856973,8.233668187913356,1.5100335629978545,3.6455215668412464
District025,1974,1,3.6455215668412464,-1.0816630331083903,0.23476416435856973,7.969125107715817,2.409351601514222,3.6455215668412464
District025,1975,1,3.6455215668412464,-1.0816630331083903,0.23476416435856973,5.554546212172332,1.466098048501484,3.6455215668412464
District026,1950,0,4.2156269401889395,-0.9505550648943127,0.35135015628545835,7.74575209184189,1.7602124923040192,0.0
District026,1951,0,4.2156269401889395,-0.9505550648943127,0.35135015628545835,5.817823386490855,1.7993530918244707,0.0
District026,1952,0,4.2156269401889395,-0.9505550648943127,0.35135015628545835,5.9497687987631,1.4949573676088241,0.0
District026,1953,0,4.2156269401889395,-0.9505550648943127,0.35135015628545835,5.586540675223956,1.2071217419414184,0.0
District026,1954,0,4.2156269401889395,-0.9505550648943127,0.35135015628545835,4.606551823201007,0.8942454934099314,0.0
District026,1955,0,4.2156269401889395,-0.9505550648943127,0.35135015628545835,5.356712961216555,1.8062801327123936,0.0
District026,1956,0,4.2156269401889395,-0.9505550648943127,0.35135015628545835,5.740289082657455,1.9050755619258963,0.0
District026,1957,0,4.2156269401889395,-0.9505550648943127,0.35135015628545835,3.5469733600005773,1.6629983358881006,0.0
District026,1958,0,4.2156269401889395,-0.9505550648943127,0.35135015628545835,6.436862120072512,1.832029786970603,0.0
District026,1959,0,4.2156269401889395,-0.9505550648943127,0.35135015628545835,5.103593673392601,1.2081719884324578,0.0
District026,1960,0,4.2156269401889395,-0.9505550648943127,0.35135015628545835,4.58788639849485,1.4327629252288936,0.0
District026,1961,0,4.2156269401889395,-0.9505550648943127,0.35135015628545835,6.149744708163,1.7252737133514697,0.0
District026,1962,1,4.2156269401889395,-0.9505550648943127,0.35135015628545835,8.910582198608248,1.8201390870771,4.2156269401889395
District026,1963,1,4.2156269401889395,-0.9505550648943127,0.35135015628545835,8.880657022192356,1.567896432541386,4.2156269401889395
District026,1964,1,4.2156269401889395,-0.9505550648943127,0.35135015628545835,7.320495933036688,2.1724066403956086,4.2156269401889395
District026,1965,1,4.2156269401889395,-0.9505550648943127,0.35135015628545835,7.532706976863549,2.205516461769238,4.2156269401889395
District026,1966,1,4.2156269401889395,-0.9505550648943127,0.35135015628545835,7.889048125396948,1.570970827172096,4.2156269401889395
District026,1967,1,4.2156269401889395,-0.9505550648943127,0.35135015628545835,7.332433721635278,1.290629649599026,4.2156269401889395
District026,1968,1,4.2156269401889395,-0.9505550648943127,0.35135015628545835,7.80441048760997,1.8656589089749753,4.2156269401889395
District026,1969,1,4.2156269401889395,-0.9505550648943127,0.35135015628545835,8.025040937348383,1.5782859167145977,4.2156269401889395
District026,1970,1,4.2156269401889395,-0.9505550648943127,0.35135015628545835,7.854764961134159,2.18156117158136,4.2156269401889395
District026,1971,1,4.2156269401889395,-0.9505550648943127,0.35135015628545835,7.489605187045751,1.612689215312391,4.2156269401889395
District026,1972,1,4.2156269401889395,-0.9505550648943127,0.35135015628545835,7.138766514537005,1.4715342898441126,4.2156269401889395
District026,1973,1,4.2156269401889395,-0.9505550648943127,0.35135015628545835,6.6436661559779315,1.7105224266402665,4.2156269401889395
District026,1974,1,4.2156269401889395,-0.9505550648943127,0.35135015628545835,8.073613985849947,1.501662101940664,4.2156269401889395
District026,1975,1,4.2156269401889395,-0.9505550648943127,0.35135015628545835,7.884837035441715,1.8096256574127199,4.2156269401889395
District027,1950,0,1.559636946538506,-1.566327507980317,0.46638352521899906,4.5177279330315026,1.8163641220633986,0.0
District027,1951,0,1.559636946538506,-1.566327507980317,0.46638352521899906,5.377654541054347,1.45228709168423,0.0
District027,1952,0,1.559636946538506,-1.566327507980317,0.46638352521899906,4.9432457085543176,1.9026289982069742,0.0
District027,1953,0,1.559636946538506,-1.566327507980317,0.46638352521899906,6.474952813216492,1.4677600509873532,0.0
District027,1954,0,1.559636946538506,-1.566327507980317,0.46638352521899906,4.414222553491834,1.4174408127952942,0.0
District027,1955,0,1.559636946538506,-1.566327507980317,0.46638352521899906,5.386816053690463,1.3407877472927279,0.0
District027,1956,0,1.559636946538506,-1.566327507980317,0.46638352521899906,3.857404022575548,1.5128954874959082,0.0
District027,1957,0,1.559636946538506,-1.566327507980317,0.46638352521899906,6.05173141714742,1.463640968121983,0.0
District027,1958,0,1.559636946538506,-1.566327507980317,0.46638352521899906,6.254274313837627,1.2906562356431288,0.0
District027,1959,0,1.559636946538506,-1.566327507980317,0.46638352521899906,5.985121337245455,1.3068583621731835,0.0
District027,1960,0,1.559636946538506,-1.566327507980317,0.46638352521899906,4.609464619167161,1.39731504590131,0.0
District027,1961,0,1.559636946538506,-1.566327507980317,0.46638352521899906,4.22261787321041,1.8894786200709335,0.0
District027,1962,1,1.559636946538506,-1.566327507980317,0.46638352521899906,5.3981756707238295,2.283574377212848,1.559636946538506
District027,1963,1,1.559636946538506,-1.566327507980317,0.46638352521899906,6.048853326061488,1.7559748318784036,1.559636946538506
District027,1964,1,1.559636946538506,-1.566327507980317,0.46638352521899906,7.483393118554349,0.8097843082786766,1.559636946538506
District027,1965,1,1.559636946538506,-1.566327507980317,0.46638352521899906,4.937564132585294,1.795277496402531,1.559636946538506
District027,1966,1,1.559636946538506,-1.566327507980317,0.46638352521899906,6.490769548584652,2.3347163640421975,1.559636946538506
District027,1967,1,1.559636946538506,-1.566327507980317,0.46638352521899906,7.078224141634513,1.8850085003771437,1.559636946538506
District027,1968,1,1.559636946538506,-1.566327507980317,0.46638352521899906,4.834301078779956,1.748720929473287,1.559636946538506
District027,1969,1,1.559636946538506,-1.566327507980317,0.46638352521899906,5.919415158501674,2.0009462326549925,1.559636946538506
District027,1970,1,1.559636946538506,-1.566327507980317,0.46638352521899906,6.85878624750094,1.1927514370355692,1.559636946538506
District027,1971,1,1.559636946538506,-1.566327507980317,0.46638352521899906,6.097250922194968,1.9643088715315005,1.559636946538506
District027,1972,1,1.559636946538506,-1.566327507980317,0.46638352521899906,3.7856540308475597,1.2783864511907823,1.559636946538506
District027,1973,1,1.559636946538506,-1.566327507980317,0.46638352521899906,4.165703678640367,1.8247699402721678,1.559636946538506
District027,1974,1,1.559636946538506,-1.566327507980317,0.46638352521899906,5.931001402253245,1.0206602581974618,1.559636946538506
District027,1975,1,1.559636946538506,-1.566327507980317,0.46638352521899906,7.226035267771682,1.765607539318212,1.559636946538506
District028,1950,0,1.9728693208234596,1.3572961722245052,0.44322771720585913,8.015380800885048,2.65771681818579,0.0
District028,1951,0,1.9728693208234596,1.3572961722245052,0.44322771720585913,6.354982923822165,1.4208993840139517,0.0
District028,1952,0,1.9728693208234596,1.3572961722245052,0.44322771720585913,6.0877916649127215,2.0160626946150155,0.0
District028,1953,0,1.9728693208234596,1.3572961722245052,0.44322771720585913,6.719345986307189,1.2857745398668703,0.0
District028,1954,0,1.9728693208234596,1.3572961722245052,0.44322771720585913,6.676010776975428,2.037349869627748,0.0
District028,1955,0,1.9728693208234596,1.3572961722245052,0.44322771720585913,6.847346282435806,1.8780899431259517,0.0
District028,1956,0,1.9728693208234596,1.3572961722245052,0.44322771720585913,7.015303446095725,2.26439869812727,0.0
District028,1957,0,1.9728693208234596,1.3572961722245052,0.44322771720585913,7.953894482715759,1.868866340604379,0.0
District028,1958,0,1.9728693208234596,1.3572961722245052,0.44322771720585913,7.120204873237306,2.356436602790224,0.0
District028,1959,0,1.9728693208234596,1.3572961722245052,0.44322771720585913,6.799678392145596,1.916882043475149,0.0
District028,1960,0,1.9728693208234596,1.3572961722245052,0.44322771720585913,6.942646701719855,1.6125763957235604,0.0
District028,1961,0,1.9728693208234596,1.3572961722245052,0.44322771720585913,6.262688369210864,2.553070150963533,0.0
District028,1962,1,1.9728693208234596,1.3572961722245052,0.44322771720585913,5.798395291503615,1.512735022818767,1.9728693208234596
District028,1963,1,1.9728693208234596,1.3572961722245052,0.44322771720585913,7.8106073148701824,1.7222166461639004,1.9728693208234596
District028,1964,1,1.9728693208234596,1.3572961722245052,0.44322771720585913,8.000662524574752,1.9739308379431633,1.9728693208234596
District028,1965,1,1.9728693208234596,1.3572961722245052,0.44322771720585913,6.4699872988176095,2.3356995548640294,1.9728693208234596
District028,1966,1,1.9728693208234596,1.3572961722245052,0.44322771720585913,7.827508823253845,1.756961584507202,1.9728693208234596
District028,1967,1,1.9728693208234596,1.3572961722245052,0.44322771720585913,8.043609851277258,1.8397803849991001,1.9728693208234596
District028,1968,1,1.9728693208234596,1.3572961722245052,0.44322771720585913,7.786449390448688,2.5200046295574836,1.9728693208234596
District028,1969,1,1.9728693208234596,1.3572961722245052,0.44322771720585913,6.009768937056165,1.5374742755493194,1.9728693208234596
District028,1970,1,1.9728693208234596,1.3572961722245052,0.44322771720585913,9.956838483358501,2.7513458309024488,1.9728693208234596
District028,1971,1,1.9728693208234596,1.3572961722245052,0.44322771720585913,8.22463615274927,2.2654238978756487,1.9728693208234596
District028,1972,1,1.9728693208234596,1.3572961722245052,0.44322771720585913,7.960101098155364,2.3512370570977774,1.9728693208234596
District028,1973,1,1.9728693208234596,1.3572961722245052,0.44322771720585913,7.413767464756115,2.133276612901719,1.9728693208234596
District028,1974,1,1.9728693208234596,1.3572961722245052,0.44322771720585913,8.246485694333145,1.5096546763753809,1.9728693208234596
District028,1975,1,1.9728693208234596,1.3572961722245052,0.44322771720585913,8.590656235199772,2.2116370378716605,1.9728693208234596
District029,1950,0,3.565785282108996,-0.28057011158391754,0.17943083364132886,5.084134020076314,2.1184584770514236,0.0
District029,1951,0,3.565785282108996,-0.28057011158391754,0.17943083364132886,7.447968230648831,2.266405466856745,0.0
District029,1952,0,3.565785282108996,-0.28057011158391754,0.17943083364132886,4.963890383198281,1.3841155842126414,0.0
District029,1953,0,3.565785282108996,-0.28057011158391754,0.17943083364132886,5.4513789013696075,1.0466559617600901,0.0
District029,1954,0,3.565785282108996,-0.28057011158391754,0.17943083364132886,6.21469402574908,1.9978568480752827,0.0
District029,1955,0,3.565785282108996,-0.28057011158391754,0.17943083364132886,6.652653289914752,2.461826696914844,0.0
District029,1956,0,3.565785282108996,-0.28057011158391754,0.17943083364132886,5.818633537222846,2.1542843376176513,0.0
District029,1957,0,3.565785282108996,-0.28057011158391754,0.17943083364132886,7.3765384694392075,2.3162581526483432,0.0
District029,1958,0,3.565785282108996,-0.28057011158391754,0.17943083364132886,5.927947149518179,1.1690001978291438,0.0
District029,1959,0,3.565785282108996,-0.28057011158391754,0.17943083364132886,6.820734631909241,1.5250997679437515,0.0
District029,1960,0,3.565785282108996,-0.28057011158391754,0.17943083364132886,5.92927296907795,1.3616248972374505,0.0
District029,1961,0,3.565785282108996,-0.28057011158391754,0.17943083364132886,5.218850188992664,1.5094469928317167,0.0
District029,1962,1,3.565785282108996,-0.28057011158391754,0.17943083364132886,7.118717317752693,1.874190168967932,3.565785282108996
District029,1963,1,3.565785282108996,-0.28057011158391754,0.17943083364132886,6.851541550326035,1.8337790911843062,3.565785282108996
District029,1964,1,3.565785282108996,-0.28057011158391754,0.17943083364132886,6.548360634967382,2.347920521309911,3.565785282108996
District029,1965,1,3.565785282108996,-0.28057011158391754,0.17943083364132886,7.24597915947404,1.6494803990370523,3.565785282108996
District029,1966,1,3.565785282108996,-0.28057011158391754,0.17943083364132886,7.823024357316598,2.263216342136036,3.565785282108996
District029,1967,1,3.565785282108996,-0.28057011158391754,0.17943083364132886,8.311365832610932,2.2399928673511678,3.565785282108996
District029,1968,1,3.565785282108996,-0.28057011158391754,0.17943083364132886,8.469197075945207,1.7749998345462483,3.565785282108996
District029,1969,1,3.565785282108996,-0.28057011158391754,0.17943083364132886,7.493666873741727,2.324690398335971,3.565785282108996
District029,1970,1,3.565785282108996,-0.28057011158391754,0.17943083364132886,8.767598990401888,1.7007665222131156,3.565785282108996
District029,1971,1,3.565785282108996,-0.28057011158391754,0.17943083364132886,8.59075075943908,1.57960424799528,3.565785282108996
District029,1972,1,3.565785282108996,-0.28057011158391754,0.17943083364132886,6.968767991500167,2.3979444582881593,3.565785282108996
District029,1973,1,3.565785282108996,-0.28057011158391754,0.17943083364132886,6.952839278251195,1.8590274452623115,3.565785282108996
District029,1974,1,3.565785282108996,-0.28057011158391754,0.17943083364132886,7.590549990540522,2.3820651324224786,3.565785282108996
District029,1975,1,3.565785282108996,-0.28057011158391754,0.17943083364132886,8.535569186371374,2.120582156609504,3.565785282108996
District030,1950,0,2.1381784233773775,0.13886874944243177,0.49623865319009464,5.437524272667146,1.756655545842568,0.0
District030,1951,0,2.1381784233773775,0.13886874944243177,0.49623865319009464,5.92647554037604,2.181846656654831,0.0
District030,1952,0,2.1381784233773775,0.13886874944243177,0.49623865319009464,7.918082743916276,1.8915866517531987,0.0
District030,1953,0,2.1381784233773775,0.13886874944243177,0.49623865319009464,5.078932423794583,1.8067517064060128,0.0
District030,1954,0,2.1381784233773775,0.13886874944243177,0.49623865319009464,5.54718213346628,1.6399781120124302,0.0
District030,1955,0,2.1381784233773775,0.13886874944243177,0.49623865319009464,6.727806723139979,1.9790300723710244,0.0
District030,1956,0,2.1381784233773775,0.13886874944243177,0.49623865319009464,6.561707175821051,2.342595074968874,0.0
District030,1957,0,2.1381784233773775,0.13886874944243177,0.49623865319009464,5.576559484257526,2.0177346056070453,0.0
District030,1958,0,2.1381784233773775,0.13886874944243177,0.49623865319009464,4.394296821827004,2.315911706484854,0.0
District030,1959,0,2.1381784233773775,0.13886874944243177,0.49623865319009464,6.049972691031098,2.1385321592743565,0.0
District030,1960,0,2.1381784233773775,0.13886874944243177,0.49623865319009464,5.512494883752927,1.7447663168658105,0.0
District030,1961,0,2.1381784233773775,0.13886874944243177,0.49623865319009464,5.841251716649692,1.5030987088537577,0.0
District030,1962,1,2.1381784233773775,0.13886874944243177,0.49623865319009464,7.969121274917475,2.000198753780554,2.1381784233773775
District030,1963,1,2.1381784233773775,0.13886874944243177,0.49623865319009464,6.451451091256396,2.2050917351498773,2.1381784233773775
District030,1964,1,2.1381784233773775,0.13886874944243177,0.49623865319009464,8.383900879260757,2.2757586575048223,2.1381784233773775
District030,1965,1,2.1381784233773775,0.13886874944243177,0.49623865319009464,6.310077000109732,1.5202182226633725,2.1381784233773775
District030,1966,1,2.1381784233773775,0.13886874944243177,0.49623865319009464,8.719374176038109,2.8595525051361603,2.1381784233773775
District030,1967,1,2.1381784233773775,0.13886874944243177,0.49623865319009464,6.962178908274966,1.930606643258024,2.1381784233773775
District030,1968,1,2.1381784233773775,0.13886874944243177,0.49623865319009464,7.391029147635326,2.1456859513162696,2.1381784233773775
District030,1969,1,2.1381784233773775,0.13886874944243177,0.49623865319009464,8.643772517572007,1.6536172199754295,2.1381784233773775
District030,1970,1,2.1381784233773775,0.13886874944243177,0.49623865319009464,6.814073415368755,1.9603564917870917,2.1381784233773775
District030,1971,1,2.1381784233773775,0.13886874944243177,0.49623865319009464,6.50028877289253,1.7388200142274424,2.1381784233773775
District030,1972,1,2.1381784233773775,0.13886874944243177,0.49623865319009464,5.914261639198049,1.8393125667024202,2.1381784233773775
District030,1973,1,2.1381784233773775,0.13886874944243177,0.49623865319009464,8.586275725349235,1.4135645918005273,2.1381784233773775
District030,1974,1,2.1381784233773775,0.13886874944243177,0.49623865319009464,7.060987423229185,2.3149687698034267,2.1381784233773775
District030,1975,1,2.1381784233773775,0.13886874944243177,0.49623865319009464,5.834834648329698,1.4048613656602655,2.1381784233773775
District031,1950,0,2.1610140114884624,-0.6793575649370254,0.42192061069564446,4.511483442670631,1.9297936851559974,0.0
District031,1951,0,2.1610140114884624,-0.6793575649370254,0.42192061069564446,4.764210292807723,1.8309095606833943,0.0
District031,1952,0,2.1610140114884624,-0.6793575649370254,0.42192061069564446,5.100755305368048,2.1239325941154226,0.0
District031,1953,0,2.1610140114884624,-0.6793575649370254,0.42192061069564446,6.874785998651347,1.80551598056471,0.0
District031,1954,0,2.1610140114884624,-0.6793575649370254,0.42192061069564446,6.398400575860154,1.7666183779622744,0.0
District031,1955,0,2.1610140114884624,-0.6793575649370254,0.42192061069564446,4.6838062765839865,1.379769440172541,0.0
District031,1956,0,2.1610140114884624,-0.6793575649370254,0.42192061069564446,4.027039632571496,1.6461913556397778,0.0
District031,1957,0,2.1610140114884624,-0.6793575649370254,0.42192061069564446,5.442302451966607,1.501588843180659,0.0
District031,1958,0,2.1610140114884624,-0.6793575649370254,0.42192061069564446,5.687709374164287,1.4297306161832628,0.0
District031,1959,0,2.1610140114884624,-0.6793575649370254,0.42192061069564446,6.121480631781115,1.4522930018381306,0.0
District031,1960,0,2.1610140114884624,-0.6793575649370254,0.42192061069564446,4.867051430834581,0.8987061118245253,0.0
District031,1961,0,2.1610140114884624,-0.6793575649370254,0.42192061069564446,4.625808704689229,1.6605927749035838,0.0
District031,1962,1,2.1610140114884624,-0.6793575649370254,0.42192061069564446,5.910428632026052,1.636775827157434,2.1610140114884624
District031,1963,1,2.1610140114884624,-0.6793575649370254,0.42192061069564446,6.3062582157890485,2.0764419566951298,2.1610140114884624
District031,1964,1,2.1610140114884624,-0.6793575649370254,0.42192061069564446,6.638543646842663,2.1308461345638987,2.1610140114884624
District031,1965,1,2.1610140114884624,-0.6793575649370254,0.42192061069564446,6.05367209152031,1.7313782196554572,2.1610140114884624
District031,1966,1,2.1610140114884624,-0.6793575649370254,0.42192061069564446,7.04438129729468,1.9415776919292682,2.1610140114884624
District031,1967,1,2.1610140114884624,-0.6793575649370254,0.42192061069564446,5.992402444835033,2.207955202903511,2.1610140114884624
District031,1968,1,2.1610140114884624,-0.6793575649370254,0.42192061069564446,6.627625635130284,1.963953030126421,2.1610140114884624
District031,1969,1,2.1610140114884624,-0.6793575649370254,0.42192061069564446,7.172719275590204,2.3208312399973328,2.1610140114884624
District031,1970,1,2.1610140114884624,-0.6793575649370254,0.42192061069564446,6.427545153501373,2.0068006644377654,2.1610140114884624
District031,1971,1,2.1610140114884624,-0.6793575649370254,0.42192061069564446,7.047809626283144,2.079640797951485,2.1610140114884624
District031,1972,1,2.1610140114884624,-0.6793575649370254,0.42192061069564446,6.237688202469864,2.1289231305841403,2.1610140114884624
District031,1973,1,2.1610140114884624,-0.6793575649370254,0.42192061069564446,6.78155924358717,2.106695238111529,2.1610140114884624
District031,1974,1,2.1610140114884624,-0.6793575649370254,0.42192061069564446,5.53623137181294,2.0408171191671896,2.1610140114884624
District031,1975,1,2.1610140114884624,-0.6793575649370254,0.42192061069564446,7.207267028605671,1.9794245291230306,2.1610140114884624
District032,1950,0,1.9577231295276796,-0.13238956122447512,0.02,5.742518174526109,2.0606850275599684,0.0
District032,1951,0,1.9577231295276796,-0.13238956122447512,0.02,5.071040994229016,2.1463143644272806,0.0
District032,1952,0,1.9577231295276796,-0.13238956122447512,0.02,7.311524665757454,2.6601288188834875,0.0
District032,1953,0,1.9577231295276796,-0.13238956122447512,0.02,5.560130479092154,2.0231194935301953,0.0
District032,1954,0,1.9577231295276796,-0.13238956122447512,0.02,6.003431523601231,1.7422946695948012,0.0
District032,1955,0,1.9577231295276796,-0.13238956122447512,0.02,6.934438203475277,1.937065512359178,0.0
District032,1956,0,1.9577231295276796,-0.13238956122447512,0.02,6.056722823976505,1.4310526158768457,0.0
District032,1957,0,1.9577231295276796,-0.13238956122447512,0.02,5.112254700680524,2.114326903920326,0.0
District032,1958,0,1.9577231295276796,-0.13238956122447512,0.02,6.939667218740417,2.4247844510505336,0.0
District032,1959,0,1.9577231295276796,-0.13238956122447512,0.02,6.256473756774701,1.3551441193049687,0.0
District032,1960,0,1.9577231295276796,-0.13238956122447512,0.02,4.878865583446182,1.2033041395722854,0.0
District032,1961,0,1.9577231295276796,-0.13238956122447512,0.02,5.57119678375189,2.050381620976683,0.0
District032,1962,1,1.9577231295276796,-0.13238956122447512,0.02,5.920078151596781,1.77215029636214,1.9577231295276796
District032,1963,1,1.9577231295276796,-0.13238956122447512,0.02,7.686166533676101,2.1937209869253342,1.9577231295276796
District032,1964,1,1.9577231295276796,-0.13238956122447512,0.02,8.76691628825006,2.395242954794533,1.9577231295276796
District032,1965,1,1.9577231295276796,-0.13238956122447512,0.02,7.995952969692737,1.815634486362022,1.9577231295276796
District032,1966,1,1.9577231295276796,-0.13238956122447512,0.02,5.156429703033867,2.4528726488030577,1.9577231295276796
District032,1967,1,1.9577231295276796,-0.13238956122447512,0.02,6.894708039127826,1.6926870345486869,1.9577231295276796
District032,1968,1,1.9577231295276796,-0.13238956122447512,0.02,8.67115733760945,2.1007256553111913,1.9577231295276796
District032,1969,1,1.9577231295276796,-0.13238956122447512,0.02,6.598792067930383,1.4359996523824754,1.9577231295276796
District032,1970,1,1.9577231295276796,-0.13238956122447512,0.02,7.245181242143596,2.4628360489758045,1.9577231295276796
District032,1971,1,1.9577231295276796,-0.13238956122447512,0.02,6.377637092410862,1.900756496856463,1.9577231295276796
District032,1972,1,1.9577231295276796,-0.13238956122447512,0.02,6.189826469143617,1.8326335581843696,1.9577231295276796
District032,1973,1,1.9577231295276796,-0.13238956122447512,0.02,7.06574267235025,2.0735410898755684,1.9577231295276796
District032,1974,1,1.9577231295276796,-0.13238956122447512,0.02,6.544300367134559,1.7288378267010498,1.9577231295276796
District032,1975,1,1.9577231295276796,-0.13238956122447512,0.02,7.264087670181325,2.3605166191657343,1.9577231295276796
District033,1950,0,6.754046398679616,-0.4117406104441863,0.3570140253328348,6.164798289984706,2.178649071875849,0.0
District033,1951,0,6.754046398679616,-0.4117406104441863,0.3570140253328348,4.703578584080088,1.4791687762246013,0.0
District033,1952,0,6.754046398679616,-0.4117406104441863,0.3570140253328348,6.019275307988487,1.7860200925327814,0.0
District033,1953,0,6.754046398679616,-0.4117406104441863,0.3570140253328348,4.835925350491185,1.7866228265205373,0.0
District033,1954,0,6.754046398679616,-0.4117406104441863,0.3570140253328348,6.047709993719713,1.5808095901841466,0.0
District033,1955,0,6.754046398679616,-0.4117406104441863,0.3570140253328348,4.798422848835472,1.097911295434813,0.0
District033,1956,0,6.754046398679616,-0.4117406104441863,0.3570140253328348,7.080622037743435,1.965259100958412,0.0
District033,1957,0,6.754046398679616,-0.4117406104441863,0.3570140253328348,6.015752477890436,1.9719194013928354,0.0
District033,1958,0,6.754046398679616,-0.4117406104441863,0.3570140253328348,5.459724967820788,1.4396476066458679,0.0
District033,1959,0,6.754046398679616,-0.4117406104441863,0.3570140253328348,5.255749502672233,1.9693387220223255,0.0
District033,1960,0,6.754046398679616,-0.4117406104441863,0.3570140253328348,6.602675527653626,1.9781804675390442,0.0
District033,1961,0,6.754046398679616,-0.4117406104441863,0.3570140253328348,5.202868439940744,1.3110009824516096,0.0
District033,1962,1,6.754046398679616,-0.4117406104441863,0.3570140253328348,9.055763246550333,2.3382540708605815,6.754046398679616
District033,1963,1,6.754046398679616,-0.4117406104441863,0.3570140253328348,10.246053163792226,2.642875491978742,6.754046398679616
District033,1964,1,6.754046398679616,-0.4117406104441863,0.3570140253328348,7.402485948612432,1.8797316591786501,6.754046398679616
District033,1965,1,6.754046398679616,-0.4117406104441863,0.3570140253328348,8.354241526807506,2.197548191287043,6.754046398679616
District033,1966,1,6.754046398679616,-0.4117406104441863,0.3570140253328348,8.562699069944959,2.523978850973736,6.754046398679616
District033,1967,1,6.754046398679616,-0.4117406104441863,0.3570140253328348,8.693744437303696,1.5213659299969848,6.754046398679616
District033,1968,1,6.754046398679616,-0.4117406104441863,0.3570140253328348,8.232462012104142,2.2582308670916706,6.754046398679616
District033,1969,1,6.754046398679616,-0.4117406104441863,0.3570140253328348,10.288444482366089,2.4268633616134885,6.754046398679616
District033,1970,1,6.754046398679616,-0.4117406104441863,0.3570140253328348,10.134483063029563,2.4724667120490604,6.754046398679616
District033,1971,1,6.754046398679616,-0.4117406104441863,0.3570140253328348,7.7538201961344795,1.7859960606203833,6.754046398679616
District033,1972,1,6.754046398679616,-0.4117406104441863,0.3570140253328348,8.57823545967223,1.9587158766327761,6.754046398679616
District033,1973,1,6.754046398679616,-0.4117406104441863,0.3570140253328348,9.384837854635547,2.3575224812551694,6.754046398679616
District033,1974,1,6.754046398679616,-0.4117406104441863,0.3570140253328348,9.304079046409832,1.9575730453047318,6.754046398679616
District033,1975,1,6.754046398679616,-0.4117406104441863,0.3570140253328348,11.873415742129344,1.9539285570248235,6.754046398679616
District034,1950,0,3.137019525010758,-0.11268513190830824,0.46059987821546666,6.995434322840875,1.6584544562469752,0.0
District034,1951,0,3.137019525010758,-0.11268513190830824,0.46059987821546666,5.477449231487194,1.5611866340478258,0.0
District034,1952,0,3.137019525010758,-0.11268513190830824,0.46059987821546666,6.369877412367528,1.7580281981166423,0.0
District034,1953,0,3.137019525010758,-0.11268513190830824,0.46059987821546666,6.77822383409306,2.123114548169717,0.0
District034,1954,0,3.137019525010758,-0.11268513190830824,0.46059987821546666,6.078644124554111,2.245586231874176,0.0
District034,1955,0,3.137019525010758,-0.11268513190830824,0.46059987821546666,6.1144850738900445,2.3946482941716054,0.0
District034,1956,0,3.137019525010758,-0.11268513190830824,0.46059987821546666,5.816130932711192,2.5260925218924744,0.0
District034,1957,0,3.137019525010758,-0.11268513190830824,0.46059987821546666,5.514969619996025,2.1504691813429635,0.0
District034,1958,0,3.137019525010758,-0.11268513190830824,0.46059987821546666,5.30590875847302,1.6023437750031015,0.0
District034,1959,0,3.137019525010758,-0.11268513190830824,0.46059987821546666,5.740507653930259,1.5539349137931233,0.0
District034,1960,0,3.137019525010758,-0.11268513190830824,0.46059987821546666,5.442561186890809,1.9632637613004702,0.0
District034,1961,0,3.137019525010758,-0.11268513190830824,0.46059987821546666,5.488035074482878,1.9713761879153955,0.0
District034,1962,1,3.137019525010758,-0.11268513190830824,0.46059987821546666,8.017486001546649,1.6402867207813205,3.137019525010758
District034,1963,1,3.137019525010758,-0.11268513190830824,0.46059987821546666,6.828962565420254,1.7461691722378008,3.137019525010758
District034,1964,1,3.137019525010758,-0.11268513190830824,0.46059987821546666,7.526341375361287,1.9819670254597497,3.137019525010758
District034,1965,1,3.137019525010758,-0.11268513190830824,0.46059987821546666,7.949755665166649,1.807565355162601,3.137019525010758
District034,1966,1,3.137019525010758,-0.11268513190830824,0.46059987821546666,9.014412201568769,2.0674215512261314,3.137019525010758
District034,1967,1,3.137019525010758,-0.11268513190830824,0.46059987821546666,6.53328517683251,1.731997488636466,3.137019525010758
District034,1968,1,3.137019525010758,-0.11268513190830824,0.46059987821546666,7.740732849020113,2.0678168749820376,3.137019525010758
District034,1969,1,3.137019525010758,-0.11268513190830824,0.46059987821546666,7.731321774788749,1.648750312369442,3.137019525010758
District034,1970,1,3.137019525010758,-0.11268513190830824,0.46059987821546666,7.575306986535073,1.7787808325730268,3.137019525010758
District034,1971,1,3.137019525010758,-0.11268513190830824,0.46059987821546666,7.8652011348212785,1.63770472652886,3.137019525010758
District034,1972,1,3.137019525010758,-0.11268513190830824,0.46059987821546666,6.450900839594212,1.3993717538035142,3.137019525010758
District034,1973,1,3.137019525010758,-0.11268513190830824,0.46059987821546666,6.279916195381441,1.9790407270408206,3.137019525010758
District034,1974,1,3.137019525010758,-0.11268513190830824,0.46059987821546666,8.112280229247279,1.787330543432056,3.137019525010758
District034,1975,1,3.137019525010758,-0.11268513190830824,0.46059987821546666,8.040353589775261,2.1133854876771414,3.137019525010758
District035,1950,0,2.7209964513861578,-0.9991204217824439,0.47529342302369826,3.174539684367648,1.4546924161816155,0.0
District035,1951,0,2.7209964513861578,-0.9991204217824439,0.47529342302369826,5.1691019623374554,1.838159828762531,0.0
District035,1952,0,2.7209964513861578,-0.9991204217824439,0.47529342302369826,6.719071935643216,1.8990415553903603,0.0
District035,1953,0,2.7209964513861578,-0.9991204217824439,0.47529342302369826,5.788368420155409,1.492444906985719,0.0
District035,1954,0,2.7209964513861578,-0.9991204217824439,0.47529342302369826,6.038949161841929,1.8976790561203256,0.0
District035,1955,0,2.7209964513861578,-0.9991204217824439,0.47529342302369826,5.771584726627212,1.7724672045320906,0.0
District035,1956,0,2.7209964513861578,-0.9991204217824439,0.47529342302369826,6.156986859115429,2.1945604251968422,0.0
District035,1957,0,2.7209964513861578,-0.9991204217824439,0.47529342302369826,4.145577404622154,0.9827072613536069,0.0
District035,1958,0,2.7209964513861578,-0.9991204217824439,0.47529342302369826,7.383288344831504,2.2890684276431457,0.0
District035,1959,0,2.7209964513861578,-0.9991204217824439,0.47529342302369826,6.741607194735238,1.9970784337363958,0.0
District035,1960,0,2.7209964513861578,-0.9991204217824439,0.47529342302369826,3.7277493841559064,1.3508737334869492,0.0
District035,1961,0,2.7209964513861578,-0.9991204217824439,0.47529342302369826,5.990887093334938,2.180150358754471,0.0
District035,1962,1,2.7209964513861578,-0.9991204217824439,0.47529342302369826,6.60796551263606,1.7858800983139778,2.7209964513861578
District035,1963,1,2.7209964513861578,-0.9991204217824439,0.47529342302369826,6.619843015208441,1.56130679954001,2.7209964513861578
District035,1964,1,2.7209964513861578,-0.9991204217824439,0.47529342302369826,5.908088899951312,1.8819511450222501,2.7209964513861578
District035,1965,1,2.7209964513861578,-0.9991204217824439,0.47529342302369826,6.254681076298538,2.1446997499378604,2.7209964513861578
District035,1966,1,2.7209964513861578,-0.9991204217824439,0.47529342302369826,4.757562048639583,1.8217538809574225,2.7209964513861578
District035,1967,1,2.7209964513861578,-0.9991204217824439,0.47529342302369826,9.052782141859867,2.6078233999286233,2.7209964513861578
District035,1968,1,2.7209964513861578,-0.9991204217824439,0.47529342302369826,6.034793156635486,2.323928508177684,2.7209964513861578
District035,1969,1,2.7209964513861578,-0.9991204217824439,0.47529342302369826,5.889461850555048,1.5531862551200077,2.7209964513861578
District035,1970,1,2.7209964513861578,-0.9991204217824439,0.47529342302369826,6.229699873820331,2.0431350112542126,2.7209964513861578
District035,1971,1,2.7209964513861578,-0.9991204217824439,0.47529342302369826,7.6972762427482095,1.3619713929109067,2.7209964513861578
District035,1972,1,2.7209964513861578,-0.9991204217824439,0.47529342302369826,8.313280473940821,1.4378320067992774,2.7209964513861578
District035,1973,1,2.7209964513861578,-0.9991204217824439,0.47529342302369826,7.010056284144957,2.4353490137180804,2.7209964513861578
District035,1974,1,2.7209964513861578,-0.9991204217824439,0.47529342302369826,7.2263318946724535,2.2458020274960617,2.7209964513861578
District035,1975,1,2.7209964513861578,-0.9991204217824439,0.47529342302369826,7.14515084042408,1.9789095344294907,2.7209964513861578
District036,1950,0,4.052886882832729,-2.120274713860803,0.19881256782544715,5.0546011958729515,0.8173064929378004,0.0
District036,1951,0,4.052886882832729,-2.120274713860803,0.19881256782544715,5.431338547593095,1.718635013678646,0.0
District036,1952,0,4.052886882832729,-2.120274713860803,0.19881256782544715,3.264272565502549,1.905501286912931,0.0
District036,1953,0,4.052886882832729,-2.120274713860803,0.19881256782544715,2.652980607723847,1.5155096147083196,0.0
District036,1954,0,4.052886882832729,-2.120274713860803,0.19881256782544715,5.043977079744602,1.6602833352733002,0.0
District036,1955,0,4.052886882832729,-2.120274713860803,0.19881256782544715,2.9589402593344327,0.8862632483006477,0.0
District036,1956,0,4.052886882832729,-2.120274713860803,0.19881256782544715,5.587330839000468,1.3287644391071287,0.0
District036,1957,0,4.052886882832729,-2.120274713860803,0.19881256782544715,3.6462567001700075,1.1146235212556568,0.0
District036,1958,0,4.052886882832729,-2.120274713860803,0.19881256782544715,3.9080434645519535,1.3719185753791205,0.0
District036,1959,0,4.052886882832729,-2.120274713860803,0.19881256782544715,3.9046068257925226,1.7040271645385996,0.0
District036,1960,0,4.052886882832729,-2.120274713860803,0.19881256782544715,6.323373227593713,2.106460312845125,0.0
District036,1961,0,4.052886882832729,-2.120274713860803,0.19881256782544715,4.212226738105281,2.0683253049498456,0.0
District036,1962,1,4.052886882832729,-2.120274713860803,0.19881256782544715,6.316056265503361,1.6389784734215584,4.052886882832729
District036,1963,1,4.052886882832729,-2.120274713860803,0.19881256782544715,6.541782542022738,1.6494490939424524,4.052886882832729
District036,1964,1,4.052886882832729,-2.120274713860803,0.19881256782544715,7.155222124544821,2.452554942663072,4.052886882832729
District036,1965,1,4.052886882832729,-2.120274713860803,0.19881256782544715,5.768890702163401,1.8100254017310542,4.052886882832729
District036,1966,1,4.052886882832729,-2.120274713860803,0.19881256782544715,7.285916429332656,1.7075001765939328,4.052886882832729
District036,1967,1,4.052886882832729,-2.120274713860803,0.19881256782544715,9.280222173451738,2.438739919376875,4.052886882832729
District036,1968,1,4.052886882832729,-2.120274713860803,0.19881256782544715,6.797715800211207,1.8105779921923286,4.052886882832729
District036,1969,1,4.052886882832729,-2.120274713860803,0.19881256782544715,7.906528450491308,2.2335326348204956,4.052886882832729
District036,1970,1,4.052886882832729,-2.120274713860803,0.19881256782544715,5.72094970770359,1.6197277478286423,4.052886882832729
District036,1971,1,4.052886882832729,-2.120274713860803,0.19881256782544715,6.958716729655147,2.527724691199387,4.052886882832729
District036,1972,1,4.052886882832729,-2.120274713860803,0.19881256782544715,6.094189631091751,1.4877718904921404,4.052886882832729
District036,1973,1,4.052886882832729,-2.120274713860803,0.19881256782544715,7.218185699576749,1.8403907924294611,4.052886882832729
District036,1974,1,4.052886882832729,-2.120274713860803,0.19881256782544715,7.041573135358604,1.8865424476794057,4.052886882832729
District036,1975,1,4.052886882832729,-2.120274713860803,0.19881256782544715,6.189452308417408,1.9506954591763135,4.052886882832729
District037,1950,0,2.285000931652644,-1.2792895360444168,0.4004103953480901,5.53434094572139,2.1254933696450538,0.0
District037,1951,0,2.285000931652644,-1.2792895360444168,0.4004103953480901,4.788435094482151,2.965004206106681,0.0
District037,1952,0,2.285000931652644,-1.2792895360444168,0.4004103953480901,5.85798960405434,1.4646824179563056,0.0
District037,1953,0,2.285000931652644,-1.2792895360444168,0.4004103953480901,6.438898773274584,2.128631107806911,0.0
District037,1954,0,2.285000931652644,-1.2792895360444168,0.4004103953480901,5.3173880321397355,1.4982304824664132,0.0
District037,1955,0,2.285000931652644,-1.2792895360444168,0.4004103953480901,4.3406830590298675,1.1377464856811441,0.0
District037,1956,0,2.285000931652644,-1.2792895360444168,0.4004103953480901,5.330910924083701,1.6845407312119618,0.0
District037,1957,0,2.285000931652644,-1.2792895360444168,0.4004103953480901,4.137983670057555,1.4468307792704431,0.0
District037,1958,0,2.285000931652644,-1.2792895360444168,0.4004103953480901,6.326887199223119,2.1440362830076745,0.0
District037,1959,0,2.285000931652644,-1.2792895360444168,0.4004103953480901,5.2432419521190425,1.7872437894035158,0.0
District037,1960,0,2.285000931652644,-1.2792895360444168,0.4004103953480901,5.1369843165579,2.1021260697163244,0.0
District037,1961,0,2.285000931652644,-1.2792895360444168,0.4004103953480901,4.014756770893449,1.0719163564168235,0.0
District037,1962,1,2.285000931652644,-1.2792895360444168,0.4004103953480901,6.555908099109032,1.411524947526131,2.285000931652644
District037,1963,1,2.285000931652644,-1.2792895360444168,0.4004103953480901,6.159845126616369,2.178386048978603,2.285000931652644
District037,1964,1,2.285000931652644,-1.2792895360444168,0.4004103953480901,7.550317046960087,2.2650104594330402,2.285000931652644
District037,1965,1,2.285000931652644,-1.2792895360444168,0.4004103953480901,5.287259398501861,1.6073774451165583,2.285000931652644
District037,1966,1,2.285000931652644,-1.2792895360444168,0.4004103953480901,5.531958421331779,1.9357222939714225,2.285000931652644
District037,1967,1,2.285000931652644,-1.2792895360444168,0.4004103953480901,6.668313424738827,1.94573647100625,2.285000931652644
District037,1968,1,2.285000931652644,-1.2792895360444168,0.4004103953480901,5.649261728021897,2.045926972518287,2.285000931652644
District037,1969,1,2.285000931652644,-1.2792895360444168,0.4004103953480901,6.15083879429397,1.412094490093506,2.285000931652644
District037,1970,1,2.285000931652644,-1.2792895360444168,0.4004103953480901,5.666403915248852,1.3614942064543285,2.285000931652644
District037,1971,1,2.285000931652644,-1.2792895360444168,0.4004103953480901,5.205799630148267,1.7938121389174,2.285000931652644
District037,1972,1,2.285000931652644,-1.2792895360444168,0.4004103953480901,6.682509673235671,2.251823660662773,2.285000931652644
District037,1973,1,2.285000931652644,-1.2792895360444168,0.4004103953480901,5.5333057207443925,1.2265275340665867,2.285000931652644
District037,1974,1,2.285000931652644,-1.2792895360444168,0.4004103953480901,6.3536057444495615,1.5697895069491905,2.285000931652644
District037,1975,1,2.285000931652644,-1.2792895360444168,0.4004103953480901,6.917069168241969,2.258943294691451,2.285000931652644
District038,1950,0,2.970183162855001,2.191200555338565,0.12063209266587302,7.662359399464328,2.053419180410194,0.0
District038,1951,0,2.970183162855001,2.191200555338565,0.12063209266587302,7.6820421912425525,1.5320480422708886,0.0
District038,1952,0,2.970183162855001,2.191200555338565,0.12063209266587302,6.115364036553184,2.2549472180955368,0.0
District038,1953,0,2.970183162855001,2.191200555338565,0.12063209266587302,7.490191657095861,2.281286769371976,0.0
District038,1954,0,2.970183162855001,2.191200555338565,0.12063209266587302,7.034313217134416,2.183346685604499,0.0
District038,1955,0,2.970183162855001,2.191200555338565,0.12063209266587302,6.310230314747704,1.5614847410572288,0.0
District038,1956,0,2.970183162855001,2.191200555338565,0.12063209266587302,6.018424170965893,1.8898815204820805,0.0
District038,1957,0,2.970183162855001,2.191200555338565,0.12063209266587302,7.245993710508092,1.5461000624632146,0.0
District038,1958,0,2.970183162855001,2.191200555338565,0.12063209266587302,8.650304292822836,2.0026820651709722,0.0
District038,1959,0,2.970183162855001,2.191200555338565,0.12063209266587302,6.06661184413603,1.847287356845087,0.0
District038,1960,0,2.970183162855001,2.191200555338565,0.12063209266587302,8.16496518120147,2.5621617623705437,0.0
District038,1961,0,2.970183162855001,2.191200555338565,0.12063209266587302,8.110679714522941,2.019868956464006,0.0
District038,1962,1,2.970183162855001,2.191200555338565,0.12063209266587302,9.335989837439463,2.13517367988893,2.970183162855001
District038,1963,1,2.970183162855001,2.191200555338565,0.12063209266587302,8.820470226833972,2.0107715623438365,2.970183162855001
District038,1964,1,2.970183162855001,2.191200555338565,0.12063209266587302,8.659050074033667,2.257777136799125,2.970183162855001
District038,1965,1,2.970183162855001,2.191200555338565,0.12063209266587302,8.634981770101602,1.9239087212516561,2.970183162855001
District038,1966,1,2.970183162855001,2.191200555338565,0.12063209266587302,8.573680946651752,2.474940098686756,2.970183162855001
District038,1967,1,2.970183162855001,2.191200555338565,0.12063209266587302,9.1617791222407,2.2066065020826233,2.970183162855001
District038,1968,1,2.970183162855001,2.191200555338565,0.12063209266587302,9.568872168109408,1.8741501201709765,2.970183162855001
District038,1969,1,2.970183162855001,2.191200555338565,0.12063209266587302,8.269324406930656,2.435296608582174,2.970183162855001
District038,1970,1,2.970183162855001,2.191200555338565,0.12063209266587302,9.690588692788484,2.879538507323283,2.970183162855001
District038,1971,1,2.970183162855001,2.191200555338565,0.12063209266587302,7.828586588199251,1.764433317649366,2.970183162855001
District038,1972,1,2.970183162855001,2.191200555338565,0.12063209266587302,8.22197216340499,1.674374422845362,2.970183162855001
District038,1973,1,2.970183162855001,2.191200555338565,0.12063209266587302,8.845225787684132,2.751353310286384,2.970183162855001
District038,1974,1,2.970183162855001,2.191200555338565,0.12063209266587302,9.311533397160593,1.8760242752204364,2.970183162855001
District038,1975,1,2.970183162855001,2.191200555338565,0.12063209266587302,8.063975416360197,1.8262718020105655,2.970183162855001
District039,1950,0,1.9691274468878885,-1.3980750931403636,0.26580943417471997,4.030363790712439,1.9443454351684628,0.0
District039,1951,0,1.9691274468878885,-1.3980750931403636,0.26580943417471997,6.130161128499158,0.9476417763298937,0.0
District039,1952,0,1.9691274468878885,-1.3980750931403636,0.26580943417471997,5.885810621218312,1.196828969728735,0.0
District039,1953,0,1.9691274468878885,-1.3980750931403636,0.26580943417471997,5.071758283574524,0.9193970417473346,0.0
District039,1954,0,1.9691274468878885,-1.3980750931403636,0.26580943417471997,2.5822071785626304,1.5112473779399003,0.0
District039,1955,0,1.9691274468878885,-1.3980750931403636,0.26580943417471997,7.499422745133948,1.985954096249504,0.0
District039,1956,0,1.9691274468878885,-1.3980750931403636,0.26580943417471997,6.030569523936879,2.1735541051833267,0.0
District039,1957,0,1.9691274468878885,-1.3980750931403636,0.26580943417471997,5.318554237068723,1.668117582288522,0.0
District039,1958,0,1.9691274468878885,-1.3980750931403636,0.26580943417471997,5.20664022229813,1.9212742001071845,0.0
District039,1959,0,1.9691274468878885,-1.3980750931403636,0.26580943417471997,5.289192639507197,1.5639100985305194,0.0
District039,1960,0,1.9691274468878885,-1.3980750931403636,0.26580943417471997,4.217823306445651,1.669218901755385,0.0
District039,1961,0,1.9691274468878885,-1.3980750931403636,0.26580943417471997,4.8910347401249314,2.214448741918007,0.0
District039,1962,1,1.9691274468878885,-1.3980750931403636,0.26580943417471997,6.833672705346941,2.7345794967398747,1.9691274468878885
District039,1963,1,1.9691274468878885,-1.3980750931403636,0.26580943417471997,7.243966904542351,2.150274331573353,1.9691274468878885
District039,1964,1,1.9691274468878885,-1.3980750931403636,0.26580943417471997,5.853410806699464,1.2189196493242898,1.9691274468878885
District039,1965,1,1.9691274468878885,-1.3980750931403636,0.26580943417471997,7.055687260893833,1.6540671911344138,1.9691274468878885
District039,1966,1,1.9691274468878885,-1.3980750931403636,0.26580943417471997,7.455965637253228,1.7351596553687616,1.9691274468878885
District039,1967,1,1.9691274468878885,-1.3980750931403636,0.26580943417471997,6.048064135931172,2.034322104086986,1.9691274468878885
District039,1968,1,1.9691274468878885,-1.3980750931403636,0.26580943417471997,6.77597577703927,1.8450450871101092,1.9691274468878885
District039,1969,1,1.9691274468878885,-1.3980750931403636,0.26580943417471997,6.4746687923578,1.434621620023008,1.9691274468878885
District039,1970,1,1.9691274468878885,-1.3980750931403636,0.26580943417471997,5.848511965812538,2.017780146055264,1.9691274468878885
District039,1971,1,1.9691274468878885,-1.3980750931403636,0.26580943417471997,4.738329350309012,1.960476063847305,1.9691274468878885
District039,1972,1,1.9691274468878885,-1.3980750931403636,0.26580943417471997,5.108509231128321,0.985099667565936,1.9691274468878885
District039,1973,1,1.9691274468878885,-1.3980750931403636,0.26580943417471997,5.992142416019417,1.7684291535877503,1.9691274468878885
District039,1974,1,1.9691274468878885,-1.3980750931403636,0.26580943417471997,5.740573985639708,1.3586166350184183,1.9691274468878885
District039,1975,1,1.9691274468878885,-1.3980750931403636,0.26580943417471997,5.670112325614993,1.6151888434810298,1.9691274468878885
District040,1950,0,1.1206634954086419,0.27811687071868724,0.093047259922558,5.017599783265265,1.4564230473127213,0.0
District040,1951,0,1.1206634954086419,0.27811687071868724,0.093047259922558,5.343983437872203,1.5443680854089281,0.0
District040,1952,0,1.1206634954086419,0.27811687071868724,0.093047259922558,5.270222832436539,1.9591084489400312,0.0
District040,1953,0,1.1206634954086419,0.27811687071868724,0.093047259922558,5.214034496633615,1.2321457122063724,0.0
District040,1954,0,1.1206634954086419,0.27811687071868724,0.093047259922558,7.509800131713473,1.8655772407336997,0.0
District040,1955,0,1.1206634954086419,0.27811687071868724,0.093047259922558,7.513827571167742,1.8533268744206695,0.0
District040,1956,0,1.1206634954086419,0.27811687071868724,0.093047259922558,3.9399862567132975,1.4695273548771661,0.0
District040,1957,0,1.1206634954086419,0.27811687071868724,0.093047259922558,7.162027828086359,2.1577157824744777,0.0
District040,1958,0,1.1206634954086419,0.27811687071868724,0.093047259922558,5.590286681616189,1.3443730203907795,0.0
District040,1959,0,1.1206634954086419,0.27811687071868724,0.093047259922558,6.044787044952665,2.2458987153134577,0.0
District040,1960,0,1.1206634954086419,0.27811687071868724,0.093047259922558,5.286733285634234,1.5359182058833953,0.0
District040,1961,0,1.1206634954086419,0.27811687071868724,0.093047259922558,6.07950351477947,1.9324394486656093,0.0
District040,1962,1,1.1206634954086419,0.27811687071868724,0.093047259922558,6.081524284382433,1.5367506833516376,1.1206634954086419
District040,1963,1,1.1206634954086419,0.27811687071868724,0.093047259922558,8.175778572201066,2.6690332654048063,1.1206634954086419
District040,1964,1,1.1206634954086419,0.27811687071868724,0.093047259922558,6.736255478572314,2.302152293482734,1.1206634954086419
District040,1965,1,1.1206634954086419,0.27811687071868724,0.093047259922558,5.584742146733985,2.1959647476820727,1.1206634954086419
District040,1966,1,1.1206634954086419,0.27811687071868724,0.093047259922558,6.746309010890758,2.061433356663427,1.1206634954086419
District040,1967,1,1.1206634954086419,0.27811687071868724,0.093047259922558,8.064348569452644,2.4966777702982688,1.1206634954086419
District040,1968,1,1.1206634954086419,0.27811687071868724,0.093047259922558,6.270311558214382,2.1324261383255383,1.1206634954086419
District040,1969,1,1.1206634954086419,0.27811687071868724,0.093047259922558,7.129506921721055,2.364815780615039,1.1206634954086419
District040,1970,1,1.1206634954086419,0.27811687071868724,0.093047259922558,6.081206215121622,1.4452737845549928,1.1206634954086419
District040,1971,1,1.1206634954086419,0.27811687071868724,0.093047259922558,6.349919437477738,1.8302799284354674,1.1206634954086419
District040,1972,1,1.1206634954086419,0.27811687071868724,0.093047259922558,5.920868035034796,2.044318127500938,1.1206634954086419
District040,1973,1,1.1206634954086419,0.27811687071868724,0.093047259922558,5.211229532545766,1.0721837843595068,1.1206634954086419
District040,1974,1,1.1206634954086419,0.27811687071868724,0.093047259922558,6.014616090383283,1.9836124447994126,1.1206634954086419
District040,1975,1,1.1206634954086419,0.27811687071868724,0.093047259922558,7.571003058361597,1.8089721979205886,1.1206634954086419
District041,1950,0,1.4891007062569672,-1.5437493165698954,0.7253478331503457,4.83089230832547,1.7726895633586002,0.0
District041,1951,0,1.4891007062569672,-1.5437493165698954,0.7253478331503457,5.342470333832861,1.0185771401504797,0.0
District041,1952,0,1.4891007062569672,-1.5437493165698954,0.7253478331503457,6.045739727663257,1.8604124397163997,0.0
District041,1953,0,1.4891007062569672,-1.5437493165698954,0.7253478331503457,4.949493089601518,1.292717356768342,0.0
District041,1954,0,1.4891007062569672,-1.5437493165698954,0.7253478331503457,6.701851210359579,1.5078407261450624,0.0
District041,1955,0,1.4891007062569672,-1.5437493165698954,0.7253478331503457,4.990379507176826,1.4719545530106406,0.0
District041,1956,0,1.4891007062569672,-1.5437493165698954,0.7253478331503457,4.1963650510498915,1.3082494011197476,0.0
District041,1957,0,1.4891007062569672,-1.5437493165698954,0.7253478331503457,6.341236759802664,2.272058843345169,0.0
District041,1958,0,1.4891007062569672,-1.5437493165698954,0.7253478331503457,5.489864959491914,1.9711166522793415,0.0
District041,1959,0,1.4891007062569672,-1.5437493165698954,0.7253478331503457,6.286120308725322,1.6371059003207582,0.0
District041,1960,0,1.4891007062569672,-1.5437493165698954,0.7253478331503457,6.5961346136362,2.143938114727102,0.0
District041,1961,0,1.4891007062569672,-1.5437493165698954,0.7253478331503457,4.900959103373794,1.745850076754581,0.0
District041,1962,1,1.4891007062569672,-1.5437493165698954,0.7253478331503457,7.586808558421327,1.6251986900076187,1.4891007062569672
District041,1963,1,1.4891007062569672,-1.5437493165698954,0.7253478331503457,6.0992083521585325,2.154294169955358,1.4891007062569672
District041,1964,1,1.4891007062569672,-1.5437493165698954,0.7253478331503457,4.87017364905843,1.7277939618375076,1.4891007062569672
District041,1965,1,1.4891007062569672,-1.5437493165698954,0.7253478331503457,5.80680203524989,1.729288846117637,1.4891007062569672
District041,1966,1,1.4891007062569672,-1.5437493165698954,0.7253478331503457,5.979766739113801,1.4311738581142146,1.4891007062569672
District041,1967,1,1.4891007062569672,-1.5437493165698954,0.7253478331503457,5.644663262669796,1.9546198014118763,1.4891007062569672
District041,1968,1,1.4891007062569672,-1.5437493165698954,0.7253478331503457,4.352787640902278,1.6702041365365432,1.4891007062569672
District041,1969,1,1.4891007062569672,-1.5437493165698954,0.7253478331503457,7.24527349475577,2.117602051597596,1.4891007062569672
District041,1970,1,1.4891007062569672,-1.5437493165698954,0.7253478331503457,5.611242620226719,2.372064930379449,1.4891007062569672
District041,1971,1,1.4891007062569672,-1.5437493165698954,0.7253478331503457,4.306711817401021,1.6581656022662679,1.4891007062569672
District041,1972,1,1.4891007062569672,-1.5437493165698954,0.7253478331503457,5.458286788922641,1.3715251828654649,1.4891007062569672
District041,1973,1,1.4891007062569672,-1.5437493165698954,0.7253478331503457,5.010652727280572,1.2503148290076975,1.4891007062569672
District041,1974,1,1.4891007062569672,-1.5437493165698954,0.7253478331503457,5.274792813259858,1.6202751608583223,1.4891007062569672
District041,1975,1,1.4891007062569672,-1.5437493165698954,0.7253478331503457,7.337643389260293,2.136644608548573,1.4891007062569672
District042,1950,0,4.458614215048663,0.14150922628797596,0.29582044264112584,5.557427120291852,2.1344507712191505,0.0
District042,1951,0,4.458614215048663,0.14150922628797596,0.29582044264112584,4.798774525943652,1.4391556768343217,0.0
District042,1952,0,4.458614215048663,0.14150922628797596,0.29582044264112584,5.44875066753752,1.263647440931329,0.0
District042,1953,0,4.458614215048663,0.14150922628797596,0.29582044264112584,6.312097333296014,2.2638454112792536,0.0
District042,1954,0,4.458614215048663,0.14150922628797596,0.29582044264112584,7.498289537251546,1.5861163425361184,0.0
District042,1955,0,4.458614215048663,0.14150922628797596,0.29582044264112584,4.334056007645095,0.7318403249582257,0.0
District042,1956,0,4.458614215048663,0.14150922628797596,0.29582044264112584,5.9774951739826685,1.6478887362531724,0.0
District042,1957,0,4.458614215048663,0.14150922628797596,0.29582044264112584,4.613615602875262,2.217175138736067,0.0
District042,1958,0,4.458614215048663,0.14150922628797596,0.29582044264112584,6.669305035564985,1.7193302221733995,0.0
District042,1959,0,4.458614215048663,0.14150922628797596,0.29582044264112584,6.885754363376906,2.710563238051662,0.0
District042,1960,0,4.458614215048663,0.14150922628797596,0.29582044264112584,6.925606696113692,1.7239972794809906,0.0
District042,1961,0,4.458614215048663,0.14150922628797596,0.29582044264112584,7.248091645300656,2.1808118080232664,0.0
District042,1962,1,4.458614215048663,0.14150922628797596,0.29582044264112584,7.318807215140727,2.1109740969208315,4.458614215048663
District042,1963,1,4.458614215048663,0.14150922628797596,0.29582044264112584,7.605476553461044,2.0491428665208544,4.458614215048663
District042,1964,1,4.458614215048663,0.14150922628797596,0.29582044264112584,7.48464055063446,1.9823860244995593,4.458614215048663
District042,1965,1,4.458614215048663,0.14150922628797596,0.29582044264112584,8.185408332136536,1.4803891233960038,4.458614215048663
District042,1966,1,4.458614215048663,0.14150922628797596,0.29582044264112584,6.405827359139147,1.8324360752044973,4.458614215048663
District042,1967,1,4.458614215048663,0.14150922628797596,0.29582044264112584,8.068991285437749,2.270693322974442,4.458614215048663
District042,1968,1,4.458614215048663,0.14150922628797596,0.29582044264112584,8.832002348299474,2.8381035890232074,4.458614215048663
District042,1969,1,4.458614215048663,0.14150922628797596,0.29582044264112584,8.365777464937702,1.843689712668087,4.458614215048663
District042,1970,1,4.458614215048663,0.14150922628797596,0.29582044264112584,7.259282861338427,2.177273965860961,4.458614215048663
District042,1971,1,4.458614215048663,0.14150922628797596,0.29582044264112584,9.140120728066387,2.210572165558889,4.458614215048663
District042,1972,1,4.458614215048663,0.14150922628797596,0.29582044264112584,7.650247903734768,1.9514348227488285,4.458614215048663
District042,1973,1,4.458614215048663,0.14150922628797596,0.29582044264112584,7.285450623729943,1.9993571358063316,4.458614215048663
District042,1974,1,4.458614215048663,0.14150922628797596,0.29582044264112584,7.8366271518796955,1.7421545139820973,4.458614215048663
District042,1975,1,4.458614215048663,0.14150922628797596,0.29582044264112584,7.982303482513422,2.555025776778264,4.458614215048663
District043,1950,0,5.229589006193596,-0.03647436817221005,0.2614878968937825,6.196102617952398,2.264707215522536,0.0
District043,1951,0,5.229589006193596,-0.03647436817221005,0.2614878968937825,5.45791499375122,1.8626840227164252,0.0
District043,1952,0,5.229589006193596,-0.03647436817221005,0.2614878968937825,6.010349906654258,2.1682302065237296,0.0
District043,1953,0,5.229589006193596,-0.03647436817221005,0.2614878968937825,7.266390926034634,2.391036833026528,0.0
District043,1954,0,5.229589006193596,-0.03647436817221005,0.2614878968937825,4.84336016556091,0.9583946259911653,0.0
District043,1955,0,5.229589006193596,-0.03647436817221005,0.2614878968937825,5.342150695428229,2.555041435795949,0.0
District043,1956,0,5.229589006193596,-0.03647436817221005,0.2614878968937825,5.074464839957992,2.1290895493346427,0.0
District043,1957,0,5.229589006193596,-0.03647436817221005,0.2614878968937825,5.778843426134375,2.222131481964538,0.0
District043,1958,0,5.229589006193596,-0.03647436817221005,0.2614878968937825,6.271125642683806,1.6064210391158364,0.0
District043,1959,0,5.229589006193596,-0.03647436817221005,0.2614878968937825,5.199164503375571,1.449757340811739,0.0
District043,1960,0,5.229589006193596,-0.03647436817221005,0.2614878968937825,6.889637528802204,2.456525961019282,0.0
District043,1961,0,5.229589006193596,-0.03647436817221005,0.2614878968937825,5.0794355936629145,2.1181135340778554,0.0
District043,1962,1,5.229589006193596,-0.03647436817221005,0.2614878968937825,9.745916748991064,2.392224317164483,5.229589006193596
District043,1963,1,5.229589006193596,-0.03647436817221005,0.2614878968937825,7.967309692134327,1.8550116263718575,5.229589006193596
District043,1964,1,5.229589006193596,-0.03647436817221005,0.2614878968937825,9.350101998938785,2.655510467450654,5.229589006193596
District043,1965,1,5.229589006193596,-0.03647436817221005,0.2614878968937825,8.527894052619635,1.749280824761249,5.229589006193596
District043,1966,1,5.229589006193596,-0.03647436817221005,0.2614878968937825,8.511787423437426,1.738797661864984,5.229589006193596
District043,1967,1,5.229589006193596,-0.03647436817221005,0.2614878968937825,6.792424790108853,2.113108688923565,5.229589006193596
District043,1968,1,5.229589006193596,-0.03647436817221005,0.2614878968937825,8.092217810304337,2.1969170473079576,5.229589006193596
District043,1969,1,5.229589006193596,-0.03647436817221005,0.2614878968937825,8.14321720933963,2.082132249494188,5.229589006193596
District043,1970,1,5.229589006193596,-0.03647436817221005,0.2614878968937825,7.71708226435959,1.9096498884673103,5.229589006193596
District043,1971,1,5.229589006193596,-0.03647436817221005,0.2614878968937825,7.852742555724751,2.2832196972351313,5.229589006193596
District043,1972,1,5.229589006193596,-0.03647436817221005,0.2614878968937825,8.478731793860018,1.9164850670751956,5.229589006193596
District043,1973,1,5.229589006193596,-0.03647436817221005,0.2614878968937825,9.343113165427674,1.9471225427927317,5.229589006193596
District043,1974,1,5.229589006193596,-0.03647436817221005,0.2614878968937825,9.250544565560933,1.8479508816426864,5.229589006193596
District043,1975,1,5.229589006193596,-0.03647436817221005,0.2614878968937825,8.007744461821304,1.6196018791139335,5.229589006193596
District044,1950,0,1.363136611268809,2.205417184120456,0.27681834306771963,8.672601798875007,2.5745052912245954,0.0
District044,1951,0,1.363136611268809,2.205417184120456,0.27681834306771963,7.0969375654022935,1.9176832969622033,0.0
District044,1952,0,1.363136611268809,2.205417184120456,0.27681834306771963,7.914370623061963,2.14487976669565,0.0
District044,1953,0,1.363136611268809,2.205417184120456,0.27681834306771963,6.56466289848778,1.1466360833128988,0.0
District044,1954,0,1.363136611268809,2.205417184120456,0.27681834306771963,7.545491502111375,2.5469946637148055,0.0
District044,1955,0,1.363136611268809,2.205417184120456,0.27681834306771963,8.362786319536461,1.8416150575248142,0.0
District044,1956,0,1.363136611268809,2.205417184120456,0.27681834306771963,6.842792729008155,1.8299873097865773,0.0
District044,1957,0,1.363136611268809,2.205417184120456,0.27681834306771963,6.611131344760838,2.2119454103625795,0.0
District044,1958,0,1.363136611268809,2.205417184120456,0.27681834306771963,6.621450093923189,1.89295416548196,0.0
District044,1959,0,1.363136611268809,2.205417184120456,0.27681834306771963,7.473276724608361,2.6056888136493157,0.0
District044,1960,0,1.363136611268809,2.205417184120456,0.27681834306771963,7.5904192927368515,1.615447827840591,0.0
District044,1961,0,1.363136611268809,2.205417184120456,0.27681834306771963,7.736117689558789,2.4219421904975604,0.0
District044,1962,1,1.363136611268809,2.205417184120456,0.27681834306771963,6.677750016822517,2.208759703813645,1.363136611268809
District044,1963,1,1.363136611268809,2.205417184120456,0.27681834306771963,5.968565826893903,1.5079009307400895,1.363136611268809
District044,1964,1,1.363136611268809,2.205417184120456,0.27681834306771963,7.034236202669897,1.4833387911575162,1.363136611268809
District044,1965,1,1.363136611268809,2.205417184120456,0.27681834306771963,9.748099754422034,2.3974617530579194,1.363136611268809
District044,1966,1,1.363136611268809,2.205417184120456,0.27681834306771963,8.327983916912775,2.799647042059966,1.363136611268809
District044,1967,1,1.363136611268809,2.205417184120456,0.27681834306771963,6.331996442069434,1.7181516664106726,1.363136611268809
District044,1968,1,1.363136611268809,2.205417184120456,0.27681834306771963,7.204174089284206,1.8313793544299655,1.363136611268809
District044,1969,1,1.363136611268809,2.205417184120456,0.27681834306771963,8.854293920177335,3.3138627629319872,1.363136611268809
District044,1970,1,1.363136611268809,2.205417184120456,0.27681834306771963,8.480752988112904,2.4841942831877724,1.363136611268809
District044,1971,1,1.363136611268809,2.205417184120456,0.27681834306771963,8.633898776379173,1.9146711331105475,1.363136611268809
District044,1972,1,1.363136611268809,2.205417184120456,0.27681834306771963,7.625535315668886,1.8811664194749569,1.363136611268809
District044,1973,1,1.363136611268809,2.205417184120456,0.27681834306771963,8.20942600346662,2.3117616738786166,1.363136611268809
District044,1974,1,1.363136611268809,2.205417184120456,0.27681834306771963,8.084282759371122,2.8470839560312946,1.363136611268809
District044,1975,1,1.363136611268809,2.205417184120456,0.27681834306771963,7.913352899455391,2.604605658981671,1.363136611268809
District045,1950,0,4.6158940638059285,0.22644479277920046,0.02,5.674618970838163,2.1711147997343883,0.0
District045,1951,0,4.6158940638059285,0.22644479277920046,0.02,6.522980443264122,1.8282791525400168,0.0
District045,1952,0,4.6158940638059285,0.22644479277920046,0.02,6.1197805598249335,1.7452178733436603,0.0
District045,1953,0,4.6158940638059285,0.22644479277920046,0.02,3.8864997083899455,1.5520849442422873,0.0
District045,1954,0,4.6158940638059285,0.22644479277920046,0.02,5.095545436053766,1.8988484961770393,0.0
District045,1955,0,4.6158940638059285,0.22644479277920046,0.02,6.806374520624337,1.7760214465649342,0.0
District045,1956,0,4.6158940638059285,0.22644479277920046,0.02,7.09594425028177,1.4662090406139934,0.0
District045,1957,0,4.6158940638059285,0.22644479277920046,0.02,4.427584763994357,1.20427130480413,0.0
District045,1958,0,4.6158940638059285,0.22644479277920046,0.02,5.529146448883982,1.2541482257684773,0.0
District045,1959,0,4.6158940638059285,0.22644479277920046,0.02,4.695026549273099,1.9430565459536537,0.0
District045,1960,0,4.6158940638059285,0.22644479277920046,0.02,4.605527595476188,1.4942886810452618,0.0
District045,1961,0,4.6158940638059285,0.22644479277920046,0.02,7.973011006913693,2.063520998001467,0.0
District045,1962,1,4.6158940638059285,0.22644479277920046,0.02,9.867596094403346,1.25236970489834,4.6158940638059285
District045,1963,1,4.6158940638059285,0.22644479277920046,0.02,8.53784850331979,2.300998856077264,4.6158940638059285
District045,1964,1,4.6158940638059285,0.22644479277920046,0.02,7.580213411362317,2.334180316272352,4.6158940638059285
District045,1965,1,4.6158940638059285,0.22644479277920046,0.02,8.288257321846535,1.7450075141962804,4.6158940638059285
District045,1966,1,4.6158940638059285,0.22644479277920046,0.02,9.794507136344905,1.8073956098254413,4.6158940638059285
District045,1967,1,4.6158940638059285,0.22644479277920046,0.02,7.370860274837604,1.7745866672459578,4.6158940638059285
District045,1968,1,4.6158940638059285,0.22644479277920046,0.02,8.673258761450366,2.538803098822279,4.6158940638059285
District045,1969,1,4.6158940638059285,0.22644479277920046,0.02,8.453730059859621,1.962363779466781,4.6158940638059285
District045,1970,1,4.6158940638059285,0.22644479277920046,0.02,7.409111269999012,1.658076433454539,4.6158940638059285
District045,1971,1,4.6158940638059285,0.22644479277920046,0.02,8.101262969318194,2.182514575950456,4.6158940638059285
District045,1972,1,4.6158940638059285,0.22644479277920046,0.02,9.113981335116447,3.3014281940484707,4.6158940638059285
District045,1973,1,4.6158940638059285,0.22644479277920046,0.02,8.241223199962633,1.6815807841834691,4.6158940638059285
District045,1974,1,4.6158940638059285,0.22644479277920046,0.02,8.634166169007186,1.9027026189028386,4.6158940638059285
District045,1975,1,4.6158940638059285,0.22644479277920046,0.02,9.293026629295259,2.2463179284660963,4.6158940638059285
District046,1950,0,3.4476122471868242,1.7835163569371422,0.24101422751560012,6.417124148822273,1.260275600820636,0.0
District046,1951,0,3.4476122471868242,1.7835163569371422,0.24101422751560012,8.626592433309192,2.0587638758617453,0.0
District046,1952,0,3.4476122471868242,1.7835163569371422,0.24101422751560012,5.920690112093449,1.7380980654552658,0.0
District046,1953,0,3.4476122471868242,1.7835163569371422,0.24101422751560012,5.719733195376852,1.73743559992346,0.0
District046,1954,0,3.4476122471868242,1.7835163569371422,0.24101422751560012,6.865069072804895,2.1725730100611553,0.0
District046,1955,0,3.4476122471868242,1.7835163569371422,0.24101422751560012,6.661170824496701,1.567351941670878,0.0
District046,1956,0,3.4476122471868242,1.7835163569371422,0.24101422751560012,9.59544304397539,2.0202715503665805,0.0
District046,1957,0,3.4476122471868242,1.7835163569371422,0.24101422751560012,6.5744860846052475,1.5093346776275638,0.0
District046,1958,0,3.4476122471868242,1.7835163569371422,0.24101422751560012,6.759860344595536,1.7763283534569039,0.0
District046,1959,0,3.4476122471868242,1.7835163569371422,0.24101422751560012,6.294199409206791,1.7504601869506637,0.0
District046,1960,0,3.4476122471868242,1.7835163569371422,0.24101422751560012,6.701647032936044,1.7235179593191656,0.0
District046,1961,0,3.4476122471868242,1.7835163569371422,0.24101422751560012,6.831643868289215,1.7144683805471694,0.0
District046,1962,1,3.4476122471868242,1.7835163569371422,0.24101422751560012,9.14178402462489,2.2242089598249803,3.4476122471868242
District046,1963,1,3.4476122471868242,1.7835163569371422,0.24101422751560012,8.55396904401014,1.9368431097265066,3.4476122471868242
District046,1964,1,3.4476122471868242,1.7835163569371422,0.24101422751560012,9.537350327061464,2.442282632442367,3.4476122471868242
District046,1965,1,3.4476122471868242,1.7835163569371422,0.24101422751560012,8.789209442610147,2.487510647620624,3.4476122471868242
District046,1966,1,3.4476122471868242,1.7835163569371422,0.24101422751560012,8.214159104197336,2.238702231133294,3.4476122471868242
District046,1967,1,3.4476122471868242,1.7835163569371422,0.24101422751560012,8.612161049789567,2.4973064164138914,3.4476122471868242
District046,1968,1,3.4476122471868242,1.7835163569371422,0.24101422751560012,7.650684292654043,1.5494958378744188,3.4476122471868242
District046,1969,1,3.4476122471868242,1.7835163569371422,0.24101422751560012,9.947036466027145,2.1249111139625456,3.4476122471868242
District046,1970,1,3.4476122471868242,1.7835163569371422,0.24101422751560012,9.66779065705586,1.988895903564861,3.4476122471868242
District046,1971,1,3.4476122471868242,1.7835163569371422,0.24101422751560012,8.23606066582244,2.3245428328357023,3.4476122471868242
District046,1972,1,3.4476122471868242,1.7835163569371422,0.24101422751560012,8.225775954169112,1.4223963047331125,3.4476122471868242
District046,1973,1,3.4476122471868242,1.7835163569371422,0.24101422751560012,8.980890102019536,1.930360928835183,3.4476122471868242
District046,1974,1,3.4476122471868242,1.7835163569371422,0.24101422751560012,10.127308464420691,1.9741953756218629,3.4476122471868242
District046,1975,1,3.4476122471868242,1.7835163569371422,0.24101422751560012,9.400342640092285,3.06271994840262,3.4476122471868242
District047,1950,0,3.414393099754948,0.26073939348935726,0.40715850197825476,4.633087899913033,1.6639618629623396,0.0
District047,1951,0,3.414393099754948,0.26073939348935726,0.40715850197825476,6.971582881109993,1.7003263509197886,0.0
District047,1952,0,3.414393099754948,0.26073939348935726,0.40715850197825476,7.008667409837466,2.167430520502832,0.0
District047,1953,0,3.414393099754948,0.26073939348935726,0.40715850197825476,6.337149441163448,2.6291486276243563,0.0
District047,1954,0,3.414393099754948,0.26073939348935726,0.40715850197825476,6.838205998573464,1.4911164411487445,0.0
District047,1955,0,3.414393099754948,0.26073939348935726,0.40715850197825476,6.33556237543548,2.205925054995102,0.0
District047,1956,0,3.414393099754948,0.26073939348935726,0.40715850197825476,6.0648388788757,1.842968230361353,0.0
District047,1957,0,3.414393099754948,0.26073939348935726,0.40715850197825476,6.522421270110496,1.7140812532949155,0.0
District047,1958,0,3.414393099754948,0.26073939348935726,0.40715850197825476,7.659043176695893,2.1664927479157696,0.0
District047,1959,0,3.414393099754948,0.26073939348935726,0.40715850197825476,5.734587397883103,1.9158027029238982,0.0
District047,1960,0,3.414393099754948,0.26073939348935726,0.40715850197825476,5.747831433933063,2.1144325001928452,0.0
District047,1961,0,3.414393099754948,0.26073939348935726,0.40715850197825476,5.600491740304869,1.7401220228022705,0.0
District047,1962,1,3.414393099754948,0.26073939348935726,0.40715850197825476,9.000333246341892,1.7834102334233295,3.414393099754948
District047,1963,1,3.414393099754948,0.26073939348935726,0.40715850197825476,7.94126701767991,2.160101435141629,3.414393099754948
District047,1964,1,3.414393099754948,0.26073939348935726,0.40715850197825476,8.915048264472263,1.4328212941010192,3.414393099754948
District047,1965,1,3.414393099754948,0.26073939348935726,0.40715850197825476,7.689886553979564,1.43402583186547,3.414393099754948
District047,1966,1,3.414393099754948,0.26073939348935726,0.40715850197825476,7.718498207610564,1.8745503098754197,3.414393099754948
District047,1967,1,3.414393099754948,0.26073939348935726,0.40715850197825476,9.209704627804603,2.2796325230765686,3.414393099754948
District047,1968,1,3.414393099754948,0.26073939348935726,0.40715850197825476,7.463022877002529,2.5097750880648206,3.414393099754948
District047,1969,1,3.414393099754948,0.26073939348935726,0.40715850197825476,7.5917326647353995,2.2106258074435763,3.414393099754948
District047,1970,1,3.414393099754948,0.26073939348935726,0.40715850197825476,7.326702656585535,2.175613971772944,3.414393099754948
District047,1971,1,3.414393099754948,0.26073939348935726,0.40715850197825476,8.343761953406144,2.0165510665856217,3.414393099754948
District047,1972,1,3.414393099754948,0.26073939348935726,0.40715850197825476,8.879973195816563,2.2620719939981804,3.414393099754948
District047,1973,1,3.414393099754948,0.26073939348935726,0.40715850197825476,8.841295701646883,2.0483416121577083,3.414393099754948
District047,1974,1,3.414393099754948,0.26073939348935726,0.40715850197825476,7.106768267980163,2.00236705383849,3.414393099754948
District047,1975,1,3.414393099754948,0.26073939348935726,0.40715850197825476,9.100998415602819,2.447414999933013,3.414393099754948
District048,1950,0,1.943932095288288,-0.537967746489467,0.4817049320872898,7.60386137637576,1.934442714750932,0.0
District048,1951,0,1.943932095288288,-0.537967746489467,0.4817049320872898,4.93573837684994,1.6398765436061924,0.0
District048,1952,0,1.943932095288288,-0.537967746489467,0.4817049320872898,5.593735722837259,1.5181973930238224,0.0
District048,1953,0,1.943932095288288,-0.537967746489467,0.4817049320872898,4.87627098391026,1.883573290886662,0.0
District048,1954,0,1.943932095288288,-0.537967746489467,0.4817049320872898,4.005451174918038,1.4627905065044495,0.0
District048,1955,0,1.943932095288288,-0.537967746489467,0.4817049320872898,5.364180973004195,1.5538070980234129,0.0
District048,1956,0,1.943932095288288,-0.537967746489467,0.4817049320872898,4.703474035646709,1.8573332626426307,0.0
District048,1957,0,1.943932095288288,-0.537967746489467,0.4817049320872898,4.424865412587273,1.4448008797772172,0.0
District048,1958,0,1.943932095288288,-0.537967746489467,0.4817049320872898,5.215294368602256,2.3402914548385194,0.0
District048,1959,0,1.943932095288288,-0.537967746489467,0.4817049320872898,5.5465577208436985,1.854022357076367,0.0
District048,1960,0,1.943932095288288,-0.537967746489467,0.4817049320872898,6.010017047335331,1.546312334934048,0.0
District048,1961,0,1.943932095288288,-0.537967746489467,0.4817049320872898,5.029570439950029,1.3924728105984288,0.0
District048,1962,1,1.943932095288288,-0.537967746489467,0.4817049320872898,5.866196670667408,1.6410950621289033,1.943932095288288
District048,1963,1,1.943932095288288,-0.537967746489467,0.4817049320872898,7.203219803429808,2.5908294909932477,1.943932095288288
District048,1964,1,1.943932095288288,-0.537967746489467,0.4817049320872898,6.8782282696646755,2.151039344609489,1.943932095288288
District048,1965,1,1.943932095288288,-0.537967746489467,0.4817049320872898,5.852862125604669,1.6358030645244823,1.943932095288288
District048,1966,1,1.943932095288288,-0.537967746489467,0.4817049320872898,6.379919763618485,1.9623957082621608,1.943932095288288
District048,1967,1,1.943932095288288,-0.537967746489467,0.4817049320872898,4.61138502641958,1.313962170033143,1.943932095288288
District048,1968,1,1.943932095288288,-0.537967746489467,0.4817049320872898,5.973433716257962,2.234022785281207,1.943932095288288
District048,1969,1,1.943932095288288,-0.537967746489467,0.4817049320872898,6.973330331393805,1.7046448468305448,1.943932095288288
District048,1970,1,1.943932095288288,-0.537967746489467,0.4817049320872898,6.583446539469254,2.2715448297967336,1.943932095288288
District048,1971,1,1.943932095288288,-0.537967746489467,0.4817049320872898,5.892028775851628,1.0440160630608846,1.943932095288288
District048,1972,1,1.943932095288288,-0.537967746489467,0.4817049320872898,5.943595525983163,1.2849663380097094,1.943932095288288
District048,1973,1,1.943932095288288,-0.537967746489467,0.4817049320872898,6.727760952219675,1.9156251454432485,1.943932095288288
District048,1974,1,1.943932095288288,-0.537967746489467,0.4817049320872898,6.1321803607665935,1.1959493180140872,1.943932095288288
District048,1975,1,1.943932095288288,-0.537967746489467,0.4817049320872898,5.597512729088818,1.7112366159427077,1.943932095288288
District049,1950,0,1.3140747278591993,-0.3736100666851208,0.43403617195978217,5.125985917459071,1.4643971930228576,0.0
District049,1951,0,1.3140747278591993,-0.3736100666851208,0.43403617195978217,5.858142651420329,1.7788119901758424,0.0
District049,1952,0,1.3140747278591993,-0.3736100666851208,0.43403617195978217,6.943775397786141,1.8239376347660168,0.0
District049,1953,0,1.3140747278591993,-0.3736100666851208,0.43403617195978217,6.2744480059849,1.725328862025226,0.0
District049,1954,0,1.3140747278591993,-0.3736100666851208,0.43403617195978217,6.932834300505809,1.9343670191211906,0.0
District049,1955,0,1.3140747278591993,-0.3736100666851208,0.43403617195978217,5.271005745431364,1.8497020645272249,0.0
District049,1956,0,1.3140747278591993,-0.3736100666851208,0.43403617195978217,5.49926305880691,1.567305944545477,0.0
District049,1957,0,1.3140747278591993,-0.3736100666851208,0.43403617195978217,6.507784321663424,1.7642583339148483,0.0
District049,1958,0,1.3140747278591993,-0.3736100666851208,0.43403617195978217,5.713742411946036,1.9011466848245144,0.0
District049,1959,0,1.3140747278591993,-0.3736100666851208,0.43403617195978217,5.625502714770655,1.251487869049992,0.0
District049,1960,0,1.3140747278591993,-0.3736100666851208,0.43403617195978217,5.24688676432794,2.167375898343258,0.0
District049,1961,0,1.3140747278591993,-0.3736100666851208,0.43403617195978217,5.078153789577972,2.294253952043085,0.0
District049,1962,1,1.3140747278591993,-0.3736100666851208,0.43403617195978217,5.196584822987062,1.2649592352008696,1.3140747278591993
District049,1963,1,1.3140747278591993,-0.3736100666851208,0.43403617195978217,4.7527670410270835,1.424938963548876,1.3140747278591993
District049,1964,1,1.3140747278591993,-0.3736100666851208,0.43403617195978217,6.183309344025557,2.6414889712786938,1.3140747278591993
District049,1965,1,1.3140747278591993,-0.3736100666851208,0.43403617195978217,7.744641297172109,1.936223235857221,1.3140747278591993
District049,1966,1,1.3140747278591993,-0.3736100666851208,0.43403617195978217,6.233701195361603,1.4762616769018522,1.3140747278591993
District049,1967,1,1.3140747278591993,-0.3736100666851208,0.43403617195978217,6.1196203149548385,1.8684329880391972,1.3140747278591993
District049,1968,1,1.3140747278591993,-0.3736100666851208,0.43403617195978217,7.336514596705925,1.3421641024997912,1.3140747278591993
District049,1969,1,1.3140747278591993,-0.3736100666851208,0.43403617195978217,6.304726947163205,1.55776419893225,1.3140747278591993
District049,1970,1,1.3140747278591993,-0.3736100666851208,0.43403617195978217,6.729824642486268,1.674055472961539,1.3140747278591993
District049,1971,1,1.3140747278591993,-0.3736100666851208,0.43403617195978217,6.179870037281096,1.946914856279273,1.3140747278591993
District049,1972,1,1.3140747278591993,-0.3736100666851208,0.43403617195978217,6.337980133717225,1.7940346071233921,1.3140747278591993
District049,1973,1,1.3140747278591993,-0.3736100666851208,0.43403617195978217,6.324804913955449,1.8711109718114247,1.3140747278591993
District049,1974,1,1.3140747278591993,-0.3736100666851208,0.43403617195978217,5.260977463155564,1.8227682862069243,1.3140747278591993
District049,1975,1,1.3140747278591993,-0.3736100666851208,0.43403617195978217,6.600442642801325,1.5562945056957653,1.3140747278591993
District050,1950,0,3.057964462837397,-0.1344816887358458,0.21285919215346924,5.120924071895457,1.7515532681500146,0.0
District050,1951,0,3.057964462837397,-0.1344816887358458,0.21285919215346924,5.9651724821578505,1.522173740376137,0.0
District050,1952,0,3.057964462837397,-0.1344816887358458,0.21285919215346924,7.018442345413254,2.1623631747673917,0.0
District050,1953,0,3.057964462837397,-0.1344816887358458,0.21285919215346924,5.493175675605185,2.5502013052169517,0.0
District050,1954,0,3.057964462837397,-0.1344816887358458,0.21285919215346924,6.323610360133923,2.0238458519551,0.0
District050,1955,0,3.057964462837397,-0.1344816887358458,0.21285919215346924,5.787709485963883,2.46856557109425,0.0
District050,1956,0,3.057964462837397,-0.1344816887358458,0.21285919215346924,5.944256982581155,1.5873617237510986,0.0
District050,1957,0,3.057964462837397,-0.1344816887358458,0.21285919215346924,5.026102839968081,1.993739744910222,0.0
District050,1958,0,3.057964462837397,-0.1344816887358458,0.21285919215346924,5.377677562228664,1.245689847685942,0.0
District050,1959,0,3.057964462837397,-0.1344816887358458,0.21285919215346924,6.026874976422185,2.5613376466329756,0.0
District050,1960,0,3.057964462837397,-0.1344816887358458,0.21285919215346924,4.701240746672697,1.4376377766462152,0.0
District050,1961,0,3.057964462837397,-0.1344816887358458,0.21285919215346924,6.638668372839583,1.7605016814281085,0.0
District050,1962,1,3.057964462837397,-0.1344816887358458,0.21285919215346924,6.767490409368483,1.4462031046187038,3.057964462837397
District050,1963,1,3.057964462837397,-0.1344816887358458,0.21285919215346924,6.953100854953216,2.4114056338092564,3.057964462837397
District050,1964,1,3.057964462837397,-0.1344816887358458,0.21285919215346924,7.729434320938656,2.0813724840683654,3.057964462837397
District050,1965,1,3.057964462837397,-0.1344816887358458,0.21285919215346924,8.923935927786143,2.1364199745601717,3.057964462837397
District050,1966,1,3.057964462837397,-0.1344816887358458,0.21285919215346924,7.309124249737523,2.133533484912289,3.057964462837397
District050,1967,1,3.057964462837397,-0.1344816887358458,0.21285919215346924,8.386746086993892,2.026581390609784,3.057964462837397
District050,1968,1,3.057964462837397,-0.1344816887358458,0.21285919215346924,6.8465789583699985,2.1641400846482832,3.057964462837397
District050,1969,1,3.057964462837397,-0.1344816887358458,0.21285919215346924,5.621556178477952,1.6782344535125258,3.057964462837397
District050,1970,1,3.057964462837397,-0.1344816887358458,0.21285919215346924,6.852386747594947,2.2587433183255357,3.057964462837397
District050,1971,1,3.057964462837397,-0.1344816887358458,0.21285919215346924,8.265622061600084,2.459490841423129,3.057964462837397
District050,1972,1,3.057964462837397,-0.1344816887358458,0.21285919215346924,8.060719695005275,2.086538974586572,3.057964462837397
District050,1973,1,3.057964462837397,-0.1344816887358458,0.21285919215346924,7.838811938789313,2.16494596099645,3.057964462837397
District050,1974,1,3.057964462837397,-0.1344816887358458,0.21285919215346924,6.69449655660167,1.7473749775467033,3.057964462837397
District050,1975,1,3.057964462837397,-0.1344816887358458,0.21285919215346924,6.660623846703157,2.1086788492004325,3.057964462837397
District051,1950,0,0.46967970848479146,0.8056018300132229,0.3028904589296483,6.558974848724785,1.6995559512671081,0.0
District051,1951,0,0.46967970848479146,0.8056018300132229,0.3028904589296483,5.388160046073845,1.6798839603675093,0.0
District051,1952,0,0.46967970848479146,0.8056018300132229,0.3028904589296483,4.551671426902034,1.1156085953861778,0.0
District051,1953,0,0.46967970848479146,0.8056018300132229,0.3028904589296483,4.49946207321022,1.98806810786569,0.0
District051,1954,0,0.46967970848479146,0.8056018300132229,0.3028904589296483,6.191720151281514,1.2296016585265286,0.0
District051,1955,0,0.46967970848479146,0.8056018300132229,0.3028904589296483,6.169586653870573,1.303484427005007,0.0
District051,1956,0,0.46967970848479146,0.8056018300132229,0.3028904589296483,7.793185095108848,2.446783877263909,0.0
District051,1957,0,0.46967970848479146,0.8056018300132229,0.3028904589296483,4.823692541341586,1.8472330016600929,0.0
District051,1958,0,0.46967970848479146,0.8056018300132229,0.3028904589296483,7.042198783010116,1.3518014688691071,0.0
District051,1959,0,0.46967970848479146,0.8056018300132229,0.3028904589296483,6.436482918957852,1.7458950172076941,0.0
District051,1960,0,0.46967970848479146,0.8056018300132229,0.3028904589296483,7.349535703985982,2.501044878885536,0.0
District051,1961,0,0.46967970848479146,0.8056018300132229,0.3028904589296483,5.948599958381634,1.4292324082570282,0.0
District051,1962,1,0.46967970848479146,0.8056018300132229,0.3028904589296483,5.92096713465818,1.910591347844384,0.46967970848479146
District051,1963,1,0.46967970848479146,0.8056018300132229,0.3028904589296483,6.261151503477347,2.0150311528406495,0.46967970848479146
District051,1964,1,0.46967970848479146,0.8056018300132229,0.3028904589296483,5.927447205928083,1.717272685932868,0.46967970848479146
District051,1965,1,0.46967970848479146,0.8056018300132229,0.3028904589296483,7.827058817903554,1.8709059285556706,0.46967970848479146
District051,1966,1,0.46967970848479146,0.8056018300132229,0.3028904589296483,7.565966056164978,2.0354269016458506,0.46967970848479146
District051,1967,1,0.46967970848479146,0.8056018300132229,0.3028904589296483,6.414076236487206,1.58376838611139,0.46967970848479146
District051,1968,1,0.46967970848479146,0.8056018300132229,0.3028904589296483,7.1713353553575425,1.1077873248590664,0.46967970848479146
District051,1969,1,0.46967970848479146,0.8056018300132229,0.3028904589296483,6.111234727781238,1.8515877736642765,0.46967970848479146
District051,1970,1,0.46967970848479146,0.8056018300132229,0.3028904589296483,6.010841033084345,1.616533357884448,0.46967970848479146
District051,1971,1,0.46967970848479146,0.8056018300132229,0.3028904589296483,6.179044202076709,1.6366359693464636,0.46967970848479146
District051,1972,1,0.46967970848479146,0.8056018300132229,0.3028904589296483,7.168823329398119,1.8187484111665175,0.46967970848479146
District051,1973,1,0.46967970848479146,0.8056018300132229,0.3028904589296483,6.001212903957643,1.6971516051930742,0.46967970848479146
District051,1974,1,0.46967970848479146,0.8056018300132229,0.3028904589296483,6.996744553298296,2.406140265461456,0.46967970848479146
District051,1975,1,0.46967970848479146,0.8056018300132229,0.3028904589296483,5.514753168613191,2.014508048934854,0.46967970848479146
District052,1950,0,3.084678829987178,-1.447165251435073,0.13339072010029834,6.162464589180114,1.6511276291183783,0.0
District052,1951,0,3.084678829987178,-1.447165251435073,0.13339072010029834,4.8777072883480415,1.3552254532099572,0.0
District052,1952,0,3.084678829987178,-1.447165251435073,0.13339072010029834,4.573475834497074,2.0636341232548077,0.0
District052,1953,0,3.084678829987178,-1.447165251435073,0.13339072010029834,6.362806728110467,1.6552699310368209,0.0
District052,1954,0,3.084678829987178,-1.447165251435073,0.13339072010029834,4.964559837705044,2.35534943168481,0.0
District052,1955,0,3.084678829987178,-1.447165251435073,0.13339072010029834,6.179646061620844,2.1727468799801164,0.0
District052,1956,0,3.084678829987178,-1.447165251435073,0.13339072010029834,5.535392134918957,0.9738910297880076,0.0
District052,1957,0,3.084678829987178,-1.447165251435073,0.13339072010029834,5.158407703806214,1.1669432884559836,0.0
District052,1958,0,3.084678829987178,-1.447165251435073,0.13339072010029834,4.7616929329184785,1.6360354712812935,0.0
District052,1959,0,3.084678829987178,-1.447165251435073,0.13339072010029834,5.749307235303505,1.6123181210543418,0.0
District052,1960,0,3.084678829987178,-1.447165251435073,0.13339072010029834,5.749708130083415,2.225301670219956,0.0
District052,1961,0,3.084678829987178,-1.447165251435073,0.13339072010029834,4.918440533414279,1.42928015834034,0.0
District052,1962,1,3.084678829987178,-1.447165251435073,0.13339072010029834,6.486381932220376,1.9165179634331917,3.084678829987178
District052,1963,1,3.084678829987178,-1.447165251435073,0.13339072010029834,6.955868084768811,1.3478083264137721,3.084678829987178
District052,1964,1,3.084678829987178,-1.447165251435073,0.13339072010029834,7.578984763259713,1.0737048685090205,3.084678829987178
District052,1965,1,3.084678829987178,-1.447165251435073,0.13339072010029834,7.467480772091784,1.1677945935224832,3.084678829987178
District052,1966,1,3.084678829987178,-1.447165251435073,0.13339072010029834,4.661351148689895,1.2544531204749345,3.084678829987178
District052,1967,1,3.084678829987178,-1.447165251435073,0.13339072010029834,5.458024556667249,1.5050575170647973,3.084678829987178
District052,1968,1,3.084678829987178,-1.447165251435073,0.13339072010029834,6.286780711088224,1.259750101259383,3.084678829987178
District052,1969,1,3.084678829987178,-1.447165251435073,0.13339072010029834,8.19594517875641,1.5313476686260394,3.084678829987178
District052,1970,1,3.084678829987178,-1.447165251435073,0.13339072010029834,5.284345169794747,1.932363359197343,3.084678829987178
District052,1971,1,3.084678829987178,-1.447165251435073,0.13339072010029834,6.459148621894758,1.9310057154126261,3.084678829987178
District052,1972,1,3.084678829987178,-1.447165251435073,0.13339072010029834,6.804871278014381,1.608761493284002,3.084678829987178
District052,1973,1,3.084678829987178,-1.447165251435073,0.13339072010029834,8.850463029064851,2.409468146744609,3.084678829987178
District052,1974,1,3.084678829987178,-1.447165251435073,0.13339072010029834,6.919163787745186,1.990126703746548,3.084678829987178
District052,1975,1,3.084678829987178,-1.447165251435073,0.13339072010029834,7.167617334304743,1.6287300289441158,3.084678829987178
District053,1950,0,2.443350283067109,0.004037480174679114,0.4131110389176268,6.321681139350457,1.4615907789222238,0.0
District053,1951,0,2.443350283067109,0.004037480174679114,0.4131110389176268,5.869482040127664,1.7416614830248522,0.0
District053,1952,0,2.443350283067109,0.004037480174679114,0.4131110389176268,5.019878960641438,1.6100124597467511,0.0
District053,1953,0,2.443350283067109,0.004037480174679114,0.4131110389176268,6.754004285761688,2.3202773688170257,0.0
District053,1954,0,2.443350283067109,0.004037480174679114,0.4131110389176268,5.54301584635616,1.9758457698342355,0.0
District053,1955,0,2.443350283067109,0.004037480174679114,0.4131110389176268,6.080717966134629,2.035429839330446,0.0
District053,1956,0,2.443350283067109,0.004037480174679114,0.4131110389176268,6.3306715176970085,2.3283050468083575,0.0
District053,1957,0,2.443350283067109,0.004037480174679114,0.4131110389176268,6.311077067500352,2.0063097585560143,0.0
District053,1958,0,2.443350283067109,0.004037480174679114,0.4131110389176268,4.658237658962358,0.7215421013047363,0.0
District053,1959,0,2.443350283067109,0.004037480174679114,0.4131110389176268,5.948860463819188,1.6370127040254618,0.0
District053,1960,0,2.443350283067109,0.004037480174679114,0.4131110389176268,5.636011102985877,2.0403771758842324,0.0
District053,1961,0,2.443350283067109,0.004037480174679114,0.4131110389176268,4.768654326238835,1.6460338492446422,0.0
District053,1962,1,2.443350283067109,0.004037480174679114,0.4131110389176268,9.187887334457692,1.650205741368601,2.443350283067109
District053,1963,1,2.443350283067109,0.004037480174679114,0.4131110389176268,7.178030203415332,1.163228794540839,2.443350283067109
District053,1964,1,2.443350283067109,0.004037480174679114,0.4131110389176268,8.125731245609025,1.7901858372869017,2.443350283067109
District053,1965,1,2.443350283067109,0.004037480174679114,0.4131110389176268,7.135077859560603,1.6414754282058073,2.443350283067109
District053,1966,1,2.443350283067109,0.004037480174679114,0.4131110389176268,7.112437830721879,1.5535234012586365,2.443350283067109
District053,1967,1,2.443350283067109,0.004037480174679114,0.4131110389176268,5.894675740717866,2.211592085844046,2.443350283067109
District053,1968,1,2.443350283067109,0.004037480174679114,0.4131110389176268,7.15420735841388,2.344511119117818,2.443350283067109
District053,1969,1,2.443350283067109,0.004037480174679114,0.4131110389176268,8.750175449878382,1.485299450099341,2.443350283067109
District053,1970,1,2.443350283067109,0.004037480174679114,0.4131110389176268,8.152058561460409,2.1337387468437887,2.443350283067109
District053,1971,1,2.443350283067109,0.004037480174679114,0.4131110389176268,8.636973071711903,2.4964707157321095,2.443350283067109
District053,1972,1,2.443350283067109,0.004037480174679114,0.4131110389176268,7.317486729547008,1.6084977870882593,2.443350283067109
District053,1973,1,2.443350283067109,0.004037480174679114,0.4131110389176268,7.810449468967626,1.762597750316506,2.443350283067109
District053,1974,1,2.443350283067109,0.004037480174679114,0.4131110389176268,6.587613004497367,2.429389488543987,2.443350283067109
District053,1975,1,2.443350283067109,0.004037480174679114,0.4131110389176268,8.260154479133849,1.906967423458346,2.443350283067109
District054,1950,0,1.7426397809098741,0.32707392897655785,0.2180349236378915,6.708891739395348,1.5550217775779185,0.0
District054,1951,0,1.7426397809098741,0.32707392897655785,0.2180349236378915,6.253212481613084,1.613664651443283,0.0
District054,1952,0,1.7426397809098741,0.32707392897655785,0.2180349236378915,8.08042669330089,2.5706330441522574,0.0
District054,1953,0,1.7426397809098741,0.32707392897655785,0.2180349236378915,5.82651757295932,2.3585508135713855,0.0
District054,1954,0,1.7426397809098741,0.32707392897655785,0.2180349236378915,7.065670514650872,2.2605868459817926,0.0
District054,1955,0,1.7426397809098741,0.32707392897655785,0.2180349236378915,5.008468691591791,1.8262290983396645,0.0
District054,1956,0,1.7426397809098741,0.32707392897655785,0.2180349236378915,6.099788330853278,1.3997489776831795,0.0
District054,1957,0,1.7426397809098741,0.32707392897655785,0.2180349236378915,6.3983697316737045,1.6648228296229597,0.0
District054,1958,0,1.7426397809098741,0.32707392897655785,0.2180349236378915,6.794295907111367,2.1132991538265027,0.0
District054,1959,0,1.7426397809098741,0.32707392897655785,0.2180349236378915,6.2567261997681065,1.8730557165243857,0.0
District054,1960,0,1.7426397809098741,0.32707392897655785,0.2180349236378915,5.618904515498291,2.070486154119392,0.0
District054,1961,0,1.7426397809098741,0.32707392897655785,0.2180349236378915,5.563013880339022,1.819174865051066,0.0
District054,1962,1,1.7426397809098741,0.32707392897655785,0.2180349236378915,6.8169129193205125,2.3564251060123054,1.7426397809098741
District054,1963,1,1.7426397809098741,0.32707392897655785,0.2180349236378915,6.994457285852103,1.7457654117011963,1.7426397809098741
District054,1964,1,1.7426397809098741,0.32707392897655785,0.2180349236378915,5.603776622552718,2.4447589558766802,1.7426397809098741
District054,1965,1,1.7426397809098741,0.32707392897655785,0.2180349236378915,9.004373537105785,2.5380437470858963,1.7426397809098741
District054,1966,1,1.7426397809098741,0.32707392897655785,0.2180349236378915,6.204151103220081,2.4322808334484023,1.7426397809098741
District054,1967,1,1.7426397809098741,0.32707392897655785,0.2180349236378915,7.8857729987618645,1.963387959391219,1.7426397809098741
District054,1968,1,1.7426397809098741,0.32707392897655785,0.2180349236378915,5.267083474800257,1.4725110358168638,1.7426397809098741
District054,1969,1,1.7426397809098741,0.32707392897655785,0.2180349236378915,7.075899361800141,2.627282533285525,1.7426397809098741
District054,1970,1,1.7426397809098741,0.32707392897655785,0.2180349236378915,6.825391550215817,2.2830182031638895,1.7426397809098741
District054,1971,1,1.7426397809098741,0.32707392897655785,0.2180349236378915,7.221621184034832,2.276939797945232,1.7426397809098741
District054,1972,1,1.7426397809098741,0.32707392897655785,0.2180349236378915,7.719962110976167,2.454248138453856,1.7426397809098741
District054,1973,1,1.7426397809098741,0.32707392897655785,0.2180349236378915,7.282321194831118,1.890702519518473,1.7426397809098741
District054,1974,1,1.7426397809098741,0.32707392897655785,0.2180349236378915,7.282880830280258,1.9766777296728653,1.7426397809098741
District054,1975,1,1.7426397809098741,0.32707392897655785,0.2180349236378915,6.608272040362875,1.6108466684448497,1.7426397809098741
District055,1950,0,1.278201079618182,0.8669371262885438,0.5617486575164985,6.944202209383904,1.7465922957960436,0.0
District055,1951,0,1.278201079618182,0.8669371262885438,0.5617486575164985,7.145501125290044,2.114477397172686,0.0
District055,1952,0,1.278201079618182,0.8669371262885438,0.5617486575164985,5.9665098566868116,1.9435023403290619,0.0
District055,1953,0,1.278201079618182,0.8669371262885438,0.5617486575164985,6.718493501798651,2.1553709855113383,0.0
District055,1954,0,1.278201079618182,0.8669371262885438,0.5617486575164985,8.996378218746406,2.3454280928507063,0.0
District055,1955,0,1.278201079618182,0.8669371262885438,0.5617486575164985,4.667938667171202,1.5928599988481835,0.0
District055,1956,0,1.278201079618182,0.8669371262885438,0.5617486575164985,7.024610330950896,1.9574568415550264,0.0
District055,1957,0,1.278201079618182,0.8669371262885438,0.5617486575164985,6.9056376317153765,2.0392227184472542,0.0
District055,1958,0,1.278201079618182,0.8669371262885438,0.5617486575164985,7.461554583296321,2.009522123957093,0.0
District055,1959,0,1.278201079618182,0.8669371262885438,0.5617486575164985,7.234535838768016,2.3544811975074547,0.0
District055,1960,0,1.278201079618182,0.8669371262885438,0.5617486575164985,6.588906090872351,2.8344702395982955,0.0
District055,1961,0,1.278201079618182,0.8669371262885438,0.5617486575164985,6.696420576206139,1.8420686772123702,0.0
District055,1962,1,1.278201079618182,0.8669371262885438,0.5617486575164985,7.668190378673959,1.8850347269951062,1.278201079618182
District055,1963,1,1.278201079618182,0.8669371262885438,0.5617486575164985,5.711798274690875,2.20940687322461,1.278201079618182
District055,1964,1,1.278201079618182,0.8669371262885438,0.5617486575164985,6.0642785613439845,1.510086898949209,1.278201079618182
District055,1965,1,1.278201079618182,0.8669371262885438,0.5617486575164985,7.844761794001167,2.3255393626447303,1.278201079618182
District055,1966,1,1.278201079618182,0.8669371262885438,0.5617486575164985,6.047965274356168,1.8978595819054576,1.278201079618182
District055,1967,1,1.278201079618182,0.8669371262885438,0.5617486575164985,8.297446018419702,2.008791335824313,1.278201079618182
District055,1968,1,1.278201079618182,0.8669371262885438,0.5617486575164985,8.5790334022236,1.7665111512007556,1.278201079618182
District055,1969,1,1.278201079618182,0.8669371262885438,0.5617486575164985,6.9635579557631635,1.616049864573951,1.278201079618182
District055,1970,1,1.278201079618182,0.8669371262885438,0.5617486575164985,7.047564574398957,1.5425250747068808,1.278201079618182
District055,1971,1,1.278201079618182,0.8669371262885438,0.5617486575164985,7.295044251459164,1.5823840616818572,1.278201079618182
District055,1972,1,1.278201079618182,0.8669371262885438,0.5617486575164985,7.349983466403295,2.614679701128373,1.278201079618182
District055,1973,1,1.278201079618182,0.8669371262885438,0.5617486575164985,8.356651360808195,2.1263873823882444,1.278201079618182
District055,1974,1,1.278201079618182,0.8669371262885438,0.5617486575164985,7.301613703580676,2.1191675355006963,1.278201079618182
District055,1975,1,1.278201079618182,0.8669371262885438,0.5617486575164985,6.789245660104988,1.4188230616251394,1.278201079618182
District056,1950,0,2.5057086207940267,0.49763751197359135,0.5176009671462884,7.162484925302245,1.9465120980753574,0.0
District056,1951,0,2.5057086207940267,0.49763751197359135,0.5176009671462884,6.503321991895754,1.5440222902697407,0.0
District056,1952,0,2.5057086207940267,0.49763751197359135,0.5176009671462884,5.83802752344913,2.09560850288503,0.0
District056,1953,0,2.5057086207940267,0.49763751197359135,0.5176009671462884,7.690203662730187,2.4604566654297426,0.0
District056,1954,0,2.5057086207940267,0.49763751197359135,0.5176009671462884,5.820263406977025,2.3057636081243635,0.0
District056,1955,0,2.5057086207940267,0.49763751197359135,0.5176009671462884,7.0841882068068145,2.027482605422682,0.0
District056,1956,0,2.5057086207940267,0.49763751197359135,0.5176009671462884,6.623638674853563,1.8089846737955477,0.0
District056,1957,0,2.5057086207940267,0.49763751197359135,0.5176009671462884,5.988755091009719,2.0477958303602146,0.0
District056,1958,0,2.5057086207940267,0.49763751197359135,0.5176009671462884,6.998936641245391,2.321846178026389,0.0
District056,1959,0,2.5057086207940267,0.49763751197359135,0.5176009671462884,4.723801553613013,1.9239486082553203,0.0
District056,1960,0,2.5057086207940267,0.49763751197359135,0.5176009671462884,4.519512717570932,2.546321858455742,0.0
District056,1961,0,2.5057086207940267,0.49763751197359135,0.5176009671462884,5.403554190359617,1.6689959278241866,0.0
District056,1962,1,2.5057086207940267,0.49763751197359135,0.5176009671462884,6.738616848165044,2.103372672847293,2.5057086207940267
District056,1963,1,2.5057086207940267,0.49763751197359135,0.5176009671462884,7.630849171703614,1.3395508769417641,2.5057086207940267
District056,1964,1,2.5057086207940267,0.49763751197359135,0.5176009671462884,7.1184818617630095,1.5999855697992453,2.5057086207940267
District056,1965,1,2.5057086207940267,0.49763751197359135,0.5176009671462884,8.03837135036132,1.8774770962445344,2.5057086207940267
District056,1966,1,2.5057086207940267,0.49763751197359135,0.5176009671462884,8.683776095671641,2.029128295407088,2.5057086207940267
District056,1967,1,2.5057086207940267,0.49763751197359135,0.5176009671462884,6.620436279958783,2.268381920558565,2.5057086207940267
District056,1968,1,2.5057086207940267,0.49763751197359135,0.5176009671462884,8.674663744900165,1.5922355334396563,2.5057086207940267
District056,1969,1,2.5057086207940267,0.49763751197359135,0.5176009671462884,6.660243084385772,1.5640203641374004,2.5057086207940267
District056,1970,1,2.5057086207940267,0.49763751197359135,0.5176009671462884,8.290053215196608,2.4159516791942783,2.5057086207940267
District056,1971,1,2.5057086207940267,0.49763751197359135,0.5176009671462884,8.776894086639086,1.998785724146282,2.5057086207940267
District056,1972,1,2.5057086207940267,0.49763751197359135,0.5176009671462884,7.224848880958643,1.651591895015082,2.5057086207940267
District056,1973,1,2.5057086207940267,0.49763751197359135,0.5176009671462884,7.802368225461233,2.207446647189001,2.5057086207940267
District056,1974,1,2.5057086207940267,0.49763751197359135,0.5176009671462884,6.776255923056477,1.9572025417121215,2.5057086207940267
District056,1975,1,2.5057086207940267,0.49763751197359135,0.5176009671462884,9.037716387167606,2.0823494955844777,2.5057086207940267
District057,1950,0,0.24448056358309778,-1.703055830325895,0.2618686131631919,5.0902187112553845,1.778751002752176,0.0
District057,1951,0,0.24448056358309778,-1.703055830325895,0.2618686131631919,5.806082210897342,1.140020750101871,0.0
District057,1952,0,0.24448056358309778,-1.703055830325895,0.2618686131631919,4.476693142725948,1.2778012064835587,0.0
District057,1953,0,0.24448056358309778,-1.703055830325895,0.2618686131631919,3.478380909889718,1.6655722861084492,0.0
District057,1954,0,0.24448056358309778,-1.703055830325895,0.2618686131631919,5.135970238480515,1.7520052367092147,0.0
District057,1955,0,0.24448056358309778,-1.703055830325895,0.2618686131631919,5.6511890435035745,1.764967108925882,0.0
District057,1956,0,0.24448056358309778,-1.703055830325895,0.2618686131631919,5.993181708174053,1.5697589412368227,0.0
District057,1957,0,0.24448056358309778,-1.703055830325895,0.2618686131631919,6.939263478922504,0.9493811387605247,0.0
District057,1958,0,0.24448056358309778,-1.703055830325895,0.2618686131631919,5.080706786522884,1.5111961841792458,0.0
District057,1959,0,0.24448056358309778,-1.703055830325895,0.2618686131631919,4.7135261331404665,1.5596927774847709,0.0
District057,1960,0,0.24448056358309778,-1.703055830325895,0.2618686131631919,4.308494029615153,1.5070519219676917,0.0
District057,1961,0,0.24448056358309778,-1.703055830325895,0.2618686131631919,3.6239404635185837,2.226026621200643,0.0
District057,1962,1,0.24448056358309778,-1.703055830325895,0.2618686131631919,5.40149941160717,1.3099539596202352,0.24448056358309778
District057,1963,1,0.24448056358309778,-1.703055830325895,0.2618686131631919,4.985329152323962,1.2308122599497966,0.24448056358309778
District057,1964,1,0.24448056358309778,-1.703055830325895,0.2618686131631919,5.596779659744834,1.8618714095113043,0.24448056358309778
District057,1965,1,0.24448056358309778,-1.703055830325895,0.2618686131631919,4.754013703841214,0.9511295795893784,0.24448056358309778
District057,1966,1,0.24448056358309778,-1.703055830325895,0.2618686131631919,4.754397082013769,1.3606013199940579,0.24448056358309778
District057,1967,1,0.24448056358309778,-1.703055830325895,0.2618686131631919,6.274210538429782,1.5750695693939407,0.24448056358309778
District057,1968,1,0.24448056358309778,-1.703055830325895,0.2618686131631919,4.439488610017212,1.53967875675389,0.24448056358309778
District057,1969,1,0.24448056358309778,-1.703055830325895,0.2618686131631919,4.159120132539287,1.9853767915104283,0.24448056358309778
District057,1970,1,0.24448056358309778,-1.703055830325895,0.2618686131631919,4.1068046644643275,1.5919532665316682,0.24448056358309778
District057,1971,1,0.24448056358309778,-1.703055830325895,0.2618686131631919,5.2988599686070526,2.060466190385393,0.24448056358309778
District057,1972,1,0.24448056358309778,-1.703055830325895,0.2618686131631919,5.835270810825644,1.7996238132900961,0.24448056358309778
District057,1973,1,0.24448056358309778,-1.703055830325895,0.2618686131631919,6.4142700578105964,1.7768758226139303,0.24448056358309778
District057,1974,1,0.24448056358309778,-1.703055830325895,0.2618686131631919,5.374984920012107,2.0122676603734324,0.24448056358309778
District057,1975,1,0.24448056358309778,-1.703055830325895,0.2618686131631919,4.915753971106295,1.873526783771367,0.24448056358309778
District058,1950,0,1.0778114455757883,-0.15859076251758827,0.41408298237089586,4.0906583703044985,1.0550954482195363,0.0
District058,1951,0,1.0778114455757883,-0.15859076251758827,0.41408298237089586,5.733266935650787,1.896871215590159,0.0
District058,1952,0,1.0778114455757883,-0.15859076251758827,0.41408298237089586,6.636820630181118,1.6882886648656457,0.0
District058,1953,0,1.0778114455757883,-0.15859076251758827,0.41408298237089586,5.130575743046682,1.8529265700431108,0.0
District058,1954,0,1.0778114455757883,-0.15859076251758827,0.41408298237089586,7.040165791184643,1.76444427998814,0.0
District058,1955,0,1.0778114455757883,-0.15859076251758827,0.41408298237089586,4.78703041188097,1.4414862951348169,0.0
District058,1956,0,1.0778114455757883,-0.15859076251758827,0.41408298237089586,4.493364675866312,1.696271822310274,0.0
District058,1957,0,1.0778114455757883,-0.15859076251758827,0.41408298237089586,5.06029760403267,1.7570155459599113,0.0
District058,1958,0,1.0778114455757883,-0.15859076251758827,0.41408298237089586,6.382476606135045,2.136537202185467,0.0
District058,1959,0,1.0778114455757883,-0.15859076251758827,0.41408298237089586,4.889730895291221,1.0103926733560513,0.0
District058,1960,0,1.0778114455757883,-0.15859076251758827,0.41408298237089586,6.1623812946296015,1.9959858518692477,0.0
District058,1961,0,1.0778114455757883,-0.15859076251758827,0.41408298237089586,6.421180035463643,1.7800074193597892,0.0
District058,1962,1,1.0778114455757883,-0.15859076251758827,0.41408298237089586,5.657965728832138,2.133774362264357,1.0778114455757883
District058,1963,1,1.0778114455757883,-0.15859076251758827,0.41408298237089586,6.345968970648372,2.0365619543290845,1.0778114455757883
District058,1964,1,1.0778114455757883,-0.15859076251758827,0.41408298237089586,5.063384966364646,2.266233729122984,1.0778114455757883
District058,1965,1,1.0778114455757883,-0.15859076251758827,0.41408298237089586,5.719429339925546,2.224613433615036,1.0778114455757883
District058,1966,1,1.0778114455757883,-0.15859076251758827,0.41408298237089586,6.951994224211679,1.5963059458978404,1.0778114455757883
District058,1967,1,1.0778114455757883,-0.15859076251758827,0.41408298237089586,4.578313820620181,2.197649954424555,1.0778114455757883
District058,1968,1,1.0778114455757883,-0.15859076251758827,0.41408298237089586,5.647072449061707,1.591631027687996,1.0778114455757883
District058,1969,1,1.0778114455757883,-0.15859076251758827,0.41408298237089586,5.915240809518005,1.5239527641719102,1.0778114455757883
District058,1970,1,1.0778114455757883,-0.15859076251758827,0.41408298237089586,6.917888113752654,1.3732767088785183,1.0778114455757883
District058,1971,1,1.0778114455757883,-0.15859076251758827,0.41408298237089586,6.49018092422936,1.973658188122732,1.0778114455757883
District058,1972,1,1.0778114455757883,-0.15859076251758827,0.41408298237089586,6.318545138148083,1.3690113245208104,1.0778114455757883
District058,1973,1,1.0778114455757883,-0.15859076251758827,0.41408298237089586,6.195563238820536,1.5417465198575948,1.0778114455757883
District058,1974,1,1.0778114455757883,-0.15859076251758827,0.41408298237089586,6.765352324428829,1.6834786536886397,1.0778114455757883
District058,1975,1,1.0778114455757883,-0.15859076251758827,0.41408298237089586,6.926826784364452,1.4691080164914854,1.0778114455757883
District059,1950,0,2.163673634101562,-0.3764378510256785,0.33193177508164984,6.178572584045115,2.0592736236709825,0.0
District059,1951,0,2.163673634101562,-0.3764378510256785,0.33193177508164984,5.64489929029865,1.2913820170658847,0.0
District059,1952,0,2.163673634101562,-0.3764378510256785,0.33193177508164984,5.036375394438723,1.7262972705913808,0.0
District059,1953,0,2.163673634101562,-0.3764378510256785,0.33193177508164984,4.7869469394217665,1.8299684543109058,0.0
District059,1954,0,2.163673634101562,-0.3764378510256785,0.33193177508164984,6.738823626447684,1.8727154177746135,0.0
District059,1955,0,2.163673634101562,-0.3764378510256785,0.33193177508164984,4.966345768301575,1.2789701345218911,0.0
District059,1956,0,2.163673634101562,-0.3764378510256785,0.33193177508164984,4.311181686304035,2.036487196820578,0.0
District059,1957,0,2.163673634101562,-0.3764378510256785,0.33193177508164984,5.939384067751318,2.229279082581078,0.0
District059,1958,0,2.163673634101562,-0.3764378510256785,0.33193177508164984,5.142278042643222,1.6109693911086884,0.0
District059,1959,0,2.163673634101562,-0.3764378510256785,0.33193177508164984,5.749209653516636,1.047350570593395,0.0
District059,1960,0,2.163673634101562,-0.3764378510256785,0.33193177508164984,7.013834632745001,2.3261185771936,0.0
District059,1961,0,2.163673634101562,-0.3764378510256785,0.33193177508164984,5.366190282605821,1.596610810690186,0.0
District059,1962,1,2.163673634101562,-0.3764378510256785,0.33193177508164984,6.117064247551994,2.0085052690418865,2.163673634101562
District059,1963,1,2.163673634101562,-0.3764378510256785,0.33193177508164984,6.303313539541612,2.2569525838207753,2.163673634101562
District059,1964,1,2.163673634101562,-0.3764378510256785,0.33193177508164984,7.061383760014543,2.0835749031034903,2.163673634101562
District059,1965,1,2.163673634101562,-0.3764378510256785,0.33193177508164984,4.906674698680135,1.78785439118233,2.163673634101562
District059,1966,1,2.163673634101562,-0.3764378510256785,0.33193177508164984,4.8684293871833155,2.040396924274132,2.163673634101562
District059,1967,1,2.163673634101562,-0.3764378510256785,0.33193177508164984,7.591501283239264,1.693847400887969,2.163673634101562
District059,1968,1,2.163673634101562,-0.3764378510256785,0.33193177508164984,7.038892425568595,1.6314389693780937,2.163673634101562
District059,1969,1,2.163673634101562,-0.3764378510256785,0.33193177508164984,7.539256728636291,1.5101737539245812,2.163673634101562
District059,1970,1,2.163673634101562,-0.3764378510256785,0.33193177508164984,6.247571696175134,1.7956011196780024,2.163673634101562
District059,1971,1,2.163673634101562,-0.3764378510256785,0.33193177508164984,6.4103429793641755,1.9387281676196426,2.163673634101562
District059,1972,1,2.163673634101562,-0.3764378510256785,0.33193177508164984,7.356208701941458,1.5549459695028616,2.163673634101562
District059,1973,1,2.163673634101562,-0.3764378510256785,0.33193177508164984,7.2780840424894375,1.7744567158039286,2.163673634101562
District059,1974,1,2.163673634101562,-0.3764378510256785,0.33193177508164984,6.432455981235939,1.421164276418032,2.163673634101562
District059,1975,1,2.163673634101562,-0.3764378510256785,0.33193177508164984,7.338017774975591,1.50958724797818,2.163673634101562
District060,1950,0,3.5741859461622023,0.9094318052685753,0.2689828626999511,6.433132224482595,2.072698246799673,0.0
District060,1951,0,3.5741859461622023,0.9094318052685753,0.2689828626999511,7.631649169258971,1.709856535650122,0.0
District060,1952,0,3.5741859461622023,0.9094318052685753,0.2689828626999511,7.28767921597683,2.078203525282563,0.0
District060,1953,0,3.5741859461622023,0.9094318052685753,0.2689828626999511,6.2807743908340585,1.738193987406046,0.0
District060,1954,0,3.5741859461622023,0.9094318052685753,0.2689828626999511,6.72025087715921,1.3789069305596677,0.0
District060,1955,0,3.5741859461622023,0.9094318052685753,0.2689828626999511,6.503182528127514,2.5437285423347373,0.0
District060,1956,0,3.5741859461622023,0.9094318052685753,0.2689828626999511,5.794386487220677,1.7538817575243435,0.0
District060,1957,0,3.5741859461622023,0.9094318052685753,0.2689828626999511,4.9137825257972985,1.7108661799810203,0.0
District060,1958,0,3.5741859461622023,0.9094318052685753,0.2689828626999511,7.661441469972408,1.8533099883856161,0.0
District060,1959,0,3.5741859461622023,0.9094318052685753,0.2689828626999511,6.779710027494998,1.9133918190567094,0.0
District060,1960,0,3.5741859461622023,0.9094318052685753,0.2689828626999511,7.092002267224028,2.262471642999994,0.0
District060,1961,0,3.5741859461622023,0.9094318052685753,0.2689828626999511,8.745162123613241,1.840599173860011,0.0
District060,1962,1,3.5741859461622023,0.9094318052685753,0.2689828626999511,7.758658203354798,2.796272088808851,3.5741859461622023
District060,1963,1,3.5741859461622023,0.9094318052685753,0.2689828626999511,9.440000676808816,1.94339435219706,3.5741859461622023
District060,1964,1,3.5741859461622023,0.9094318052685753,0.2689828626999511,7.386216964736459,2.0448213473219607,3.5741859461622023
District060,1965,1,3.5741859461622023,0.9094318052685753,0.2689828626999511,8.10635500234287,1.857174125028632,3.5741859461622023
District060,1966,1,3.5741859461622023,0.9094318052685753,0.2689828626999511,7.043025239245347,1.8498431047095394,3.5741859461622023
District060,1967,1,3.5741859461622023,0.9094318052685753,0.2689828626999511,7.648985104529261,2.4322132064363466,3.5741859461622023
District060,1968,1,3.5741859461622023,0.9094318052685753,0.2689828626999511,8.134253475493296,2.5984059736204967,3.5741859461622023
District060,1969,1,3.5741859461622023,0.9094318052685753,0.2689828626999511,8.353327230333267,2.012156128426577,3.5741859461622023
District060,1970,1,3.5741859461622023,0.9094318052685753,0.2689828626999511,8.520217394949112,2.300257447919301,3.5741859461622023
District060,1971,1,3.5741859461622023,0.9094318052685753,0.2689828626999511,7.938522184816037,1.6067266521891868,3.5741859461622023
District060,1972,1,3.5741859461622023,0.9094318052685753,0.2689828626999511,10.096849972612553,2.395637881045553,3.5741859461622023
District060,1973,1,3.5741859461622023,0.9094318052685753,0.2689828626999511,9.953960319094373,2.3287978471015194,3.5741859461622023
District060,1974,1,3.5741859461622023,0.9094318052685753,0.2689828626999511,9.451457275076047,1.7372852577272841,3.5741859461622023
District060,1975,1,3.5741859461622023,0.9094318052685753,0.2689828626999511,8.124321088796796,2.205091951418402,3.5741859461622023
District061,1950,0,5.532460183775857,-0.27862532483106073,0.256611345348064,6.560180022539007,2.142297299134638,0.0
District061,1951,0,5.532460183775857,-0.27862532483106073,0.256611345348064,6.516061260674693,1.1372714050430974,0.0
District061,1952,0,5.532460183775857,-0.27862532483106073,0.256611345348064,6.85584608560167,1.167725706051903,0.0
District061,1953,0,5.532460183775857,-0.27862532483106073,0.256611345348064,4.475749550919855,1.3958715549872742,0.0
District061,1954,0,5.532460183775857,-0.27862532483106073,0.256611345348064,3.7682384040410515,1.9267047478565262,0.0
District061,1955,0,5.532460183775857,-0.27862532483106073,0.256611345348064,5.001733418695468,1.7400352888248125,0.0
District061,1956,0,5.532460183775857,-0.27862532483106073,0.256611345348064,5.681168790829188,1.7536098024214068,0.0
District061,1957,0,5.532460183775857,-0.27862532483106073,0.256611345348064,4.905648371330763,1.9564028705214138,0.0
District061,1958,0,5.532460183775857,-0.27862532483106073,0.256611345348064,5.514500304039123,1.96688561417586,0.0
District061,1959,0,5.532460183775857,-0.27862532483106073,0.256611345348064,5.217344804508118,1.0451823460160914,0.0
District061,1960,0,5.532460183775857,-0.27862532483106073,0.256611345348064,4.4279702767912426,1.6414128455042216,0.0
District061,1961,0,5.532460183775857,-0.27862532483106073,0.256611345348064,5.950632537338516,2.322768017280852,0.0
District061,1962,1,5.532460183775857,-0.27862532483106073,0.256611345348064,9.095297933884916,2.2866348859413574,5.532460183775857
District061,1963,1,5.532460183775857,-0.27862532483106073,0.256611345348064,9.406445615429801,2.3064346350060174,5.532460183775857
District061,1964,1,5.532460183775857,-0.27862532483106073,0.256611345348064,8.935100646622104,2.007701464463998,5.532460183775857
District061,1965,1,5.532460183775857,-0.27862532483106073,0.256611345348064,8.091941517680779,2.1508332359055786,5.532460183775857
District061,1966,1,5.532460183775857,-0.27862532483106073,0.256611345348064,9.984581437386868,2.231316902212623,5.532460183775857
District061,1967,1,5.532460183775857,-0.27862532483106073,0.256611345348064,8.129056077952352,1.6691600606931474,5.532460183775857
District061,1968,1,5.532460183775857,-0.27862532483106073,0.256611345348064,10.396206355182205,2.3019195108783137,5.532460183775857
District061,1969,1,5.532460183775857,-0.27862532483106073,0.256611345348064,9.471956085729236,1.8179946005680225,5.532460183775857
District061,1970,1,5.532460183775857,-0.27862532483106073,0.256611345348064,7.941508556802934,1.8515104265267004,5.532460183775857
District061,1971,1,5.532460183775857,-0.27862532483106073,0.256611345348064,8.560064494420617,2.6464447527519055,5.532460183775857
District061,1972,1,5.532460183775857,-0.27862532483106073,0.256611345348064,7.144919362657794,2.548134675537783,5.532460183775857
District061,1973,1,5.532460183775857,-0.27862532483106073,0.256611345348064,8.169312711712813,2.4341234188176033,5.532460183775857
District061,1974,1,5.532460183775857,-0.27862532483106073,0.256611345348064,9.14248538263725,1.8362815795059584,5.532460183775857
District061,1975,1,5.532460183775857,-0.27862532483106073,0.256611345348064,8.636941523721294,1.9733105138198814,5.532460183775857
District062,1950,0,3.007771846912343,1.8879042494582758,0.3899180922377806,7.414222150827842,2.36079546375854,0.0
District062,1951,0,3.007771846912343,1.8879042494582758,0.3899180922377806,7.21531038795737,1.5274108990726338,0.0
District062,1952,0,3.007771846912343,1.8879042494582758,0.3899180922377806,6.105253200390046,2.3964530788747354,0.0
District062,1953,0,3.007771846912343,1.8879042494582758,0.3899180922377806,5.8287910242701875,1.6480573590286673,0.0
District062,1954,0,3.007771846912343,1.8879042494582758,0.3899180922377806,7.201425875666606,2.5258724221857967,0.0
District062,1955,0,3.007771846912343,1.8879042494582758,0.3899180922377806,8.21425322905179,1.601659247424129,0.0
District062,1956,0,3.007771846912343,1.8879042494582758,0.3899180922377806,8.54927898321009,2.681234916062701,0.0
District062,1957,0,3.007771846912343,1.8879042494582758,0.3899180922377806,7.146814475479525,2.1432973677349225,0.0
District062,1958,0,3.007771846912343,1.8879042494582758,0.3899180922377806,7.726945040560591,2.732577099557008,0.0
District062,1959,0,3.007771846912343,1.8879042494582758,0.3899180922377806,6.633733938617544,2.357623119982141,0.0
District062,1960,0,3.007771846912343,1.8879042494582758,0.3899180922377806,5.312326766224828,2.5436920014370488,0.0
District062,1961,0,3.007771846912343,1.8879042494582758,0.3899180922377806,7.834379302457738,2.1168822536236602,0.0
District062,1962,1,3.007771846912343,1.8879042494582758,0.3899180922377806,9.770647083879743,2.3231096570996885,3.007771846912343
District062,1963,1,3.007771846912343,1.8879042494582758,0.3899180922377806,9.351748219708151,2.1506873656561973,3.007771846912343
District062,1964,1,3.007771846912343,1.8879042494582758,0.3899180922377806,9.446607789034,2.260104292919139,3.007771846912343
District062,1965,1,3.007771846912343,1.8879042494582758,0.3899180922377806,9.071482976234565,1.946762179623912,3.007771846912343
District062,1966,1,3.007771846912343,1.8879042494582758,0.3899180922377806,6.3926159963626485,1.9970119761808072,3.007771846912343
District062,1967,1,3.007771846912343,1.8879042494582758,0.3899180922377806,9.108363850443498,2.5419231004620824,3.007771846912343
District062,1968,1,3.007771846912343,1.8879042494582758,0.3899180922377806,8.665603190583269,2.453475716226529,3.007771846912343
District062,1969,1,3.007771846912343,1.8879042494582758,0.3899180922377806,9.559983291866399,2.4112765842815325,3.007771846912343
District062,1970,1,3.007771846912343,1.8879042494582758,0.3899180922377806,9.046264887944538,2.1441108194959293,3.007771846912343
District062,1971,1,3.007771846912343,1.8879042494582758,0.3899180922377806,6.646175603859796,2.9739308169158587,3.007771846912343
District062,1972,1,3.007771846912343,1.8879042494582758,0.3899180922377806,8.09099668300427,2.165365106391595,3.007771846912343
District062,1973,1,3.007771846912343,1.8879042494582758,0.3899180922377806,9.087059071171927,1.8366127904701424,3.007771846912343
District062,1974,1,3.007771846912343,1.8879042494582758,0.3899180922377806,10.011485101154816,2.0310419377830007,3.007771846912343
District062,1975,1,3.007771846912343,1.8879042494582758,0.3899180922377806,8.00632432752931,2.7866783551885232,3.007771846912343
District063,1950,0,0.8612257779550259,-0.9018308997868476,0.2737966290193271,6.569605190010161,2.1964195851854393,0.0
District063,1951,0,0.8612257779550259,-0.9018308997868476,0.2737966290193271,4.3817128898427455,1.399313628730297,0.0
District063,1952,0,0.8612257779550259,-0.9018308997868476,0.2737966290193271,6.382173738471254,1.7371438337451994,0.0
District063,1953,0,0.8612257779550259,-0.9018308997868476,0.2737966290193271,4.540861692262434,1.3252544040678305,0.0
District063,1954,0,0.8612257779550259,-0.9018308997868476,0.2737966290193271,6.785849970359406,1.1339151620116223,0.0
District063,1955,0,0.8612257779550259,-0.9018308997868476,0.2737966290193271,5.128504735383139,1.9778229139795989,0.0
District063,1956,0,0.8612257779550259,-0.9018308997868476,0.2737966290193271,6.254455017269507,1.708387578493746,0.0
District063,1957,0,0.8612257779550259,-0.9018308997868476,0.2737966290193271,5.634198244918,1.8740794157762857,0.0
District063,1958,0,0.8612257779550259,-0.9018308997868476,0.2737966290193271,5.0830431705889305,1.448539250347546,0.0
District063,1959,0,0.8612257779550259,-0.9018308997868476,0.2737966290193271,4.920449587183998,1.854217949142806,0.0
District063,1960,0,0.8612257779550259,-0.9018308997868476,0.2737966290193271,6.087580843015811,1.7123903400096203,0.0
District063,1961,0,0.8612257779550259,-0.9018308997868476,0.2737966290193271,5.979484290746872,2.250127660863762,0.0
District063,1962,1,0.8612257779550259,-0.9018308997868476,0.2737966290193271,4.8395368058252,1.7360350271261007,0.8612257779550259
District063,1963,1,0.8612257779550259,-0.9018308997868476,0.2737966290193271,5.6270597489638545,1.954896870208228,0.8612257779550259
District063,1964,1,0.8612257779550259,-0.9018308997868476,0.2737966290193271,6.643208119279928,1.9280663843128503,0.8612257779550259
District063,1965,1,0.8612257779550259,-0.9018308997868476,0.2737966290193271,4.643428036865568,2.1682178296139862,0.8612257779550259
District063,1966,1,0.8612257779550259,-0.9018308997868476,0.2737966290193271,5.849504785640793,1.575489137394544,0.8612257779550259
District063,1967,1,0.8612257779550259,-0.9018308997868476,0.2737966290193271,5.526827436977341,1.483863840688199,0.8612257779550259
District063,1968,1,0.8612257779550259,-0.9018308997868476,0.2737966290193271,6.650509652320007,1.6798052313153797,0.8612257779550259
District063,1969,1,0.8612257779550259,-0.9018308997868476,0.2737966290193271,3.9862027304014402,0.9271019494337712,0.8612257779550259
District063,1970,1,0.8612257779550259,-0.9018308997868476,0.2737966290193271,4.777741687843321,1.7245679834082046,0.8612257779550259
District063,1971,1,0.8612257779550259,-0.9018308997868476,0.2737966290193271,6.894611600004226,1.6003617550827887,0.8612257779550259
District063,1972,1,0.8612257779550259,-0.9018308997868476,0.2737966290193271,4.958289322243148,2.352602194010014,0.8612257779550259
District063,1973,1,0.8612257779550259,-0.9018308997868476,0.2737966290193271,8.691784288110265,2.027207581990373,0.8612257779550259
District063,1974,1,0.8612257779550259,-0.9018308997868476,0.2737966290193271,6.5133648568611,1.7959237535636625,0.8612257779550259
District063,1975,1,0.8612257779550259,-0.9018308997868476,0.2737966290193271,6.700249238336465,1.9751564442466056,0.8612257779550259
District064,1950,0,4.831766892660078,-0.48992109846151916,0.16255032525923888,5.118088268088616,1.098397962772904,0.0
District064,1951,0,4.831766892660078,-0.48992109846151916,0.16255032525923888,5.9826139437885155,1.853274792468363,0.0
District064,1952,0,4.831766892660078,-0.48992109846151916,0.16255032525923888,4.518544352793522,1.907993646827602,0.0
District064,1953,0,4.831766892660078,-0.48992109846151916,0.16255032525923888,6.530741520918839,1.4129360281357017,0.0
District064,1954,0,4.831766892660078,-0.48992109846151916,0.16255032525923888,5.6344948051802035,1.5631916425787145,0.0
District064,1955,0,4.831766892660078,-0.48992109846151916,0.16255032525923888,6.247665145713463,2.1315261015716893,0.0
District064,1956,0,4.831766892660078,-0.48992109846151916,0.16255032525923888,5.666006396846036,2.0867777984135865,0.0
District064,1957,0,4.831766892660078,-0.48992109846151916,0.16255032525923888,5.190378064873865,1.7759589479812143,0.0
District064,1958,0,4.831766892660078,-0.48992109846151916,0.16255032525923888,6.478481198919717,1.7543887703320404,0.0
District064,1959,0,4.831766892660078,-0.48992109846151916,0.16255032525923888,5.809440249573359,1.1942411293694226,0.0
District064,1960,0,4.831766892660078,-0.48992109846151916,0.16255032525923888,4.949931593222491,1.6665325971093115,0.0
District064,1961,0,4.831766892660078,-0.48992109846151916,0.16255032525923888,6.588225056920203,1.6685287306037546,0.0
District064,1962,1,4.831766892660078,-0.48992109846151916,0.16255032525923888,8.37495896726438,2.1043705708363545,4.831766892660078
District064,1963,1,4.831766892660078,-0.48992109846151916,0.16255032525923888,7.869119228764181,1.8641990638702743,4.831766892660078
District064,1964,1,4.831766892660078,-0.48992109846151916,0.16255032525923888,8.518967965977508,2.804597223610849,4.831766892660078
District064,1965,1,4.831766892660078,-0.48992109846151916,0.16255032525923888,8.187516949898,1.803256998500164,4.831766892660078
District064,1966,1,4.831766892660078,-0.48992109846151916,0.16255032525923888,6.87164691355085,1.134508406937492,4.831766892660078
District064,1967,1,4.831766892660078,-0.48992109846151916,0.16255032525923888,7.922380320946574,1.900209835772152,4.831766892660078
District064,1968,1,4.831766892660078,-0.48992109846151916,0.16255032525923888,9.38256518207008,2.5514384298586066,4.831766892660078
District064,1969,1,4.831766892660078,-0.48992109846151916,0.16255032525923888,8.604346288620778,3.0221853719252287,4.831766892660078
District064,1970,1,4.831766892660078,-0.48992109846151916,0.16255032525923888,8.695719549712953,2.8868767583947674,4.831766892660078
District064,1971,1,4.831766892660078,-0.48992109846151916,0.16255032525923888,8.329767130074947,2.901904941303292,4.831766892660078
District064,1972,1,4.831766892660078,-0.48992109846151916,0.16255032525923888,7.5229570423945775,2.143426123121764,4.831766892660078
District064,1973,1,4.831766892660078,-0.48992109846151916,0.16255032525923888,6.719855276318749,2.2785951289451227,4.831766892660078
District064,1974,1,4.831766892660078,-0.48992109846151916,0.16255032525923888,7.075545519972467,2.0263516496917107,4.831766892660078
District064,1975,1,4.831766892660078,-0.48992109846151916,0.16255032525923888,8.338509739582925,2.4246987181153483,4.831766892660078
District065,1950,0,4.078091361459527,0.06309371331344896,0.3024479802068981,6.42326075864348,2.3649950253356757,0.0
District065,1951,0,4.078091361459527,0.06309371331344896,0.3024479802068981,4.932111317367209,2.1693589791739147,0.0
District065,1952,0,4.078091361459527,0.06309371331344896,0.3024479802068981,5.18544031698176,1.7170664969949219,0.0
District065,1953,0,4.078091361459527,0.06309371331344896,0.3024479802068981,5.937203554580326,1.4924180724103668,0.0
District065,1954,0,4.078091361459527,0.06309371331344896,0.3024479802068981,4.877847801414073,1.9524046015093395,0.0
District065,1955,0,4.078091361459527,0.06309371331344896,0.3024479802068981,4.8932053537477795,1.754505550667512,0.0
District065,1956,0,4.078091361459527,0.06309371331344896,0.3024479802068981,5.262335797103083,1.1829896990235231,0.0
District065,1957,0,4.078091361459527,0.06309371331344896,0.3024479802068981,6.270654635394029,1.3028759700611006,0.0
District065,1958,0,4.078091361459527,0.06309371331344896,0.3024479802068981,5.571116200457571,1.3766174510981917,0.0
District065,1959,0,4.078091361459527,0.06309371331344896,0.3024479802068981,5.19053447743322,1.763979315530846,0.0
District065,1960,0,4.078091361459527,0.06309371331344896,0.3024479802068981,6.215672861511255,2.2115918446548495,0.0
District065,1961,0,4.078091361459527,0.06309371331344896,0.3024479802068981,6.706309484805824,2.0171540224426967,0.0
District065,1962,1,4.078091361459527,0.06309371331344896,0.3024479802068981,8.474413623607717,1.9529407845181326,4.078091361459527
District065,1963,1,4.078091361459527,0.06309371331344896,0.3024479802068981,10.169703111357894,2.5017844497661383,4.078091361459527
District065,1964,1,4.078091361459527,0.06309371331344896,0.3024479802068981,7.134506230605558,1.5987125992607816,4.078091361459527
District065,1965,1,4.078091361459527,0.06309371331344896,0.3024479802068981,7.213449914689748,1.5033011940868537,4.078091361459527
District065,1966,1,4.078091361459527,0.06309371331344896,0.3024479802068981,8.702256384432706,1.9962963451298195,4.078091361459527
District065,1967,1,4.078091361459527,0.06309371331344896,0.3024479802068981,6.63315551804775,1.3441820536908218,4.078091361459527
District065,1968,1,4.078091361459527,0.06309371331344896,0.3024479802068981,7.553413995838585,1.6455126350671807,4.078091361459527
District065,1969,1,4.078091361459527,0.06309371331344896,0.3024479802068981,8.8274933002901,1.9691249729255706,4.078091361459527
District065,1970,1,4.078091361459527,0.06309371331344896,0.3024479802068981,8.597721801144163,1.6998622851264589,4.078091361459527
District065,1971,1,4.078091361459527,0.06309371331344896,0.3024479802068981,8.146660108438322,1.6702309109409286,4.078091361459527
District065,1972,1,4.078091361459527,0.06309371331344896,0.3024479802068981,9.032241881505916,2.146153663555005,4.078091361459527
District065,1973,1,4.078091361459527,0.06309371331344896,0.3024479802068981,8.029483177917163,2.180440202855613,4.078091361459527
District065,1974,1,4.078091361459527,0.06309371331344896,0.3024479802068981,7.595130128277588,1.9088910662877296,4.078091361459527
District065,1975,1,4.078091361459527,0.06309371331344896,0.3024479802068981,8.659767900279407,1.903247344519013,4.078091361459527
District066,1950,0,6.94967153240405,0.4364641371627177,0.33544675587908995,6.306778705647942,1.780749139413564,0.0
District066,1951,0,6.94967153240405,0.4364641371627177,0.33544675587908995,6.587968167187189,2.059158833751332,0.0
District066,1952,0,6.94967153240405,0.4364641371627177,0.33544675587908995,5.4034440524203395,1.6248496025696788,0.0
District066,1953,0,6.94967153240405,0.4364641371627177,0.33544675587908995,5.999578085135716,1.9288695997567173,0.0
District066,1954,0,6.94967153240405,0.4364641371627177,0.33544675587908995,6.352314656775387,2.189131288826852,0.0
District066,1955,0,6.94967153240405,0.4364641371627177,0.33544675587908995,6.786372648543905,1.3740571095701282,0.0
District066,1956,0,6.94967153240405,0.4364641371627177,0.33544675587908995,5.29602187435284,2.0235968586691673,0.0
District066,1957,0,6.94967153240405,0.4364641371627177,0.33544675587908995,6.667036367607096,1.6845480460956925,0.0
District066,1958,0,6.94967153240405,0.4364641371627177,0.33544675587908995,6.183302908731447,1.846265801259634,0.0
District066,1959,0,6.94967153240405,0.4364641371627177,0.33544675587908995,6.312007793897895,2.0099408337466276,0.0
District066,1960,0,6.94967153240405,0.4364641371627177,0.33544675587908995,4.976755025510865,1.616351658498817,0.0
District066,1961,0,6.94967153240405,0.4364641371627177,0.33544675587908995,5.66055893841332,2.63904058639936,0.0
District066,1962,1,6.94967153240405,0.4364641371627177,0.33544675587908995,7.604313862157763,2.512822861310029,6.94967153240405
District066,1963,1,6.94967153240405,0.4364641371627177,0.33544675587908995,9.567068771660812,2.7629240461816007,6.94967153240405
District066,1964,1,6.94967153240405,0.4364641371627177,0.33544675587908995,9.981008972972441,1.9503913054595894,6.94967153240405
District066,1965,1,6.94967153240405,0.4364641371627177,0.33544675587908995,10.449058201301456,1.918683900613046,6.94967153240405
District066,1966,1,6.94967153240405,0.4364641371627177,0.33544675587908995,9.34864435029993,2.372162454701968,6.94967153240405
District066,1967,1,6.94967153240405,0.4364641371627177,0.33544675587908995,9.144216419979948,2.588258401094184,6.94967153240405
District066,1968,1,6.94967153240405,0.4364641371627177,0.33544675587908995,11.710911336977768,1.9832036904682728,6.94967153240405
District066,1969,1,6.94967153240405,0.4364641371627177,0.33544675587908995,9.368106534385014,2.653856406049143,6.94967153240405
District066,1970,1,6.94967153240405,0.4364641371627177,0.33544675587908995,9.20366052974554,2.216796588067523,6.94967153240405
District066,1971,1,6.94967153240405,0.4364641371627177,0.33544675587908995,8.57214764948726,1.9626479999337947,6.94967153240405
District066,1972,1,6.94967153240405,0.4364641371627177,0.33544675587908995,9.34615561129767,2.7448244830660227,6.94967153240405
District066,1973,1,6.94967153240405,0.4364641371627177,0.33544675587908995,9.991735659028777,2.5297487355257684,6.94967153240405
District066,1974,1,6.94967153240405,0.4364641371627177,0.33544675587908995,10.944327066849072,2.227425481458897,6.94967153240405
District066,1975,1,6.94967153240405,0.4364641371627177,0.33544675587908995,9.91491773966116,2.5522164351389307,6.94967153240405
District067,1950,0,1.5834041006193136,-0.28099396829787276,0.2451746865027808,5.765777031097944,1.991607567519822,0.0
District067,1951,0,1.5834041006193136,-0.28099396829787276,0.2451746865027808,7.190577901495399,2.0946540956237674,0.0
District067,1952,0,1.5834041006193136,-0.28099396829787276,0.2451746865027808,2.5403823627796283,1.6451666048846694,0.0
District067,1953,0,1.5834041006193136,-0.28099396829787276,0.2451746865027808,5.5060174405165085,1.9045744899591917,0.0
District067,1954,0,1.5834041006193136,-0.28099396829787276,0.2451746865027808,5.989512011158383,2.4350032148493677,0.0
District067,1955,0,1.5834041006193136,-0.28099396829787276,0.2451746865027808,5.03888711351057,1.4724384343586927,0.0
District067,1956,0,1.5834041006193136,-0.28099396829787276,0.2451746865027808,5.38439202103776,2.53786625567986,0.0
District067,1957,0,1.5834041006193136,-0.28099396829787276,0.2451746865027808,6.587718822798373,1.6278812943914598,0.0
District067,1958,0,1.5834041006193136,-0.28099396829787276,0.2451746865027808,3.9853874857145106,2.0931273720778734,0.0
District067,1959,0,1.5834041006193136,-0.28099396829787276,0.2451746865027808,6.389683112659011,1.9962886843335916,0.0
District067,1960,0,1.5834041006193136,-0.28099396829787276,0.2451746865027808,6.235962192465715,2.101514447734159,0.0
District067,1961,0,1.5834041006193136,-0.28099396829787276,0.2451746865027808,5.410303212181672,2.3167726243494853,0.0
District067,1962,1,1.5834041006193136,-0.28099396829787276,0.2451746865027808,4.8964244972708295,2.0850896359070337,1.5834041006193136
District067,1963,1,1.5834041006193136,-0.28099396829787276,0.2451746865027808,6.469108625710576,2.626460782943587,1.5834041006193136
District067,1964,1,1.5834041006193136,-0.28099396829787276,0.2451746865027808,5.9855541456700845,1.6576137631144512,1.5834041006193136
District067,1965,1,1.5834041006193136,-0.28099396829787276,0.2451746865027808,5.810062030619036,1.5643756307678827,1.5834041006193136
District067,1966,1,1.5834041006193136,-0.28099396829787276,0.2451746865027808,6.567457258435374,2.206019575975336,1.5834041006193136
District067,1967,1,1.5834041006193136,-0.28099396829787276,0.2451746865027808,6.651668657370606,2.4189891386638456,1.5834041006193136
District067,1968,1,1.5834041006193136,-0.28099396829787276,0.2451746865027808,7.294323551723052,2.2748092829960376,1.5834041006193136
District067,1969,1,1.5834041006193136,-0.28099396829787276,0.2451746865027808,7.462810446910567,1.4974225987829477,1.5834041006193136
District067,1970,1,1.5834041006193136,-0.28099396829787276,0.2451746865027808,7.912505331229678,2.220745373754954,1.5834041006193136
District067,1971,1,1.5834041006193136,-0.28099396829787276,0.2451746865027808,7.841753317774081,2.1509446570754926,1.5834041006193136
District067,1972,1,1.5834041006193136,-0.28099396829787276,0.2451746865027808,6.080059553402074,1.4848159413010311,1.5834041006193136
District067,1973,1,1.5834041006193136,-0.28099396829787276,0.2451746865027808,6.897353372873671,1.5590905114031637,1.5834041006193136
District067,1974,1,1.5834041006193136,-0.28099396829787276,0.2451746865027808,7.579173333140671,2.150914257594317,1.5834041006193136
District067,1975,1,1.5834041006193136,-0.28099396829787276,0.2451746865027808,6.629089911603912,1.9717530873395546,1.5834041006193136
District068,1950,0,0.0,-1.176399695417635,0.1825097043279785,5.127326361418959,1.1523598787048228,0.0
District068,1951,0,0.0,-1.176399695417635,0.1825097043279785,6.103211562650728,1.68894983497214,0.0
District068,1952,0,0.0,-1.176399695417635,0.1825097043279785,5.737264943165479,1.680799821436532,0.0
District068,1953,0,0.0,-1.176399695417635,0.1825097043279785,3.5184458019933,1.1008428798710204,0.0
District068,1954,0,0.0,-1.176399695417635,0.1825097043279785,4.9309056380747585,1.3141009406305009,0.0
District068,1955,0,0.0,-1.176399695417635,0.1825097043279785,4.884599235948797,1.5648190757199432,0.0
District068,1956,0,0.0,-1.176399695417635,0.1825097043279785,5.790193665260379,1.4551863332115023,0.0
District068,1957,0,0.0,-1.176399695417635,0.1825097043279785,6.02526066903923,2.176651747357809,0.0
District068,1958,0,0.0,-1.176399695417635,0.1825097043279785,5.15806178895792,2.260127481923486,0.0
District068,1959,0,0.0,-1.176399695417635,0.1825097043279785,5.464475718539815,2.1227676032705447,0.0
District068,1960,0,0.0,-1.176399695417635,0.1825097043279785,3.420417678187826,1.6137820652831825,0.0
District068,1961,0,0.0,-1.176399695417635,0.1825097043279785,5.747223646194239,1.6577967893338001,0.0
District068,1962,1,0.0,-1.176399695417635,0.1825097043279785,4.106601740743494,1.91875598195256,0.0
District068,1963,1,0.0,-1.176399695417635,0.1825097043279785,5.321703212800139,1.677101919383375,0.0
District068,1964,1,0.0,-1.176399695417635,0.1825097043279785,5.276835383093544,1.4394387706167815,0.0
District068,1965,1,0.0,-1.176399695417635,0.1825097043279785,5.851596860624059,1.6087488309754654,0.0
District068,1966,1,0.0,-1.176399695417635,0.1825097043279785,5.2702207388162465,1.8959709900017767,0.0
District068,1967,1,0.0,-1.176399695417635,0.1825097043279785,5.444520626910249,1.7646779201767882,0.0
District068,1968,1,0.0,-1.176399695417635,0.1825097043279785,6.065176213945225,1.6141009094087586,0.0
District068,1969,1,0.0,-1.176399695417635,0.1825097043279785,4.856203685950842,1.8395300349603763,0.0
District068,1970,1,0.0,-1.176399695417635,0.1825097043279785,3.6531185329149873,1.4431071476041368,0.0
District068,1971,1,0.0,-1.176399695417635,0.1825097043279785,5.0654686910483875,1.4725500448195716,0.0
District068,1972,1,0.0,-1.176399695417635,0.1825097043279785,3.213591451881346,1.2341840096894372,0.0
District068,1973,1,0.0,-1.176399695417635,0.1825097043279785,5.88253737686476,1.0502879489058834,0.0
District068,1974,1,0.0,-1.176399695417635,0.1825097043279785,5.589915652287231,1.1914686688775318,0.0
District068,1975,1,0.0,-1.176399695417635,0.1825097043279785,4.745047280656572,1.0291116867627723,0.0
District069,1950,0,0.0,0.8204874237145074,0.17687103299867604,6.212525307737838,2.0491207717533486,0.0
District069,1951,0,0.0,0.8204874237145074,0.17687103299867604,5.500666954289043,1.8651889345032926,0.0
District069,1952,0,0.0,0.8204874237145074,0.17687103299867604,5.069834135691942,1.95578070032909,0.0
District069,1953,0,0.0,0.8204874237145074,0.17687103299867604,7.059545104421236,2.526302657920977,0.0
District069,1954,0,0.0,0.8204874237145074,0.17687103299867604,4.863912294221999,1.4355141984991775,0.0
District069,1955,0,0.0,0.8204874237145074,0.17687103299867604,5.759986394034127,0.9616060714407317,0.0
District069,1956,0,0.0,0.8204874237145074,0.17687103299867604,5.818906327378765,2.0196674872301013,0.0
District069,1957,0,0.0,0.8204874237145074,0.17687103299867604,7.121903240693096,2.203937306693542,0.0
District069,1958,0,0.0,0.8204874237145074,0.17687103299867604,6.631492293785099,1.9936901192011183,0.0
District069,1959,0,0.0,0.8204874237145074,0.17687103299867604,6.289731082200206,1.9834482001468199,0.0
District069,1960,0,0.0,0.8204874237145074,0.17687103299867604,5.233809812740936,1.6434446432705412,0.0
District069,1961,0,0.0,0.8204874237145074,0.17687103299867604,5.645272375526394,2.1679280533715763,0.0
District069,1962,1,0.0,0.8204874237145074,0.17687103299867604,5.733609026509676,1.6806094041096822,0.0
District069,1963,1,0.0,0.8204874237145074,0.17687103299867604,5.508665861423584,2.384717717911053,0.0
District069,1964,1,0.0,0.8204874237145074,0.17687103299867604,6.785967588453803,2.0870499837993957,0.0
District069,1965,1,0.0,0.8204874237145074,0.17687103299867604,5.483169666442816,1.7327251075440162,0.0
District069,1966,1,0.0,0.8204874237145074,0.17687103299867604,6.386987448391235,2.3812358106967397,0.0
District069,1967,1,0.0,0.8204874237145074,0.17687103299867604,7.628272697253282,1.645412602813442,0.0
District069,1968,1,0.0,0.8204874237145074,0.17687103299867604,6.332013224551299,1.6141596578276087,0.0
District069,1969,1,0.0,0.8204874237145074,0.17687103299867604,7.104341431857229,1.3743621623464797,0.0
District069,1970,1,0.0,0.8204874237145074,0.17687103299867604,7.316856758222665,2.428943299992553,0.0
District069,1971,1,0.0,0.8204874237145074,0.17687103299867604,6.969706006957731,1.7603138176805904,0.0
District069,1972,1,0.0,0.8204874237145074,0.17687103299867604,5.3773583545016175,1.4443075918657438,0.0
District069,1973,1,0.0,0.8204874237145074,0.17687103299867604,5.95655174331411,1.9140782739320439,0.0
District069,1974,1,0.0,0.8204874237145074,0.17687103299867604,7.182797599515755,1.5771515860725596,0.0
District069,1975,1,0.0,0.8204874237145074,0.17687103299867604,5.347997998028332,1.8869114906838935,0.0
District070,1950,0,2.6873308624246066,-1.3254137906376977,0.29906185116127976,5.8609138650248624,1.4704372432088892,0.0
District070,1951,0,2.6873308624246066,-1.3254137906376977,0.29906185116127976,3.7280117846239924,1.7184954043266858,0.0
District070,1952,0,2.6873308624246066,-1.3254137906376977,0.29906185116127976,5.392782474050354,1.5574324166127227,0.0
District070,1953,0,2.6873308624246066,-1.3254137906376977,0.29906185116127976,6.41051315042078,2.3812893235636015,0.0
District070,1954,0,2.6873308624246066,-1.3254137906376977,0.29906185116127976,6.664333266028258,2.4390035697453056,0.0
District070,1955,0,2.6873308624246066,-1.3254137906376977,0.29906185116127976,4.597459701562903,1.5338739740312408,0.0
District070,1956,0,2.6873308624246066,-1.3254137906376977,0.29906185116127976,6.435926006550519,1.1871836808577831,0.0
District070,1957,0,2.6873308624246066,-1.3254137906376977,0.29906185116127976,4.645585056166413,1.7696625434773632,0.0
District070,1958,0,2.6873308624246066,-1.3254137906376977,0.29906185116127976,4.315260827777254,1.4370887935586287,0.0
District070,1959,0,2.6873308624246066,-1.3254137906376977,0.29906185116127976,5.7839576776584645,2.330104546222552,0.0
District070,1960,0,2.6873308624246066,-1.3254137906376977,0.29906185116127976,3.8128385472658772,1.4536388003006402,0.0
District070,1961,0,2.6873308624246066,-1.3254137906376977,0.29906185116127976,3.868336759088654,2.105303749522727,0.0
District070,1962,1,2.6873308624246066,-1.3254137906376977,0.29906185116127976,7.247433330843895,2.1127038078876454,2.6873308624246066
District070,1963,1,2.6873308624246066,-1.3254137906376977,0.29906185116127976,6.264288376892591,1.1237953362506112,2.6873308624246066
District070,1964,1,2.6873308624246066,-1.3254137906376977,0.29906185116127976,7.4650786120670665,1.312510349825389,2.6873308624246066
District070,1965,1,2.6873308624246066,-1.3254137906376977,0.29906185116127976,4.690458962745522,1.6636004668695026,2.6873308624246066
District070,1966,1,2.6873308624246066,-1.3254137906376977,0.29906185116127976,6.344107323023415,1.8826631344775717,2.6873308624246066
District070,1967,1,2.6873308624246066,-1.3254137906376977,0.29906185116127976,7.334670110928092,2.386907970436765,2.6873308624246066
District070,1968,1,2.6873308624246066,-1.3254137906376977,0.29906185116127976,6.86139526494488,2.085497645274092,2.6873308624246066
District070,1969,1,2.6873308624246066,-1.3254137906376977,0.29906185116127976,6.949424585712617,2.03554115026251,2.6873308624246066
District070,1970,1,2.6873308624246066,-1.3254137906376977,0.29906185116127976,5.485771328430053,1.6709285204799669,2.6873308624246066
District070,1971,1,2.6873308624246066,-1.3254137906376977,0.29906185116127976,7.958090556797783,2.297963808338797,2.6873308624246066
District070,1972,1,2.6873308624246066,-1.3254137906376977,0.29906185116127976,6.367040022235666,1.8913677035972765,2.6873308624246066
District070,1973,1,2.6873308624246066,-1.3254137906376977,0.29906185116127976,6.6448717397191945,2.6443784941417756,2.6873308624246066
District070,1974,1,2.6873308624246066,-1.3254137906376977,0.29906185116127976,6.138383815355475,2.0772296670341324,2.6873308624246066
District070,1975,1,2.6873308624246066,-1.3254137906376977,0.29906185116127976,6.223511247608471,1.4673466864672144,2.6873308624246066
District071,1950,0,2.7203887362325894,-0.9479332238604746,0.1786674423726663,5.704765939086886,1.8972345877837693,0.0
District071,1951,0,2.7203887362325894,-0.9479332238604746,0.1786674423726663,6.518721924581514,1.6512323147726098,0.0
District071,1952,0,2.7203887362325894,-0.9479332238604746,0.1786674423726663,4.998967843203984,2.356852266628551,0.0
District071,1953,0,2.7203887362325894,-0.9479332238604746,0.1786674423726663,4.792407441590022,1.5344351217282988,0.0
District071,1954,0,2.7203887362325894,-0.9479332238604746,0.1786674423726663,5.387033480658408,1.8286574209363642,0.0
District071,1955,0,2.7203887362325894,-0.9479332238604746,0.1786674423726663,3.000961831807395,1.7595618444026409,0.0
District071,1956,0,2.7203887362325894,-0.9479332238604746,0.1786674423726663,5.22243292612098,2.0330552835151696,0.0
District071,1957,0,2.7203887362325894,-0.9479332238604746,0.1786674423726663,4.788532002219896,1.2991598207064268,0.0
District071,1958,0,2.7203887362325894,-0.9479332238604746,0.1786674423726663,5.003025437047272,2.0194506445215636,0.0
District071,1959,0,2.7203887362325894,-0.9479332238604746,0.1786674423726663,3.753863055027145,1.3578462369775373,0.0
District071,1960,0,2.7203887362325894,-0.9479332238604746,0.1786674423726663,5.400895481998541,1.7095027467416097,0.0
District071,1961,0,2.7203887362325894,-0.9479332238604746,0.1786674423726663,4.732843181283542,1.7966791802701025,0.0
District071,1962,1,2.7203887362325894,-0.9479332238604746,0.1786674423726663,7.403710008677394,2.3107092143183103,2.7203887362325894
District071,1963,1,2.7203887362325894,-0.9479332238604746,0.1786674423726663,6.46107194357285,2.0532850831281,2.7203887362325894
District071,1964,1,2.7203887362325894,-0.9479332238604746,0.1786674423726663,9.633955839556432,2.2685852163343814,2.7203887362325894
District071,1965,1,2.7203887362325894,-0.9479332238604746,0.1786674423726663,6.600999408481801,2.1464538836707843,2.7203887362325894
District071,1966,1,2.7203887362325894,-0.9479332238604746,0.1786674423726663,6.935542360950545,2.032636740369582,2.7203887362325894
District071,1967,1,2.7203887362325894,-0.9479332238604746,0.1786674423726663,6.607795558787177,1.9244587282315815,2.7203887362325894
District071,1968,1,2.7203887362325894,-0.9479332238604746,0.1786674423726663,8.874533579836204,1.7904788299161507,2.7203887362325894
District071,1969,1,2.7203887362325894,-0.9479332238604746,0.1786674423726663,6.942723509038952,1.8972797906760377,2.7203887362325894
District071,1970,1,2.7203887362325894,-0.9479332238604746,0.1786674423726663,5.34212583679696,1.8394446567607055,2.7203887362325894
District071,1971,1,2.7203887362325894,-0.9479332238604746,0.1786674423726663,6.699887039979388,1.5720533199276263,2.7203887362325894
District071,1972,1,2.7203887362325894,-0.9479332238604746,0.1786674423726663,5.998672694944835,0.625550495272543,2.7203887362325894
District071,1973,1,2.7203887362325894,-0.9479332238604746,0.1786674423726663,6.63297228187467,2.243575959566982,2.7203887362325894
District071,1974,1,2.7203887362325894,-0.9479332238604746,0.1786674423726663,8.109104040183833,2.110500728543788,2.7203887362325894
District071,1975,1,2.7203887362325894,-0.9479332238604746,0.1786674423726663,8.032542053165331,1.841612106382672,2.7203887362325894
District072,1950,0,3.2296081516560964,0.24081342418583074,0.21459227805340142,5.205867350935976,1.6966628520549167,0.0
District072,1951,0,3.2296081516560964,0.24081342418583074,0.21459227805340142,5.169758166694172,1.8662996658735995,0.0
District072,1952,0,3.2296081516560964,0.24081342418583074,0.21459227805340142,6.817881866981125,1.953785493132182,0.0
District072,1953,0,3.2296081516560964,0.24081342418583074,0.21459227805340142,5.1067472357488315,1.6253183133485936,0.0
District072,1954,0,3.2296081516560964,0.24081342418583074,0.21459227805340142,4.761439524008408,1.525908607856511,0.0
District072,1955,0,3.2296081516560964,0.24081342418583074,0.21459227805340142,6.175577152553469,2.2875226408200477,0.0
District072,1956,0,3.2296081516560964,0.24081342418583074,0.21459227805340142,6.102397462004474,1.879991780474169,0.0
District072,1957,0,3.2296081516560964,0.24081342418583074,0.21459227805340142,6.150249166203896,1.8522123264712218,0.0
District072,1958,0,3.2296081516560964,0.24081342418583074,0.21459227805340142,6.069831018460357,1.7119900871020233,0.0
District072,1959,0,3.2296081516560964,0.24081342418583074,0.21459227805340142,6.827345867378623,1.562075656658853,0.0
District072,1960,0,3.2296081516560964,0.24081342418583074,0.21459227805340142,5.922206667261466,1.586588541904296,0.0
District072,1961,0,3.2296081516560964,0.24081342418583074,0.21459227805340142,6.724351764482706,1.7299323131490967,0.0
District072,1962,1,3.2296081516560964,0.24081342418583074,0.21459227805340142,7.880424443727332,2.119401225984333,3.2296081516560964
District072,1963,1,3.2296081516560964,0.24081342418583074,0.21459227805340142,8.09380809101825,1.8342816682065743,3.2296081516560964
District072,1964,1,3.2296081516560964,0.24081342418583074,0.21459227805340142,7.302465858029971,1.8368901604334962,3.2296081516560964
District072,1965,1,3.2296081516560964,0.24081342418583074,0.21459227805340142,6.545264916199882,2.193887587782401,3.2296081516560964
District072,1966,1,3.2296081516560964,0.24081342418583074,0.21459227805340142,6.959110176442655,2.3498456416842473,3.2296081516560964
District072,1967,1,3.2296081516560964,0.24081342418583074,0.21459227805340142,8.297872846593437,2.1425996866364074,3.2296081516560964
District072,1968,1,3.2296081516560964,0.24081342418583074,0.21459227805340142,6.32750159837226,1.3667020500975298,3.2296081516560964
District072,1969,1,3.2296081516560964,0.24081342418583074,0.21459227805340142,8.216035020314555,1.7237150976279452,3.2296081516560964
District072,1970,1,3.2296081516560964,0.24081342418583074,0.21459227805340142,7.018389421010317,1.7509437734057594,3.2296081516560964
District072,1971,1,3.2296081516560964,0.24081342418583074,0.21459227805340142,7.772486282377672,2.500935886827119,3.2296081516560964
District072,1972,1,3.2296081516560964,0.24081342418583074,0.21459227805340142,7.308974772941257,2.549104023850826,3.2296081516560964
District072,1973,1,3.2296081516560964,0.24081342418583074,0.21459227805340142,7.637313849275539,1.9557539348901205,3.2296081516560964
District072,1974,1,3.2296081516560964,0.24081342418583074,0.21459227805340142,9.704372692573049,2.19708819040817,3.2296081516560964
District072,1975,1,3.2296081516560964,0.24081342418583074,0.21459227805340142,8.203354615484988,2.423051443770179,3.2296081516560964
District073,1950,0,0.12290129124410631,-1.391764414726911,0.33253948637270014,5.540122029952687,1.318792895818092,0.0
District073,1951,0,0.12290129124410631,-1.391764414726911,0.33253948637270014,6.1014763580974005,1.8993289271110942,0.0
District073,1952,0,0.12290129124410631,-1.391764414726911,0.33253948637270014,4.981843583770077,1.8100736053114828,0.0
District073,1953,0,0.12290129124410631,-1.391764414726911,0.33253948637270014,3.8894958624668927,1.4899786030417925,0.0
District073,1954,0,0.12290129124410631,-1.391764414726911,0.33253948637270014,4.854492499696166,2.009293017879675,0.0
District073,1955,0,0.12290129124410631,-1.391764414726911,0.33253948637270014,5.491074724812078,1.6884899797346955,0.0
District073,1956,0,0.12290129124410631,-1.391764414726911,0.33253948637270014,4.6190036739529905,1.7374569112771487,0.0
District073,1957,0,0.12290129124410631,-1.391764414726911,0.33253948637270014,5.0105999491605315,1.7768026062285316,0.0
District073,1958,0,0.12290129124410631,-1.391764414726911,0.33253948637270014,4.810696602424858,1.7383844317263584,0.0
District073,1959,0,0.12290129124410631,-1.391764414726911,0.33253948637270014,4.081129714873683,0.9494888905608364,0.0
District073,1960,0,0.12290129124410631,-1.391764414726911,0.33253948637270014,5.324679624234051,1.4581580061104629,0.0
District073,1961,0,0.12290129124410631,-1.391764414726911,0.33253948637270014,4.635327827064213,1.9557101893606137,0.0
District073,1962,1,0.12290129124410631,-1.391764414726911,0.33253948637270014,6.707124939652163,2.246540470990401,0.12290129124410631
District073,1963,1,0.12290129124410631,-1.391764414726911,0.33253948637270014,4.141521531963038,1.4693635794996545,0.12290129124410631
District073,1964,1,0.12290129124410631,-1.391764414726911,0.33253948637270014,4.845652854127806,1.4745542637764397,0.12290129124410631
District073,1965,1,0.12290129124410631,-1.391764414726911,0.33253948637270014,5.862587973109447,1.6320819627211076,0.12290129124410631
District073,1966,1,0.12290129124410631,-1.391764414726911,0.33253948637270014,5.574420076214561,2.0719478300477223,0.12290129124410631
District073,1967,1,0.12290129124410631,-1.391764414726911,0.33253948637270014,5.39454517585633,2.250037037544753,0.12290129124410631
District073,1968,1,0.12290129124410631,-1.391764414726911,0.33253948637270014,4.483208493130637,1.519415907325739,0.12290129124410631
District073,1969,1,0.12290129124410631,-1.391764414726911,0.33253948637270014,4.886193845565956,1.7241127285840805,0.12290129124410631
District073,1970,1,0.12290129124410631,-1.391764414726911,0.33253948637270014,6.868967090536113,2.049716831089821,0.12290129124410631
District073,1971,1,0.12290129124410631,-1.391764414726911,0.33253948637270014,5.4262373236298,1.8579970476163472,0.12290129124410631
District073,1972,1,0.12290129124410631,-1.391764414726911,0.33253948637270014,5.021547934459376,2.2729537272318785,0.12290129124410631
District073,1973,1,0.12290129124410631,-1.391764414726911,0.33253948637270014,6.902922728769486,1.984869868617931,0.12290129124410631
District073,1974,1,0.12290129124410631,-1.391764414726911,0.33253948637270014,4.666887637072879,1.7888429222421798,0.12290129124410631
District073,1975,1,0.12290129124410631,-1.391764414726911,0.33253948637270014,4.916898577111755,1.595219682469525,0.12290129124410631
District074,1950,0,0.7503316742109991,-0.7938099952099327,0.33610332341181365,5.445805900970632,1.4306433914277183,0.0
District074,1951,0,0.7503316742109991,-0.7938099952099327,0.33610332341181365,6.1551152715726944,2.0068935729722197,0.0
District074,1952,0,0.7503316742109991,-0.7938099952099327,0.33610332341181365,5.309035461984275,1.6252294879427884,0.0
District074,1953,0,0.7503316742109991,-0.7938099952099327,0.33610332341181365,5.997532410263958,1.7496103525762463,0.0
District074,1954,0,0.7503316742109991,-0.7938099952099327,0.33610332341181365,6.825164612164169,2.3377643446035696,0.0
District074,1955,0,0.7503316742109991,-0.7938099952099327,0.33610332341181365,6.606697231301848,1.6007050470972541,0.0
District074,1956,0,0.7503316742109991,-0.7938099952099327,0.33610332341181365,4.611613660426913,1.3676171191387014,0.0
District074,1957,0,0.7503316742109991,-0.7938099952099327,0.33610332341181365,5.748920455218971,1.5914296761877518,0.0
District074,1958,0,0.7503316742109991,-0.7938099952099327,0.33610332341181365,8.422363814793002,2.431261277633639,0.0
District074,1959,0,0.7503316742109991,-0.7938099952099327,0.33610332341181365,4.8495465657029415,1.254877378917211,0.0
District074,1960,0,0.7503316742109991,-0.7938099952099327,0.33610332341181365,4.394893880681775,1.2111695601979076,0.0
District074,1961,0,0.7503316742109991,-0.7938099952099327,0.33610332341181365,5.050394730397888,1.8077027812911042,0.0
District074,1962,1,0.7503316742109991,-0.7938099952099327,0.33610332341181365,4.792328381527493,1.8825917577257334,0.7503316742109991
District074,1963,1,0.7503316742109991,-0.7938099952099327,0.33610332341181365,6.2283593598879605,1.737837428974972,0.7503316742109991
District074,1964,1,0.7503316742109991,-0.7938099952099327,0.33610332341181365,6.459162399970284,1.3407300379359448,0.7503316742109991
District074,1965,1,0.7503316742109991,-0.7938099952099327,0.33610332341181365,6.1426126439725675,2.1608897771321107,0.7503316742109991
District074,1966,1,0.7503316742109991,-0.7938099952099327,0.33610332341181365,6.502917126896396,1.7322597276932914,0.7503316742109991
District074,1967,1,0.7503316742109991,-0.7938099952099327,0.33610332341181365,5.150740546836495,1.1763326701038657,0.7503316742109991
District074,1968,1,0.7503316742109991,-0.7938099952099327,0.33610332341181365,6.23383770604372,2.1609519106992883,0.7503316742109991
District074,1969,1,0.7503316742109991,-0.7938099952099327,0.33610332341181365,5.1873512363778564,1.6824758542787004,0.7503316742109991
District074,1970,1,0.7503316742109991,-0.7938099952099327,0.33610332341181365,6.052793311423893,2.1801816718043656,0.7503316742109991
District074,1971,1,0.7503316742109991,-0.7938099952099327,0.33610332341181365,5.975021330524871,1.1793705663296554,0.7503316742109991
District074,1972,1,0.7503316742109991,-0.7938099952099327,0.33610332341181365,5.821884215603593,1.5578095713719813,0.7503316742109991
District074,1973,1,0.7503316742109991,-0.7938099952099327,0.33610332341181365,6.632960843675176,2.310346551653422,0.7503316742109991
District074,1974,1,0.7503316742109991,-0.7938099952099327,0.33610332341181365,5.024548500609176,1.8883951026035484,0.7503316742109991
District074,1975,1,0.7503316742109991,-0.7938099952099327,0.33610332341181365,6.703554224744134,2.150277933336106,0.7503316742109991
District075,1950,0,2.607614064640647,0.003641124968166342,0.07041620686648861,6.839788241926477,2.0197684189683716,0.0
District075,1951,0,2.607614064640647,0.003641124968166342,0.07041620686648861,6.002698998018394,1.586700159637339,0.0
District075,1952,0,2.607614064640647,0.003641124968166342,0.07041620686648861,6.263936387336365,1.7593382343949937,0.0
District075,1953,0,2.607614064640647,0.003641124968166342,0.07041620686648861,5.553030702687216,2.5915049820044334,0.0
District075,1954,0,2.607614064640647,0.003641124968166342,0.07041620686648861,6.473096591041985,1.992768988251621,0.0
District075,1955,0,2.607614064640647,0.003641124968166342,0.07041620686648861,6.174069146477051,1.7978205460778518,0.0
District075,1956,0,2.607614064640647,0.003641124968166342,0.07041620686648861,6.899884920519524,2.540897703020953,0.0
District075,1957,0,2.607614064640647,0.003641124968166342,0.07041620686648861,5.483072729751977,2.334658556475615,0.0
District075,1958,0,2.607614064640647,0.003641124968166342,0.07041620686648861,6.618063508165483,1.9338760839805875,0.0
District075,1959,0,2.607614064640647,0.003641124968166342,0.07041620686648861,7.963881739524643,2.021622341161402,0.0
District075,1960,0,2.607614064640647,0.003641124968166342,0.07041620686648861,6.044048003293418,1.557679513091382,0.0
District075,1961,0,2.607614064640647,0.003641124968166342,0.07041620686648861,7.100366209985989,1.5307114186971105,0.0
District075,1962,1,2.607614064640647,0.003641124968166342,0.07041620686648861,8.512914947882573,1.8705967144242857,2.607614064640647
District075,1963,1,2.607614064640647,0.003641124968166342,0.07041620686648861,8.564378243991504,2.3161255371877205,2.607614064640647
District075,1964,1,2.607614064640647,0.003641124968166342,0.07041620686648861,6.582695423882433,2.0534969135771304,2.607614064640647
District075,1965,1,2.607614064640647,0.003641124968166342,0.07041620686648861,6.691886501888076,1.5991399075275532,2.607614064640647
District075,1966,1,2.607614064640647,0.003641124968166342,0.07041620686648861,7.522339620375053,1.9750651492637357,2.607614064640647
District075,1967,1,2.607614064640647,0.003641124968166342,0.07041620686648861,6.757266219529322,1.8280437037585475,2.607614064640647
District075,1968,1,2.607614064640647,0.003641124968166342,0.07041620686648861,7.7625020699954,2.2221216588011883,2.607614064640647
District075,1969,1,2.607614064640647,0.003641124968166342,0.07041620686648861,6.964495359064161,2.1620861664165303,2.607614064640647
District075,1970,1,2.607614064640647,0.003641124968166342,0.07041620686648861,7.909393107376239,2.2453894177935725,2.607614064640647
District075,1971,1,2.607614064640647,0.003641124968166342,0.07041620686648861,7.770463307057204,2.2917726297072774,2.607614064640647
District075,1972,1,2.607614064640647,0.003641124968166342,0.07041620686648861,8.541361370689048,1.935527783323865,2.607614064640647
District075,1973,1,2.607614064640647,0.003641124968166342,0.07041620686648861,6.446291915247746,2.114683664619342,2.607614064640647
District075,1974,1,2.607614064640647,0.003641124968166342,0.07041620686648861,7.479016884205399,2.3078966380857993,2.607614064640647
District075,1975,1,2.607614064640647,0.003641124968166342,0.07041620686648861,7.50665272824636,2.1732620100203466,2.607614064640647
District076,1950,0,1.732135769528047,-0.6962268935699422,0.02,6.209054688689913,1.9705945616237295,0.0
District076,1951,0,1.732135769528047,-0.6962268935699422,0.02,5.149046079581068,2.4553121904242508,0.0
District076,1952,0,1.732135769528047,-0.6962268935699422,0.02,2.965294648390124,2.017829265259238,0.0
District076,1953,0,1.732135769528047,-0.6962268935699422,0.02,5.4037541268784,1.8047902089805874,0.0
District076,1954,0,1.732135769528047,-0.6962268935699422,0.02,6.048594626341091,1.9452217616833778,0.0
District076,1955,0,1.732135769528047,-0.6962268935699422,0.02,5.468801452251481,2.063976470960904,0.0
District076,1956,0,1.732135769528047,-0.6962268935699422,0.02,6.096743465340426,1.1693639522262247,0.0
District076,1957,0,1.732135769528047,-0.6962268935699422,0.02,6.658157940208397,2.3459910029136797,0.0
District076,1958,0,1.732135769528047,-0.6962268935699422,0.02,3.5962575121934206,1.9858134540107808,0.0
District076,1959,0,1.732135769528047,-0.6962268935699422,0.02,5.674700448924584,1.647871542462085,0.0
District076,1960,0,1.732135769528047,-0.6962268935699422,0.02,4.958070079485325,1.3669125287582036,0.0
District076,1961,0,1.732135769528047,-0.6962268935699422,0.02,6.95400233221158,1.9794677816566406,0.0
District076,1962,1,1.732135769528047,-0.6962268935699422,0.02,6.111706700511325,1.9169516336997636,1.732135769528047
District076,1963,1,1.732135769528047,-0.6962268935699422,0.02,5.368917012235633,1.561180557514354,1.732135769528047
District076,1964,1,1.732135769528047,-0.6962268935699422,0.02,6.809185174389464,2.5945138675376525,1.732135769528047
District076,1965,1,1.732135769528047,-0.6962268935699422,0.02,7.014321064125058,2.62686014318942,1.732135769528047
District076,1966,1,1.732135769528047,-0.6962268935699422,0.02,6.996881000770432,1.7415594068237403,1.732135769528047
District076,1967,1,1.732135769528047,-0.6962268935699422,0.02,6.9921442238285865,2.117712536384429,1.732135769528047
District076,1968,1,1.732135769528047,-0.6962268935699422,0.02,4.9197775130932895,2.097540439372087,1.732135769528047
District076,1969,1,1.732135769528047,-0.6962268935699422,0.02,5.46892183150849,2.1126335220449852,1.732135769528047
District076,1970,1,1.732135769528047,-0.6962268935699422,0.02,7.010844839055913,2.034279584577002,1.732135769528047
District076,1971,1,1.732135769528047,-0.6962268935699422,0.02,7.94206742735477,1.6807660245219331,1.732135769528047
District076,1972,1,1.732135769528047,-0.6962268935699422,0.02,5.578704313463778,2.3489143501169623,1.732135769528047
District076,1973,1,1.732135769528047,-0.6962268935699422,0.02,4.992066979777943,1.2527848167667952,1.732135769528047
District076,1974,1,1.732135769528047,-0.6962268935699422,0.02,5.978078461264013,1.729330058366205,1.732135769528047
District076,1975,1,1.732135769528047,-0.6962268935699422,0.02,6.1067634740464385,2.105808553255383,1.732135769528047
District077,1950,0,5.644056338198741,0.3743155436150584,0.35063731148845856,6.30158746237351,1.371923223530962,0.0
District077,1951,0,5.644056338198741,0.3743155436150584,0.35063731148845856,4.576729299265764,1.7138967794383666,0.0
District077,1952,0,5.644056338198741,0.3743155436150584,0.35063731148845856,7.4162877378388865,2.0752681505040314,0.0
District077,1953,0,5.644056338198741,0.3743155436150584,0.35063731148845856,4.733011777453467,1.8233294288686075,0.0
District077,1954,0,5.644056338198741,0.3743155436150584,0.35063731148845856,6.769806705798969,2.3741402033577366,0.0
District077,1955,0,5.644056338198741,0.3743155436150584,0.35063731148845856,6.953145673366118,1.933204518431688,0.0
District077,1956,0,5.644056338198741,0.3743155436150584,0.35063731148845856,7.805437326121812,2.2890477749363307,0.0
District077,1957,0,5.644056338198741,0.3743155436150584,0.35063731148845856,6.322733088076654,1.7304836657032934,0.0
District077,1958,0,5.644056338198741,0.3743155436150584,0.35063731148845856,5.4438649676061885,1.3111526919336334,0.0
District077,1959,0,5.644056338198741,0.3743155436150584,0.35063731148845856,6.322215633223847,1.5569274970142244,0.0
District077,1960,0,5.644056338198741,0.3743155436150584,0.35063731148845856,6.508409422412269,2.259277333744829,0.0
District077,1961,0,5.644056338198741,0.3743155436150584,0.35063731148845856,7.246415109381817,2.51724775960574,0.0
District077,1962,1,5.644056338198741,0.3743155436150584,0.35063731148845856,9.366136288284865,1.7319653970545428,5.644056338198741
District077,1963,1,5.644056338198741,0.3743155436150584,0.35063731148845856,8.689860060761001,1.9962293217042615,5.644056338198741
District077,1964,1,5.644056338198741,0.3743155436150584,0.35063731148845856,7.615683266779316,2.2046119207067325,5.644056338198741
District077,1965,1,5.644056338198741,0.3743155436150584,0.35063731148845856,8.803517281180207,1.6133818334325278,5.644056338198741
District077,1966,1,5.644056338198741,0.3743155436150584,0.35063731148845856,10.414255860549794,2.208675209922818,5.644056338198741
District077,1967,1,5.644056338198741,0.3743155436150584,0.35063731148845856,9.879442491619452,2.4118722503335217,5.644056338198741
District077,1968,1,5.644056338198741,0.3743155436150584,0.35063731148845856,8.912941221264427,2.1067956150554057,5.644056338198741
District077,1969,1,5.644056338198741,0.3743155436150584,0.35063731148845856,9.38211251883327,1.8958364757195008,5.644056338198741
District077,1970,1,5.644056338198741,0.3743155436150584,0.35063731148845856,10.075269016928342,2.215812045224319,5.644056338198741
District077,1971,1,5.644056338198741,0.3743155436150584,0.35063731148845856,8.370808087956084,1.8720415787696083,5.644056338198741
District077,1972,1,5.644056338198741,0.3743155436150584,0.35063731148845856,8.273314110200541,2.5348186098023535,5.644056338198741
District077,1973,1,5.644056338198741,0.3743155436150584,0.35063731148845856,10.483132492337292,2.0570830793038053,5.644056338198741
District077,1974,1,5.644056338198741,0.3743155436150584,0.35063731148845856,9.48783622320005,2.0794133269205104,5.644056338198741
District077,1975,1,5.644056338198741,0.3743155436150584,0.35063731148845856,8.50657493083616,1.9380456974329807,5.644056338198741
District078,1950,0,2.468780138234051,-1.8181327578633486,0.23470866462003057,5.992261729326954,2.1264141310546023,0.0
District078,1951,0,2.468780138234051,-1.8181327578633486,0.23470866462003057,6.163125140636281,1.9743635666027175,0.0
District078,1952,0,2.468780138234051,-1.8181327578633486,0.23470866462003057,5.573970194170144,1.7754919755578347,0.0
District078,1953,0,2.468780138234051,-1.8181327578633486,0.23470866462003057,4.2089573993730784,1.761440503920929,0.0
District078,1954,0,2.468780138234051,-1.8181327578633486,0.23470866462003057,5.255925651145903,1.602103299979584,0.0
District078,1955,0,2.468780138234051,-1.8181327578633486,0.23470866462003057,7.017242617086783,2.002253847816808,0.0
District078,1956,0,2.468780138234051,-1.8181327578633486,0.23470866462003057,5.234045273721198,1.837263426194566,0.0
District078,1957,0,2.468780138234051,-1.8181327578633486,0.23470866462003057,3.1296861148256196,1.6550173984074967,0.0
District078,1958,0,2.468780138234051,-1.8181327578633486,0.23470866462003057,4.923307836200097,1.6267190452524591,0.0
District078,1959,0,2.468780138234051,-1.8181327578633486,0.23470866462003057,4.388032241102634,1.4561813757480733,0.0
District078,1960,0,2.468780138234051,-1.8181327578633486,0.23470866462003057,5.021601815203482,1.39621114026099,0.0
District078,1961,0,2.468780138234051,-1.8181327578633486,0.23470866462003057,5.5884457780907075,2.032562704396713,0.0
District078,1962,1,2.468780138234051,-1.8181327578633486,0.23470866462003057,7.776066366399986,1.9816564492976132,2.468780138234051
District078,1963,1,2.468780138234051,-1.8181327578633486,0.23470866462003057,6.418440715168136,2.128825014432202,2.468780138234051
District078,1964,1,2.468780138234051,-1.8181327578633486,0.23470866462003057,5.8293727822960255,1.6910656484256334,2.468780138234051
District078,1965,1,2.468780138234051,-1.8181327578633486,0.23470866462003057,5.103334686800501,1.637238093543139,2.468780138234051
District078,1966,1,2.468780138234051,-1.8181327578633486,0.23470866462003057,6.109303251721049,1.7349668726362806,2.468780138234051
District078,1967,1,2.468780138234051,-1.8181327578633486,0.23470866462003057,5.293977150469818,0.8896640619438134,2.468780138234051
District078,1968,1,2.468780138234051,-1.8181327578633486,0.23470866462003057,7.350672749519697,1.5082605479569153,2.468780138234051
District078,1969,1,2.468780138234051,-1.8181327578633486,0.23470866462003057,6.366267322216353,1.7148228065751456,2.468780138234051
District078,1970,1,2.468780138234051,-1.8181327578633486,0.23470866462003057,5.601133574246589,1.4667354263992238,2.468780138234051
District078,1971,1,2.468780138234051,-1.8181327578633486,0.23470866462003057,6.27350168340172,2.638385992346112,2.468780138234051
District078,1972,1,2.468780138234051,-1.8181327578633486,0.23470866462003057,6.0416015235780645,1.6546897873155335,2.468780138234051
District078,1973,1,2.468780138234051,-1.8181327578633486,0.23470866462003057,4.91646757253092,1.4299236434691278,2.468780138234051
District078,1974,1,2.468780138234051,-1.8181327578633486,0.23470866462003057,5.858286741346185,1.277801338941265,2.468780138234051
District078,1975,1,2.468780138234051,-1.8181327578633486,0.23470866462003057,6.833247167311223,1.6924957301965664,2.468780138234051
District079,1950,0,2.7859881956262798,-0.009516956850094613,0.10743676268283917,5.153109088513247,1.7043712030905365,0.0
District079,1951,0,2.7859881956262798,-0.009516956850094613,0.10743676268283917,5.57507236843551,1.6270836145315586,0.0
District079,1952,0,2.7859881956262798,-0.009516956850094613,0.10743676268283917,6.075839368346159,1.8272738407643299,0.0
District079,1953,0,2.7859881956262798,-0.009516956850094613,0.10743676268283917,4.900319449085627,1.3930162973924094,0.0
District079,1954,0,2.7859881956262798,-0.009516956850094613,0.10743676268283917,4.522309289624438,1.5805696167548544,0.0
District079,1955,0,2.7859881956262798,-0.009516956850094613,0.10743676268283917,4.159044588158599,1.372418040750822,0.0
District079,1956,0,2.7859881956262798,-0.009516956850094613,0.10743676268283917,5.554744638207329,2.2621171167342737,0.0
District079,1957,0,2.7859881956262798,-0.009516956850094613,0.10743676268283917,5.586839171370886,2.163102965000748,0.0
District079,1958,0,2.7859881956262798,-0.009516956850094613,0.10743676268283917,4.032206144676383,1.57837677240212,0.0
District079,1959,0,2.7859881956262798,-0.009516956850094613,0.10743676268283917,4.3959407408454805,2.496287981212346,0.0
District079,1960,0,2.7859881956262798,-0.009516956850094613,0.10743676268283917,5.633179023577169,1.2852084699779707,0.0
District079,1961,0,2.7859881956262798,-0.009516956850094613,0.10743676268283917,5.065060690789194,1.6849137415695545,0.0
District079,1962,1,2.7859881956262798,-0.009516956850094613,0.10743676268283917,6.612909634087026,1.8838109861811474,2.7859881956262798
District079,1963,1,2.7859881956262798,-0.009516956850094613,0.10743676268283917,7.083368593116101,1.2181331790012833,2.7859881956262798
District079,1964,1,2.7859881956262798,-0.009516956850094613,0.10743676268283917,6.217842756093114,1.6050886273536173,2.7859881956262798
District079,1965,1,2.7859881956262798,-0.009516956850094613,0.10743676268283917,6.853615121489961,2.047615877501124,2.7859881956262798
District079,1966,1,2.7859881956262798,-0.009516956850094613,0.10743676268283917,5.862146910353619,1.1987393426618862,2.7859881956262798
District079,1967,1,2.7859881956262798,-0.009516956850094613,0.10743676268283917,7.8375210931875445,1.715831190697549,2.7859881956262798
District079,1968,1,2.7859881956262798,-0.009516956850094613,0.10743676268283917,7.036508823369095,1.5840235187249245,2.7859881956262798
District079,1969,1,2.7859881956262798,-0.009516956850094613,0.10743676268283917,7.554422586314758,2.329541938768409,2.7859881956262798
District079,1970,1,2.7859881956262798,-0.009516956850094613,0.10743676268283917,7.736792024931483,2.1002397880481505,2.7859881956262798
District079,1971,1,2.7859881956262798,-0.009516956850094613,0.10743676268283917,8.066617180671583,1.9244681359488454,2.7859881956262798
District079,1972,1,2.7859881956262798,-0.009516956850094613,0.10743676268283917,8.749884856953017,1.8106450276275647,2.7859881956262798
District079,1973,1,2.7859881956262798,-0.009516956850094613,0.10743676268283917,7.456907832603688,1.880437009954757,2.7859881956262798
District079,1974,1,2.7859881956262798,-0.009516956850094613,0.10743676268283917,7.530950868934223,2.232048803645051,2.7859881956262798
District079,1975,1,2.7859881956262798,-0.009516956850094613,0.10743676268283917,4.726087009270531,1.7373779806054077,2.7859881956262798
District080,1950,0,2.758233864660176,0.9531132864940852,0.19247754553766147,5.385323131240146,2.0051712685589087,0.0
District080,1951,0,2.758233864660176,0.9531132864940852,0.19247754553766147,5.813021405409631,1.8217076174215476,0.0
District080,1952,0,2.758233864660176,0.9531132864940852,0.19247754553766147,6.53906974263187,0.9902479866347346,0.0
District080,1953,0,2.758233864660176,0.9531132864940852,0.19247754553766147,8.10395565737772,1.6120943158439536,0.0
District080,1954,0,2.758233864660176,0.9531132864940852,0.19247754553766147,5.33436004879955,1.5299626536536524,0.0
District080,1955,0,2.758233864660176,0.9531132864940852,0.19247754553766147,6.347769001670129,1.3619138741410206,0.0
District080,1956,0,2.758233864660176,0.9531132864940852,0.19247754553766147,5.971261965897892,1.6407983043560832,0.0
District080,1957,0,2.758233864660176,0.9531132864940852,0.19247754553766147,4.970663882839153,1.4524764051411836,0.0
District080,1958,0,2.758233864660176,0.9531132864940852,0.19247754553766147,7.653521388928669,2.244496261211463,0.0
District080,1959,0,2.758233864660176,0.9531132864940852,0.19247754553766147,5.680530664064543,1.6583564045091719,0.0
District080,1960,0,2.758233864660176,0.9531132864940852,0.19247754553766147,4.582060138240915,1.5812980291777583,0.0
District080,1961,0,2.758233864660176,0.9531132864940852,0.19247754553766147,4.985678912464818,1.7005472374157957,0.0
District080,1962,1,2.758233864660176,0.9531132864940852,0.19247754553766147,8.855641175781706,2.7449931117491886,2.758233864660176
District080,1963,1,2.758233864660176,0.9531132864940852,0.19247754553766147,7.618917759699713,1.6905446779926463,2.758233864660176
District080,1964,1,2.758233864660176,0.9531132864940852,0.19247754553766147,8.803077892019358,2.374452267979753,2.758233864660176
District080,1965,1,2.758233864660176,0.9531132864940852,0.19247754553766147,7.867839864187205,2.367005640863791,2.758233864660176
District080,1966,1,2.758233864660176,0.9531132864940852,0.19247754553766147,7.27281092493771,1.6775109692944983,2.758233864660176
District080,1967,1,2.758233864660176,0.9531132864940852,0.19247754553766147,9.570857195745965,2.4096607728133095,2.758233864660176
District080,1968,1,2.758233864660176,0.9531132864940852,0.19247754553766147,9.230130958922802,2.110762178375625,2.758233864660176
District080,1969,1,2.758233864660176,0.9531132864940852,0.19247754553766147,7.392475546910475,1.7950170090625088,2.758233864660176
District080,1970,1,2.758233864660176,0.9531132864940852,0.19247754553766147,7.697513296468639,1.9218545967441254,2.758233864660176
District080,1971,1,2.758233864660176,0.9531132864940852,0.19247754553766147,6.171845219495525,1.867236064052002,2.758233864660176
District080,1972,1,2.758233864660176,0.9531132864940852,0.19247754553766147,7.1389176908947025,1.8600997643497426,2.758233864660176
District080,1973,1,2.758233864660176,0.9531132864940852,0.19247754553766147,6.490219239588261,1.946748595505307,2.758233864660176
District080,1974,1,2.758233864660176,0.9531132864940852,0.19247754553766147,7.358223853998228,2.161441228844337,2.758233864660176
District080,1975,1,2.758233864660176,0.9531132864940852,0.19247754553766147,7.6417171735864535,2.20587658626547,2.758233864660176
District081,1950,0,5.627661607307248,-1.3495236654935614,0.379876748496806,4.065864484844722,1.7093690534877728,0.0
District081,1951,0,5.627661607307248,-1.3495236654935614,0.379876748496806,5.927170661677807,1.9218882290717303,0.0
District081,1952,0,5.627661607307248,-1.3495236654935614,0.379876748496806,4.9556462098009835,2.061488167425643,0.0
District081,1953,0,5.627661607307248,-1.3495236654935614,0.379876748496806,4.609603497044663,1.341517530026339,0.0
District081,1954,0,5.627661607307248,-1.3495236654935614,0.379876748496806,4.34913899619372,1.8918072391816565,0.0
District081,1955,0,5.627661607307248,-1.3495236654935614,0.379876748496806,6.457366348922351,1.9006765323783188,0.0
District081,1956,0,5.627661607307248,-1.3495236654935614,0.379876748496806,3.954784974497434,1.7823944225691655,0.0
District081,1957,0,5.627661607307248,-1.3495236654935614,0.379876748496806,4.802319750719001,1.421606027987481,0.0
District081,1958,0,5.627661607307248,-1.3495236654935614,0.379876748496806,4.168480108875704,1.2643450815105406,0.0
District081,1959,0,5.627661607307248,-1.3495236654935614,0.379876748496806,4.250636705233315,2.153455183012937,0.0
District081,1960,0,5.627661607307248,-1.3495236654935614,0.379876748496806,2.951579178251838,1.4615387007611211,0.0
District081,1961,0,5.627661607307248,-1.3495236654935614,0.379876748496806,5.237189834590643,2.0326187746679207,0.0
District081,1962,1,5.627661607307248,-1.3495236654935614,0.379876748496806,7.7118377318490685,1.7253593776872371,5.627661607307248
District081,1963,1,5.627661607307248,-1.3495236654935614,0.379876748496806,7.824506136801667,2.0223039846649216,5.627661607307248
District081,1964,1,5.627661607307248,-1.3495236654935614,0.379876748496806,7.721191685451279,2.0609287382991273,5.627661607307248
District081,1965,1,5.627661607307248,-1.3495236654935614,0.379876748496806,7.719774502452057,2.102866185127124,5.627661607307248
District081,1966,1,5.627661607307248,-1.3495236654935614,0.379876748496806,6.846896607641709,1.5895445408052333,5.627661607307248
District081,1967,1,5.627661607307248,-1.3495236654935614,0.379876748496806,9.006790508052324,2.414221854764365,5.627661607307248
District081,1968,1,5.627661607307248,-1.3495236654935614,0.379876748496806,8.186046444407307,2.034239617278978,5.627661607307248
District081,1969,1,5.627661607307248,-1.3495236654935614,0.379876748496806,8.963830027498824,1.7172813385137546,5.627661607307248
District081,1970,1,5.627661607307248,-1.3495236654935614,0.379876748496806,8.313207429426893,2.175403004121695,5.627661607307248
District081,1971,1,5.627661607307248,-1.3495236654935614,0.379876748496806,7.215583651003623,1.7968612780857474,5.627661607307248
District081,1972,1,5.627661607307248,-1.3495236654935614,0.379876748496806,7.911134178491578,1.653497827093107,5.627661607307248
District081,1973,1,5.627661607307248,-1.3495236654935614,0.379876748496806,7.225443444761893,1.675494690202492,5.627661607307248
District081,1974,1,5.627661607307248,-1.3495236654935614,0.379876748496806,6.554923162684428,2.0835864127292396,5.627661607307248
District081,1975,1,5.627661607307248,-1.3495236654935614,0.379876748496806,6.0971167973333955,1.44873294270814,5.627661607307248
District082,1950,0,2.3276032103269992,-0.5735231109488077,0.3009804454384652,5.297876036118509,1.6042207989166137,0.0
District082,1951,0,2.3276032103269992,-0.5735231109488077,0.3009804454384652,5.766605128340412,1.6784895261579214,0.0
District082,1952,0,2.3276032103269992,-0.5735231109488077,0.3009804454384652,3.4403920035620503,1.649404999955792,0.0
District082,1953,0,2.3276032103269992,-0.5735231109488077,0.3009804454384652,6.186852880240697,2.2599766666796928,0.0
District082,1954,0,2.3276032103269992,-0.5735231109488077,0.3009804454384652,4.961916071702396,2.2666484202900885,0.0
District082,1955,0,2.3276032103269992,-0.5735231109488077,0.3009804454384652,6.164114444253121,1.3614351760876382,0.0
District082,1956,0,2.3276032103269992,-0.5735231109488077,0.3009804454384652,5.960529116976131,1.9557876726744488,0.0
District082,1957,0,2.3276032103269992,-0.5735231109488077,0.3009804454384652,7.323028281534029,2.216399105048321,0.0
District082,1958,0,2.3276032103269992,-0.5735231109488077,0.3009804454384652,4.9667545579234,1.7725681379708182,0.0
District082,1959,0,2.3276032103269992,-0.5735231109488077,0.3009804454384652,6.046101549493612,1.7255559045128055,0.0
District082,1960,0,2.3276032103269992,-0.5735231109488077,0.3009804454384652,6.448954671057995,1.5817936799591212,0.0
District082,1961,0,2.3276032103269992,-0.5735231109488077,0.3009804454384652,6.849811653452505,2.1625471151724756,0.0
District082,1962,1,2.3276032103269992,-0.5735231109488077,0.3009804454384652,7.544425079588429,1.1009361449811592,2.3276032103269992
District082,1963,1,2.3276032103269992,-0.5735231109488077,0.3009804454384652,6.340588672872194,1.2266040380273289,2.3276032103269992
District082,1964,1,2.3276032103269992,-0.5735231109488077,0.3009804454384652,7.280768309397468,1.9661655700835545,2.3276032103269992
District082,1965,1,2.3276032103269992,-0.5735231109488077,0.3009804454384652,6.839329764163492,1.5674376355158433,2.3276032103269992
District082,1966,1,2.3276032103269992,-0.5735231109488077,0.3009804454384652,8.611464849786287,2.145247392567712,2.3276032103269992
District082,1967,1,2.3276032103269992,-0.5735231109488077,0.3009804454384652,6.394807516059699,1.9977556571035047,2.3276032103269992
District082,1968,1,2.3276032103269992,-0.5735231109488077,0.3009804454384652,6.677263370527417,2.6307465757342485,2.3276032103269992
District082,1969,1,2.3276032103269992,-0.5735231109488077,0.3009804454384652,7.346502895546866,1.9553791176161641,2.3276032103269992
District082,1970,1,2.3276032103269992,-0.5735231109488077,0.3009804454384652,6.6847374393010455,2.1055595022036275,2.3276032103269992
District082,1971,1,2.3276032103269992,-0.5735231109488077,0.3009804454384652,4.496468845871554,1.3053772314332073,2.3276032103269992
District082,1972,1,2.3276032103269992,-0.5735231109488077,0.3009804454384652,5.173330368057947,1.4541482935557208,2.3276032103269992
District082,1973,1,2.3276032103269992,-0.5735231109488077,0.3009804454384652,6.299713280293146,2.166620604832552,2.3276032103269992
District082,1974,1,2.3276032103269992,-0.5735231109488077,0.3009804454384652,7.934943401960346,2.2049370509135784,2.3276032103269992
District082,1975,1,2.3276032103269992,-0.5735231109488077,0.3009804454384652,6.928807899619103,1.6709139117592289,2.3276032103269992
District083,1950,0,3.569297022703173,0.014444345675219124,0.4687852548531021,5.328104538122675,1.1491260901182179,0.0
District083,1951,0,3.569297022703173,0.014444345675219124,0.4687852548531021,6.304737561030426,1.79432017732246,0.0
District083,1952,0,3.569297022703173,0.014444345675219124,0.4687852548531021,5.217445578776852,1.2892279885437095,0.0
District083,1953,0,3.569297022703173,0.014444345675219124,0.4687852548531021,5.447130532097021,2.338101564347562,0.0
District083,1954,0,3.569297022703173,0.014444345675219124,0.4687852548531021,5.980411683252619,1.898292830113659,0.0
District083,1955,0,3.569297022703173,0.014444345675219124,0.4687852548531021,5.584776953432078,2.041769645859754,0.0
District083,1956,0,3.569297022703173,0.014444345675219124,0.4687852548531021,7.001604113952268,1.630564998931559,0.0
District083,1957,0,3.569297022703173,0.014444345675219124,0.4687852548531021,4.899279515804237,1.7209851126214906,0.0
District083,1958,0,3.569297022703173,0.014444345675219124,0.4687852548531021,6.244589206674599,1.6596972412004318,0.0
District083,1959,0,3.569297022703173,0.014444345675219124,0.4687852548531021,6.586990930093235,1.3624593426631204,0.0
District083,1960,0,3.569297022703173,0.014444345675219124,0.4687852548531021,4.165454837415784,1.3908127492857356,0.0
District083,1961,0,3.569297022703173,0.014444345675219124,0.4687852548531021,4.424204947305763,1.9781224472243748,0.0
District083,1962,1,3.569297022703173,0.014444345675219124,0.4687852548531021,8.287144512331574,2.157824758307062,3.569297022703173
District083,1963,1,3.569297022703173,0.014444345675219124,0.4687852548531021,8.311961330188112,2.132223695093146,3.569297022703173
District083,1964,1,3.569297022703173,0.014444345675219124,0.4687852548531021,7.558803419021605,2.175238119390859,3.569297022703173
District083,1965,1,3.569297022703173,0.014444345675219124,0.4687852548531021,6.304719143226289,2.1909145378835513,3.569297022703173
District083,1966,1,3.569297022703173,0.014444345675219124,0.4687852548531021,9.951532899946962,2.840571860306444,3.569297022703173
District083,1967,1,3.569297022703173,0.014444345675219124,0.4687852548531021,7.949067096413437,1.9219019990120838,3.569297022703173
District083,1968,1,3.569297022703173,0.014444345675219124,0.4687852548531021,7.48579137585418,1.0720598964014532,3.569297022703173
District083,1969,1,3.569297022703173,0.014444345675219124,0.4687852548531021,7.876260214691469,1.9360904608106773,3.569297022703173
District083,1970,1,3.569297022703173,0.014444345675219124,0.4687852548531021,7.698603906349415,2.4065244653224496,3.569297022703173
District083,1971,1,3.569297022703173,0.014444345675219124,0.4687852548531021,8.141217609247498,2.3698970183830363,3.569297022703173
District083,1972,1,3.569297022703173,0.014444345675219124,0.4687852548531021,8.942120368980564,2.3526944546931157,3.569297022703173
District083,1973,1,3.569297022703173,0.014444345675219124,0.4687852548531021,8.140037702618233,1.9385418199700566,3.569297022703173
District083,1974,1,3.569297022703173,0.014444345675219124,0.4687852548531021,7.205768300641504,1.8985863422848928,3.569297022703173
District083,1975,1,3.569297022703173,0.014444345675219124,0.4687852548531021,7.9780017633276445,1.9854141776672085,3.569297022703173
District084,1950,0,2.6860421794012264,-0.05976854727711509,0.18592530687961695,6.159617505575103,1.8398074576259387,0.0
District084,1951,0,2.6860421794012264,-0.05976854727711509,0.18592530687961695,4.761801734904794,1.4560856147508303,0.0
District084,1952,0,2.6860421794012264,-0.05976854727711509,0.18592530687961695,6.4212351956356475,1.5412894359347409,0.0
District084,1953,0,2.6860421794012264,-0.05976854727711509,0.18592530687961695,5.6357515436942105,1.620508663933672,0.0
District084,1954,0,2.6860421794012264,-0.05976854727711509,0.18592530687961695,5.59227824533641,1.707741074366019,0.0
District084,1955,0,2.6860421794012264,-0.05976854727711509,0.18592530687961695,6.291275519721568,1.7818042731820423,0.0
District084,1956,0,2.6860421794012264,-0.05976854727711509,0.18592530687961695,7.533607715762925,2.533823718990532,0.0
District084,1957,0,2.6860421794012264,-0.05976854727711509,0.18592530687961695,6.913272636197066,1.6240218015803496,0.0
District084,1958,0,2.6860421794012264,-0.05976854727711509,0.18592530687961695,5.22538139538822,1.6476652289820999,0.0
District084,1959,0,2.6860421794012264,-0.05976854727711509,0.18592530687961695,6.551248929812186,1.9033862519353937,0.0
District084,1960,0,2.6860421794012264,-0.05976854727711509,0.18592530687961695,5.036511885611295,1.4347438154212206,0.0
District084,1961,0,2.6860421794012264,-0.05976854727711509,0.18592530687961695,6.778454367176988,2.0878931521577484,0.0
District084,1962,1,2.6860421794012264,-0.05976854727711509,0.18592530687961695,7.263028104370432,2.217867867840348,2.6860421794012264
District084,1963,1,2.6860421794012264,-0.05976854727711509,0.18592530687961695,6.59495291284138,1.6510253612742951,2.6860421794012264
District084,1964,1,2.6860421794012264,-0.05976854727711509,0.18592530687961695,8.160583725737194,2.452627240815133,2.6860421794012264
District084,1965,1,2.6860421794012264,-0.05976854727711509,0.18592530687961695,6.56975680598212,2.0634781446108934,2.6860421794012264
District084,1966,1,2.6860421794012264,-0.05976854727711509,0.18592530687961695,7.465560337794004,2.021431162267067,2.6860421794012264
District084,1967,1,2.6860421794012264,-0.05976854727711509,0.18592530687961695,7.332417897376069,2.1237625222718366,2.6860421794012264
District084,1968,1,2.6860421794012264,-0.05976854727711509,0.18592530687961695,5.794802180847708,1.6045602490809925,2.6860421794012264
District084,1969,1,2.6860421794012264,-0.05976854727711509,0.18592530687961695,6.15904252127401,2.108865716891494,2.6860421794012264
District084,1970,1,2.6860421794012264,-0.05976854727711509,0.18592530687961695,4.82226358665276,2.3243422530522286,2.6860421794012264
District084,1971,1,2.6860421794012264,-0.05976854727711509,0.18592530687961695,7.4092043897877815,2.1694851762969436,2.6860421794012264
District084,1972,1,2.6860421794012264,-0.05976854727711509,0.18592530687961695,7.845820362835607,2.1852920580013095,2.6860421794012264
District084,1973,1,2.6860421794012264,-0.05976854727711509,0.18592530687961695,6.926667637672953,2.357235727377426,2.6860421794012264
District084,1974,1,2.6860421794012264,-0.05976854727711509,0.18592530687961695,7.9874575276492426,2.1859558751868207,2.6860421794012264
District084,1975,1,2.6860421794012264,-0.05976854727711509,0.18592530687961695,6.1462931446397455,1.2646951701400768,2.6860421794012264
District085,1950,0,3.0619236994045047,1.8321106887394087,0.3495856950254053,8.040838063827302,2.2273909215953793,0.0
District085,1951,0,3.0619236994045047,1.8321106887394087,0.3495856950254053,7.505419316858331,2.5916391278518573,0.0
District085,1952,0,3.0619236994045047,1.8321106887394087,0.3495856950254053,7.258246602646928,2.073865433071376,0.0
District085,1953,0,3.0619236994045047,1.8321106887394087,0.3495856950254053,6.498068885264093,2.079139918886963,0.0
District085,1954,0,3.0619236994045047,1.8321106887394087,0.3495856950254053,9.62213376054833,2.206229942984162,0.0
District085,1955,0,3.0619236994045047,1.8321106887394087,0.3495856950254053,6.555864338896108,2.015873760809547,0.0
District085,1956,0,3.0619236994045047,1.8321106887394087,0.3495856950254053,7.254705922100384,2.113600941782768,0.0
District085,1957,0,3.0619236994045047,1.8321106887394087,0.3495856950254053,6.990381174825394,2.205775347425959,0.0
District085,1958,0,3.0619236994045047,1.8321106887394087,0.3495856950254053,6.574131129658568,1.6725875765568294,0.0
District085,1959,0,3.0619236994045047,1.8321106887394087,0.3495856950254053,7.70950447223814,1.3938532854901213,0.0
District085,1960,0,3.0619236994045047,1.8321106887394087,0.3495856950254053,6.557271705692294,1.1071025673208947,0.0
District085,1961,0,3.0619236994045047,1.8321106887394087,0.3495856950254053,6.358676743413511,2.630581707286183,0.0
District085,1962,1,3.0619236994045047,1.8321106887394087,0.3495856950254053,7.760537272158052,1.6060243075142067,3.0619236994045047
District085,1963,1,3.0619236994045047,1.8321106887394087,0.3495856950254053,8.944628388210097,2.086806756103849,3.0619236994045047
District085,1964,1,3.0619236994045047,1.8321106887394087,0.3495856950254053,8.978748931392365,1.93937885742228,3.0619236994045047
District085,1965,1,3.0619236994045047,1.8321106887394087,0.3495856950254053,9.324460582960866,2.2835654801985994,3.0619236994045047
District085,1966,1,3.0619236994045047,1.8321106887394087,0.3495856950254053,8.840736669255199,2.1853863571489756,3.0619236994045047
District085,1967,1,3.0619236994045047,1.8321106887394087,0.3495856950254053,8.259813759997177,1.7870376635827048,3.0619236994045047
District085,1968,1,3.0619236994045047,1.8321106887394087,0.3495856950254053,8.110607411587713,2.5256335633196616,3.0619236994045047
District085,1969,1,3.0619236994045047,1.8321106887394087,0.3495856950254053,8.286282314736116,2.138494461574913,3.0619236994045047
District085,1970,1,3.0619236994045047,1.8321106887394087,0.3495856950254053,8.884155421732983,2.7006595228613643,3.0619236994045047
District085,1971,1,3.0619236994045047,1.8321106887394087,0.3495856950254053,8.997484904047685,1.6379052403762895,3.0619236994045047
District085,1972,1,3.0619236994045047,1.8321106887394087,0.3495856950254053,8.790017613204482,2.2971038276304165,3.0619236994045047
District085,1973,1,3.0619236994045047,1.8321106887394087,0.3495856950254053,9.19712762569929,2.8596143800626237,3.0619236994045047
District085,1974,1,3.0619236994045047,1.8321106887394087,0.3495856950254053,8.434410098249982,1.8691978938018605,3.0619236994045047
District085,1975,1,3.0619236994045047,1.8321106887394087,0.3495856950254053,8.303337678530134,2.6915609167696504,3.0619236994045047
District086,1950,0,1.907012356170289,0.192236504331701,0.45760589162879495,7.267908243834197,2.178026121585946,0.0
District086,1951,0,1.907012356170289,0.192236504331701,0.45760589162879495,5.857083425434174,2.010450439365056,0.0
District086,1952,0,1.907012356170289,0.192236504331701,0.45760589162879495,5.920685192878814,1.7413420611312398,0.0
District086,1953,0,1.907012356170289,0.192236504331701,0.45760589162879495,5.809059455975866,1.3002802355067014,0.0
District086,1954,0,1.907012356170289,0.192236504331701,0.45760589162879495,5.048420839837178,2.0926812217707647,0.0
District086,1955,0,1.907012356170289,0.192236504331701,0.45760589162879495,6.005414605560843,1.3014289001765686,0.0
District086,1956,0,1.907012356170289,0.192236504331701,0.45760589162879495,5.848194558749222,2.06967556778564,0.0
District086,1957,0,1.907012356170289,0.192236504331701,0.45760589162879495,4.995562644976054,1.6849752847577748,0.0
District086,1958,0,1.907012356170289,0.192236504331701,0.45760589162879495,7.09761303272762,2.119733710848555,0.0
District086,1959,0,1.907012356170289,0.192236504331701,0.45760589162879495,5.11022250117739,1.7611355117604082,0.0
District086,1960,0,1.907012356170289,0.192236504331701,0.45760589162879495,6.29107271663477,2.2080081604336086,0.0
District086,1961,0,1.907012356170289,0.192236504331701,0.45760589162879495,6.686194016194588,2.3950973576501564,0.0
District086,1962,1,1.907012356170289,0.192236504331701,0.45760589162879495,6.542044994678475,2.2790203986121176,1.907012356170289
District086,1963,1,1.907012356170289,0.192236504331701,0.45760589162879495,7.4676442579098365,2.0127207667856535,1.907012356170289
District086,1964,1,1.907012356170289,0.192236504331701,0.45760589162879495,7.455121053098523,1.5516253858726228,1.907012356170289
District086,1965,1,1.907012356170289,0.192236504331701,0.45760589162879495,6.11573162935541,1.9312863640836404,1.907012356170289
District086,1966,1,1.907012356170289,0.192236504331701,0.45760589162879495,5.591419298367956,2.9538274457812888,1.907012356170289
District086,1967,1,1.907012356170289,0.192236504331701,0.45760589162879495,7.625431930356941,1.4466187900018128,1.907012356170289
District086,1968,1,1.907012356170289,0.192236504331701,0.45760589162879495,6.855177188430241,2.7709787572594142,1.907012356170289
District086,1969,1,1.907012356170289,0.192236504331701,0.45760589162879495,6.253320885126804,1.6390522615011742,1.907012356170289
District086,1970,1,1.907012356170289,0.192236504331701,0.45760589162879495,6.891091077641566,2.138054235285589,1.907012356170289
District086,1971,1,1.907012356170289,0.192236504331701,0.45760589162879495,7.5127500026444585,1.4171648388061386,1.907012356170289
District086,1972,1,1.907012356170289,0.192236504331701,0.45760589162879495,7.044143662152469,2.304062531783638,1.907012356170289
District086,1973,1,1.907012356170289,0.192236504331701,0.45760589162879495,5.9636208883874495,1.8011110855748378,1.907012356170289
District086,1974,1,1.907012356170289,0.192236504331701,0.45760589162879495,8.339062347414247,2.199758857447458,1.907012356170289
District086,1975,1,1.907012356170289,0.192236504331701,0.45760589162879495,7.93776395153764,1.9252582919119927,1.907012356170289
District087,1950,0,2.8423695923570267,0.0604032042314496,0.2942249860672544,4.605967260294658,1.5677446569609679,0.0
District087,1951,0,2.8423695923570267,0.0604032042314496,0.2942249860672544,7.178260752105373,2.116579259050348,0.0
District087,1952,0,2.8423695923570267,0.0604032042314496,0.2942249860672544,5.77574487859798,1.337250492772925,0.0
District087,1953,0,2.8423695923570267,0.0604032042314496,0.2942249860672544,6.039439413822858,2.3733544754720617,0.0
District087,1954,0,2.8423695923570267,0.0604032042314496,0.2942249860672544,5.579230694222099,1.5928297418084916,0.0
District087,1955,0,2.8423695923570267,0.0604032042314496,0.2942249860672544,5.8488082223528615,1.8741787660120701,0.0
District087,1956,0,2.8423695923570267,0.0604032042314496,0.2942249860672544,5.406521653476235,2.200792002956537,0.0
District087,1957,0,2.8423695923570267,0.0604032042314496,0.2942249860672544,4.809289254545782,2.236879547827069,0.0
District087,1958,0,2.8423695923570267,0.0604032042314496,0.2942249860672544,4.557228516849927,1.6082097323025024,0.0
District087,1959,0,2.8423695923570267,0.0604032042314496,0.2942249860672544,8.348477080583372,1.5096277344789293,0.0
District087,1960,0,2.8423695923570267,0.0604032042314496,0.2942249860672544,6.236505257909667,1.6882937846455803,0.0
District087,1961,0,2.8423695923570267,0.0604032042314496,0.2942249860672544,6.473006379103941,1.6721655518991607,0.0
District087,1962,1,2.8423695923570267,0.0604032042314496,0.2942249860672544,6.170960746159841,2.3577297013140766,2.8423695923570267
District087,1963,1,2.8423695923570267,0.0604032042314496,0.2942249860672544,6.72058905755943,1.8781885297872403,2.8423695923570267
District087,1964,1,2.8423695923570267,0.0604032042314496,0.2942249860672544,7.931988905698226,2.3717754515541927,2.8423695923570267
District087,1965,1,2.8423695923570267,0.0604032042314496,0.2942249860672544,5.419770039619569,0.9422616878949132,2.8423695923570267
District087,1966,1,2.8423695923570267,0.0604032042314496,0.2942249860672544,7.391723336938407,2.0155929116372553,2.8423695923570267
District087,1967,1,2.8423695923570267,0.0604032042314496,0.2942249860672544,7.45526835828151,1.8344817224479533,2.8423695923570267
District087,1968,1,2.8423695923570267,0.0604032042314496,0.2942249860672544,8.994911456340855,1.5692034092454414,2.8423695923570267
District087,1969,1,2.8423695923570267,0.0604032042314496,0.2942249860672544,7.216277768497378,2.178399656456263,2.8423695923570267
District087,1970,1,2.8423695923570267,0.0604032042314496,0.2942249860672544,9.003990426735324,2.4390879716324068,2.8423695923570267
District087,1971,1,2.8423695923570267,0.0604032042314496,0.2942249860672544,7.504226737340884,1.6710957056688913,2.8423695923570267
District087,1972,1,2.8423695923570267,0.0604032042314496,0.2942249860672544,9.436414973982421,2.9414843089694225,2.8423695923570267
District087,1973,1,2.8423695923570267,0.0604032042314496,0.2942249860672544,5.989467352759005,1.1495647927811934,2.8423695923570267
District087,1974,1,2.8423695923570267,0.0604032042314496,0.2942249860672544,7.1407112749094495,1.655038701216645,2.8423695923570267
District087,1975,1,2.8423695923570267,0.0604032042314496,0.2942249860672544,6.2022769945653575,1.4051334539299525,2.8423695923570267
District088,1950,0,2.914843250383247,-0.5936211331453906,0.37004323550229834,5.034564782235903,1.7834386779827596,0.0
District088,1951,0,2.914843250383247,-0.5936211331453906,0.37004323550229834,4.828982331920564,1.2209897482855379,0.0
District088,1952,0,2.914843250383247,-0.5936211331453906,0.37004323550229834,7.189444721560804,2.015174363408042,0.0
District088,1953,0,2.914843250383247,-0.5936211331453906,0.37004323550229834,6.613441635561916,1.948546468906135,0.0
District088,1954,0,2.914843250383247,-0.5936211331453906,0.37004323550229834,5.235329210499917,2.4552274147314206,0.0
District088,1955,0,2.914843250383247,-0.5936211331453906,0.37004323550229834,4.064072562112899,1.2861680940360416,0.0
District088,1956,0,2.914843250383247,-0.5936211331453906,0.37004323550229834,3.5302137260602358,1.3244309553006022,0.0
District088,1957,0,2.914843250383247,-0.5936211331453906,0.37004323550229834,4.664538258944845,2.300931988143919,0.0
District088,1958,0,2.914843250383247,-0.5936211331453906,0.37004323550229834,4.937666798370074,1.643710522802358,0.0
District088,1959,0,2.914843250383247,-0.5936211331453906,0.37004323550229834,5.43048113690956,1.6841566164366197,0.0
District088,1960,0,2.914843250383247,-0.5936211331453906,0.37004323550229834,6.130358592118002,1.4979991370179462,0.0
District088,1961,0,2.914843250383247,-0.5936211331453906,0.37004323550229834,5.385147953331594,1.9121592720559768,0.0
District088,1962,1,2.914843250383247,-0.5936211331453906,0.37004323550229834,8.17171743349246,1.6529987171304172,2.914843250383247
District088,1963,1,2.914843250383247,-0.5936211331453906,0.37004323550229834,7.338991297823375,1.5087491008861296,2.914843250383247
District088,1964,1,2.914843250383247,-0.5936211331453906,0.37004323550229834,4.590493051540682,1.8824424675625773,2.914843250383247
District088,1965,1,2.914843250383247,-0.5936211331453906,0.37004323550229834,6.9819904803169335,1.7290374444090002,2.914843250383247
District088,1966,1,2.914843250383247,-0.5936211331453906,0.37004323550229834,7.499405461736887,1.8907046879621214,2.914843250383247
District088,1967,1,2.914843250383247,-0.5936211331453906,0.37004323550229834,7.051395854208587,2.212718034975125,2.914843250383247
District088,1968,1,2.914843250383247,-0.5936211331453906,0.37004323550229834,8.217863539310795,2.600156207409572,2.914843250383247
District088,1969,1,2.914843250383247,-0.5936211331453906,0.37004323550229834,6.347320048967823,2.0630694279889927,2.914843250383247
District088,1970,1,2.914843250383247,-0.5936211331453906,0.37004323550229834,8.253824529545662,2.182957941710831,2.914843250383247
District088,1971,1,2.914843250383247,-0.5936211331453906,0.37004323550229834,7.611789097171709,1.9316124191129023,2.914843250383247
District088,1972,1,2.914843250383247,-0.5936211331453906,0.37004323550229834,8.365345961769258,2.2439638069637935,2.914843250383247
District088,1973,1,2.914843250383247,-0.5936211331453906,0.37004323550229834,6.793710419668283,1.8294394798231493,2.914843250383247
District088,1974,1,2.914843250383247,-0.5936211331453906,0.37004323550229834,4.989564158081876,1.8534382164766572,2.914843250383247
District088,1975,1,2.914843250383247,-0.5936211331453906,0.37004323550229834,7.528104680934418,2.474405878586705,2.914843250383247
District089,1950,0,4.218735637719831,0.35527036999792155,0.11550276973382112,3.737975992659607,1.5516433150250295,0.0
District089,1951,0,4.218735637719831,0.35527036999792155,0.11550276973382112,6.9903551643252735,2.2819529235497416,0.0
District089,1952,0,4.218735637719831,0.35527036999792155,0.11550276973382112,5.837280891750157,2.221316677710319,0.0
District089,1953,0,4.218735637719831,0.35527036999792155,0.11550276973382112,7.287346315344455,1.6253950712358085,0.0
District089,1954,0,4.218735637719831,0.35527036999792155,0.11550276973382112,4.112903513410121,1.655150878065888,0.0
District089,1955,0,4.218735637719831,0.35527036999792155,0.11550276973382112,6.545249453529982,1.8153827868323265,0.0
District089,1956,0,4.218735637719831,0.35527036999792155,0.11550276973382112,5.333334883533945,1.2796887189185309,0.0
District089,1957,0,4.218735637719831,0.35527036999792155,0.11550276973382112,5.575030074659684,1.8427686549950448,0.0
District089,1958,0,4.218735637719831,0.35527036999792155,0.11550276973382112,5.658256419404193,1.4869879545112366,0.0
District089,1959,0,4.218735637719831,0.35527036999792155,0.11550276973382112,7.345638960164881,2.547637651974627,0.0
District089,1960,0,4.218735637719831,0.35527036999792155,0.11550276973382112,6.08310205186599,1.5504982972929562,0.0
District089,1961,0,4.218735637719831,0.35527036999792155,0.11550276973382112,5.431259370529566,1.4862837506454243,0.0
District089,1962,1,4.218735637719831,0.35527036999792155,0.11550276973382112,7.848803208110224,1.7796142361801848,4.218735637719831
District089,1963,1,4.218735637719831,0.35527036999792155,0.11550276973382112,7.430701053356172,1.5799971699407807,4.218735637719831
District089,1964,1,4.218735637719831,0.35527036999792155,0.11550276973382112,7.330613880084205,2.069431651006971,4.218735637719831
District089,1965,1,4.218735637719831,0.35527036999792155,0.11550276973382112,7.434155822772814,1.7824896112224529,4.218735637719831
District089,1966,1,4.218735637719831,0.35527036999792155,0.11550276973382112,7.575142641168937,2.38957027612698,4.218735637719831
District089,1967,1,4.218735637719831,0.35527036999792155,0.11550276973382112,8.981742427945228,2.4429512197616523,4.218735637719831
District089,1968,1,4.218735637719831,0.35527036999792155,0.11550276973382112,8.754233235748925,2.5994800126405155,4.218735637719831
District089,1969,1,4.218735637719831,0.35527036999792155,0.11550276973382112,6.595935185595573,2.275487985995053,4.218735637719831
District089,1970,1,4.218735637719831,0.35527036999792155,0.11550276973382112,8.246780094820979,2.449955273067917,4.218735637719831
District089,1971,1,4.218735637719831,0.35527036999792155,0.11550276973382112,7.903749274916054,1.8774261537219608,4.218735637719831
District089,1972,1,4.218735637719831,0.35527036999792155,0.11550276973382112,7.993921826474429,2.376920673895577,4.218735637719831
District089,1973,1,4.218735637719831,0.35527036999792155,0.11550276973382112,7.307838602778824,2.4493931818358505,4.218735637719831
District089,1974,1,4.218735637719831,0.35527036999792155,0.11550276973382112,7.89966669641527,2.1389807170923536,4.218735637719831
District089,1975,1,4.218735637719831,0.35527036999792155,0.11550276973382112,7.974771051806592,2.2571183094171556,4.218735637719831
District090,1950,0,2.416775936812862,-0.26920347319763693,0.4035120006718403,6.5831008589056195,2.338008793480636,0.0
District090,1951,0,2.416775936812862,-0.26920347319763693,0.4035120006718403,4.989140303347376,1.757715424550841,0.0
District090,1952,0,2.416775936812862,-0.26920347319763693,0.4035120006718403,5.166267075816983,1.466179877390199,0.0
District090,1953,0,2.416775936812862,-0.26920347319763693,0.4035120006718403,6.149735125075473,1.5242370774441114,0.0
District090,1954,0,2.416775936812862,-0.26920347319763693,0.4035120006718403,5.147861062190003,1.7909983587263973,0.0
District090,1955,0,2.416775936812862,-0.26920347319763693,0.4035120006718403,5.524160006930911,2.2244653431028425,0.0
District090,1956,0,2.416775936812862,-0.26920347319763693,0.4035120006718403,6.498981743395126,2.1191834493684185,0.0
District090,1957,0,2.416775936812862,-0.26920347319763693,0.4035120006718403,5.469860688051271,1.6980809640860008,0.0
District090,1958,0,2.416775936812862,-0.26920347319763693,0.4035120006718403,6.118211768276602,2.0850742624593996,0.0
District090,1959,0,2.416775936812862,-0.26920347319763693,0.4035120006718403,5.848073551668354,1.3921541091548484,0.0
District090,1960,0,2.416775936812862,-0.26920347319763693,0.4035120006718403,5.10230347577266,1.4066389356536229,0.0
District090,1961,0,2.416775936812862,-0.26920347319763693,0.4035120006718403,5.980794884330566,1.813946773691103,0.0
District090,1962,1,2.416775936812862,-0.26920347319763693,0.4035120006718403,8.929855279750711,2.451445877257131,2.416775936812862
District090,1963,1,2.416775936812862,-0.26920347319763693,0.4035120006718403,6.040085699255915,1.9834237721464119,2.416775936812862
District090,1964,1,2.416775936812862,-0.26920347319763693,0.4035120006718403,7.546798448940466,2.1770081948805737,2.416775936812862
District090,1965,1,2.416775936812862,-0.26920347319763693,0.4035120006718403,7.700980388772487,1.9556195140241037,2.416775936812862
District090,1966,1,2.416775936812862,-0.26920347319763693,0.4035120006718403,6.904865531529699,2.2314737209389133,2.416775936812862
District090,1967,1,2.416775936812862,-0.26920347319763693,0.4035120006718403,6.600990282494008,1.4875517501149222,2.416775936812862
District090,1968,1,2.416775936812862,-0.26920347319763693,0.4035120006718403,5.61072339921402,2.1132405653427924,2.416775936812862
District090,1969,1,2.416775936812862,-0.26920347319763693,0.4035120006718403,6.8032009332234455,1.91381681758414,2.416775936812862
District090,1970,1,2.416775936812862,-0.26920347319763693,0.4035120006718403,9.39841371333004,2.0447860858939193,2.416775936812862
District090,1971,1,2.416775936812862,-0.26920347319763693,0.4035120006718403,5.902407620924388,2.0280155081375555,2.416775936812862
District090,1972,1,2.416775936812862,-0.26920347319763693,0.4035120006718403,7.469557075521297,2.0848671485047934,2.416775936812862
District090,1973,1,2.416775936812862,-0.26920347319763693,0.4035120006718403,6.611373992658938,1.9556216934806168,2.416775936812862
District090,1974,1,2.416775936812862,-0.26920347319763693,0.4035120006718403,8.63376703366235,1.8104878105372169,2.416775936812862
District090,1975,1,2.416775936812862,-0.26920347319763693,0.4035120006718403,7.724368235481732,2.099890953574454,2.416775936812862
District091,1950,0,4.129376119466002,-0.8229281035724131,0.19044995655309746,4.285280080693848,1.930452524726872,0.0
District091,1951,0,4.129376119466002,-0.8229281035724131,0.19044995655309746,5.71742478181603,1.7739376588069549,0.0
District091,1952,0,4.129376119466002,-0.8229281035724131,0.19044995655309746,5.467723175833937,1.6362536064264799,0.0
District091,1953,0,4.129376119466002,-0.8229281035724131,0.19044995655309746,4.7562530868558435,2.173606883355809,0.0
District091,1954,0,4.129376119466002,-0.8229281035724131,0.19044995655309746,4.997844673896334,1.2272692538587768,0.0
District091,1955,0,4.129376119466002,-0.8229281035724131,0.19044995655309746,6.359471198232736,1.8661821361528363,0.0
District091,1956,0,4.129376119466002,-0.8229281035724131,0.19044995655309746,5.9820495151304405,2.037662304379065,0.0
District091,1957,0,4.129376119466002,-0.8229281035724131,0.19044995655309746,4.460735906044995,1.8276695230485467,0.0
District091,1958,0,4.129376119466002,-0.8229281035724131,0.19044995655309746,5.796729073164261,1.84455626144953,0.0
District091,1959,0,4.129376119466002,-0.8229281035724131,0.19044995655309746,4.54298403581205,1.4293657970009095,0.0
District091,1960,0,4.129376119466002,-0.8229281035724131,0.19044995655309746,6.050056149110915,1.7817352833198121,0.0
District091,1961,0,4.129376119466002,-0.8229281035724131,0.19044995655309746,6.320025830836932,1.6237569442348472,0.0
District091,1962,1,4.129376119466002,-0.8229281035724131,0.19044995655309746,7.299078053415555,2.2473435915585487,4.129376119466002
District091,1963,1,4.129376119466002,-0.8229281035724131,0.19044995655309746,6.260865530051097,2.1413958294345212,4.129376119466002
District091,1964,1,4.129376119466002,-0.8229281035724131,0.19044995655309746,6.9131814363215325,1.6827248944759736,4.129376119466002
District091,1965,1,4.129376119466002,-0.8229281035724131,0.19044995655309746,7.253695722529405,2.317425526284164,4.129376119466002
District091,1966,1,4.129376119466002,-0.8229281035724131,0.19044995655309746,9.066049870572744,2.6592073737259594,4.129376119466002
District091,1967,1,4.129376119466002,-0.8229281035724131,0.19044995655309746,8.547443771792294,2.282055914015952,4.129376119466002
District091,1968,1,4.129376119466002,-0.8229281035724131,0.19044995655309746,7.097526086633913,1.6089311439370637,4.129376119466002
District091,1969,1,4.129376119466002,-0.8229281035724131,0.19044995655309746,6.9761534141023605,1.772486132037971,4.129376119466002
District091,1970,1,4.129376119466002,-0.8229281035724131,0.19044995655309746,8.481207057167424,1.5733562986305287,4.129376119466002
District091,1971,1,4.129376119466002,-0.8229281035724131,0.19044995655309746,8.083897409198993,1.8718040275920218,4.129376119466002
District091,1972,1,4.129376119466002,-0.8229281035724131,0.19044995655309746,7.74649656436696,1.797015505174802,4.129376119466002
District091,1973,1,4.129376119466002,-0.8229281035724131,0.19044995655309746,7.02523738617442,1.8631272350903052,4.129376119466002
District091,1974,1,4.129376119466002,-0.8229281035724131,0.19044995655309746,8.525326068181743,2.392070316806167,4.129376119466002
District091,1975,1,4.129376119466002,-0.8229281035724131,0.19044995655309746,8.23732561244218,2.4606007848104876,4.129376119466002
District092,1950,0,2.306531492577719,-0.1795952002935073,0.027726751907731217,5.039213901884906,1.6453190723679878,0.0
District092,1951,0,2.306531492577719,-0.1795952002935073,0.027726751907731217,6.148962158351534,1.9144250374910885,0.0
District092,1952,0,2.306531492577719,-0.1795952002935073,0.027726751907731217,4.6113773988020785,1.8392659076051419,0.0
District092,1953,0,2.306531492577719,-0.1795952002935073,0.027726751907731217,4.338816723068058,2.0897820444976603,0.0
District092,1954,0,2.306531492577719,-0.1795952002935073,0.027726751907731217,6.498482432712344,2.027762866418636,0.0
District092,1955,0,2.306531492577719,-0.1795952002935073,0.027726751907731217,5.184400293462392,1.6355471781567732,0.0
District092,1956,0,2.306531492577719,-0.1795952002935073,0.027726751907731217,6.658635230705549,1.5727469880940523,0.0
District092,1957,0,2.306531492577719,-0.1795952002935073,0.027726751907731217,5.532140018959179,2.0939506934665313,0.0
District092,1958,0,2.306531492577719,-0.1795952002935073,0.027726751907731217,5.334189314293938,1.6357561985888422,0.0
District092,1959,0,2.306531492577719,-0.1795952002935073,0.027726751907731217,5.880428223902791,2.0617042168684545,0.0
District092,1960,0,2.306531492577719,-0.1795952002935073,0.027726751907731217,4.914194669527902,2.357684909155865,0.0
District092,1961,0,2.306531492577719,-0.1795952002935073,0.027726751907731217,5.909571744930497,2.513892332838092,0.0
District092,1962,1,2.306531492577719,-0.1795952002935073,0.027726751907731217,6.931390625046956,2.2680236516839907,2.306531492577719
District092,1963,1,2.306531492577719,-0.1795952002935073,0.027726751907731217,6.2256594981346085,1.925151440123804,2.306531492577719
District092,1964,1,2.306531492577719,-0.1795952002935073,0.027726751907731217,8.297752405844832,2.4032174090452414,2.306531492577719
District092,1965,1,2.306531492577719,-0.1795952002935073,0.027726751907731217,5.7972307438745085,1.9580596532202783,2.306531492577719
District092,1966,1,2.306531492577719,-0.1795952002935073,0.027726751907731217,5.878343696914265,2.228654569011374,2.306531492577719
District092,1967,1,2.306531492577719,-0.1795952002935073,0.027726751907731217,7.374240748281287,1.5486810336224794,2.306531492577719
District092,1968,1,2.306531492577719,-0.1795952002935073,0.027726751907731217,5.074682553042119,1.7583804204900433,2.306531492577719
District092,1969,1,2.306531492577719,-0.1795952002935073,0.027726751907731217,7.1670788644637495,2.189681324804599,2.306531492577719
District092,1970,1,2.306531492577719,-0.1795952002935073,0.027726751907731217,6.862996018750193,2.361246288136274,2.306531492577719
District092,1971,1,2.306531492577719,-0.1795952002935073,0.027726751907731217,7.6869842093409835,2.0078747561874533,2.306531492577719
District092,1972,1,2.306531492577719,-0.1795952002935073,0.027726751907731217,7.426357750680373,1.6579674053641624,2.306531492577719
District092,1973,1,2.306531492577719,-0.1795952002935073,0.027726751907731217,7.0398010887423546,1.9184408256313126,2.306531492577719
District092,1974,1,2.306531492577719,-0.1795952002935073,0.027726751907731217,6.848257328618556,1.268311052300919,2.306531492577719
District092,1975,1,2.306531492577719,-0.1795952002935073,0.027726751907731217,7.621147687992487,1.841828696674962,2.306531492577719
District093,1950,0,3.0595026288847142,-0.7324924017404556,0.21432399371715521,5.148729236409344,1.6800610591453273,0.0
District093,1951,0,3.0595026288847142,-0.7324924017404556,0.21432399371715521,6.062500134790492,2.0235960901811447,0.0
District093,1952,0,3.0595026288847142,-0.7324924017404556,0.21432399371715521,5.072524643215602,1.5862414958978255,0.0
District093,1953,0,3.0595026288847142,-0.7324924017404556,0.21432399371715521,6.926446154797434,2.0139479536218743,0.0
District093,1954,0,3.0595026288847142,-0.7324924017404556,0.21432399371715521,7.74852027612385,1.9241813727337806,0.0
District093,1955,0,3.0595026288847142,-0.7324924017404556,0.21432399371715521,4.270350747129809,1.9985281842466924,0.0
District093,1956,0,3.0595026288847142,-0.7324924017404556,0.21432399371715521,4.978292529053712,1.3982114330208035,0.0
District093,1957,0,3.0595026288847142,-0.7324924017404556,0.21432399371715521,5.679082692040195,2.148312470115864,0.0
District093,1958,0,3.0595026288847142,-0.7324924017404556,0.21432399371715521,4.91423827184496,1.586818527419438,0.0
District093,1959,0,3.0595026288847142,-0.7324924017404556,0.21432399371715521,6.175580051731643,2.4025427478905654,0.0
District093,1960,0,3.0595026288847142,-0.7324924017404556,0.21432399371715521,4.698347786702904,1.5451192262806481,0.0
District093,1961,0,3.0595026288847142,-0.7324924017404556,0.21432399371715521,6.498481142527651,1.875200591600639,0.0
District093,1962,1,3.0595026288847142,-0.7324924017404556,0.21432399371715521,7.005117682844482,1.9842026474153855,3.0595026288847142
District093,1963,1,3.0595026288847142,-0.7324924017404556,0.21432399371715521,6.266082865516833,2.3277853676091174,3.0595026288847142
District093,1964,1,3.0595026288847142,-0.7324924017404556,0.21432399371715521,6.085880750463653,1.57367737074787,3.0595026288847142
District093,1965,1,3.0595026288847142,-0.7324924017404556,0.21432399371715521,7.525641655875169,1.558838884728897,3.0595026288847142
District093,1966,1,3.0595026288847142,-0.7324924017404556,0.21432399371715521,6.857531539627705,1.818477849104866,3.0595026288847142
District093,1967,1,3.0595026288847142,-0.7324924017404556,0.21432399371715521,7.040671729647246,1.9726441189021497,3.0595026288847142
District093,1968,1,3.0595026288847142,-0.7324924017404556,0.21432399371715521,6.929722829746359,1.3427459845688041,3.0595026288847142
District093,1969,1,3.0595026288847142,-0.7324924017404556,0.21432399371715521,5.358986334919731,1.6182407971501958,3.0595026288847142
District093,1970,1,3.0595026288847142,-0.7324924017404556,0.21432399371715521,7.130844643977112,2.1838676472076006,3.0595026288847142
District093,1971,1,3.0595026288847142,-0.7324924017404556,0.21432399371715521,7.719624232103572,2.1283664419368393,3.0595026288847142
District093,1972,1,3.0595026288847142,-0.7324924017404556,0.21432399371715521,6.889538039780893,2.081817450525388,3.0595026288847142
District093,1973,1,3.0595026288847142,-0.7324924017404556,0.21432399371715521,6.999988866535282,2.1435057676087412,3.0595026288847142
District093,1974,1,3.0595026288847142,-0.7324924017404556,0.21432399371715521,8.3746628728184,2.4164427809103013,3.0595026288847142
District093,1975,1,3.0595026288847142,-0.7324924017404556,0.21432399371715521,7.642724543154628,2.197877102895777,3.0595026288847142
District094,1950,0,1.482905036148192,-1.1951684218562586,0.24256488570438067,6.046685394227675,2.019245907343202,0.0
District094,1951,0,1.482905036148192,-1.1951684218562586,0.24256488570438067,5.1713896190476145,1.5440703332234198,0.0
District094,1952,0,1.482905036148192,-1.1951684218562586,0.24256488570438067,4.452664307085518,1.6983436863930663,0.0
District094,1953,0,1.482905036148192,-1.1951684218562586,0.24256488570438067,5.537736678705554,1.20342420488676,0.0
District094,1954,0,1.482905036148192,-1.1951684218562586,0.24256488570438067,5.989499409012281,1.575953188645079,0.0
District094,1955,0,1.482905036148192,-1.1951684218562586,0.24256488570438067,3.7850381583635535,1.4639037162849713,0.0
District094,1956,0,1.482905036148192,-1.1951684218562586,0.24256488570438067,5.83324306200104,1.9305660562759432,0.0
District094,1957,0,1.482905036148192,-1.1951684218562586,0.24256488570438067,6.329603616665095,1.5365859691895942,0.0
District094,1958,0,1.482905036148192,-1.1951684218562586,0.24256488570438067,5.0557708930842375,2.001916572185202,0.0
District094,1959,0,1.482905036148192,-1.1951684218562586,0.24256488570438067,6.58211006496784,1.8773094717501912,0.0
District094,1960,0,1.482905036148192,-1.1951684218562586,0.24256488570438067,4.073196007213069,2.573387646964228,0.0
District094,1961,0,1.482905036148192,-1.1951684218562586,0.24256488570438067,4.656996630362568,1.43391834332281,0.0
District094,1962,1,1.482905036148192,-1.1951684218562586,0.24256488570438067,5.9151159101585,2.130510489508768,1.482905036148192
District094,1963,1,1.482905036148192,-1.1951684218562586,0.24256488570438067,6.409397801150794,1.3441386493207959,1.482905036148192
District094,1964,1,1.482905036148192,-1.1951684218562586,0.24256488570438067,6.054869729412164,1.7544827388892428,1.482905036148192
District094,1965,1,1.482905036148192,-1.1951684218562586,0.24256488570438067,6.274964004771793,1.5617528663573788,1.482905036148192
District094,1966,1,1.482905036148192,-1.1951684218562586,0.24256488570438067,4.919040098878648,1.2768812662882207,1.482905036148192
District094,1967,1,1.482905036148192,-1.1951684218562586,0.24256488570438067,6.387154058817768,2.1371415283103112,1.482905036148192
District094,1968,1,1.482905036148192,-1.1951684218562586,0.24256488570438067,6.305837412613653,1.232427211297798,1.482905036148192
District094,1969,1,1.482905036148192,-1.1951684218562586,0.24256488570438067,5.422646224596636,1.148457852233523,1.482905036148192
District094,1970,1,1.482905036148192,-1.1951684218562586,0.24256488570438067,6.84109384415024,1.7535544868507278,1.482905036148192
District094,1971,1,1.482905036148192,-1.1951684218562586,0.24256488570438067,5.685497412339502,2.142517308732277,1.482905036148192
District094,1972,1,1.482905036148192,-1.1951684218562586,0.24256488570438067,6.591530972361917,2.010225552842962,1.482905036148192
District094,1973,1,1.482905036148192,-1.1951684218562586,0.24256488570438067,6.489511560101215,1.5927542284768963,1.482905036148192
District094,1974,1,1.482905036148192,-1.1951684218562586,0.24256488570438067,4.312926664512573,2.0267093044287203,1.482905036148192
District094,1975,1,1.482905036148192,-1.1951684218562586,0.24256488570438067,7.2412827879526755,1.9504090946866182,1.482905036148192
District095,1950,0,6.744938139578322,-0.7642377358514556,0.3698003676354365,4.460832951422828,1.483116451465295,0.0
District095,1951,0,6.744938139578322,-0.7642377358514556,0.3698003676354365,5.891376403126136,2.0740687181023145,0.0
District095,1952,0,6.744938139578322,-0.7642377358514556,0.3698003676354365,5.103217496620585,1.8461318145520165,0.0
District095,1953,0,6.744938139578322,-0.7642377358514556,0.3698003676354365,6.27762553274966,2.3692673996466835,0.0
District095,1954,0,6.744938139578322,-0.7642377358514556,0.3698003676354365,4.782130382670459,2.282582555506753,0.0
District095,1955,0,6.744938139578322,-0.7642377358514556,0.3698003676354365,5.06630337682322,1.7647376951770053,0.0
District095,1956,0,6.744938139578322,-0.7642377358514556,0.3698003676354365,5.713448561343682,1.9900320623484162,0.0
District095,1957,0,6.744938139578322,-0.7642377358514556,0.3698003676354365,5.741828929733107,1.8253523467721553,0.0
District095,1958,0,6.744938139578322,-0.7642377358514556,0.3698003676354365,6.058427591474489,1.912631788624548,0.0
District095,1959,0,6.744938139578322,-0.7642377358514556,0.3698003676354365,6.561154164431361,2.797616575386555,0.0
District095,1960,0,6.744938139578322,-0.7642377358514556,0.3698003676354365,5.880912109170772,0.7731307792025284,0.0
District095,1961,0,6.744938139578322,-0.7642377358514556,0.3698003676354365,5.780406070521208,1.1968760295359768,0.0
District095,1962,1,6.744938139578322,-0.7642377358514556,0.3698003676354365,7.495641670700584,2.0547351889363994,6.744938139578322
District095,1963,1,6.744938139578322,-0.7642377358514556,0.3698003676354365,8.472563123366573,2.422812342447768,6.744938139578322
District095,1964,1,6.744938139578322,-0.7642377358514556,0.3698003676354365,8.873030862855702,1.6579481241568912,6.744938139578322
District095,1965,1,6.744938139578322,-0.7642377358514556,0.3698003676354365,9.189210662636313,1.9067075555465496,6.744938139578322
District095,1966,1,6.744938139578322,-0.7642377358514556,0.3698003676354365,9.288102629901724,2.1039719935125416,6.744938139578322
District095,1967,1,6.744938139578322,-0.7642377358514556,0.3698003676354365,8.6048001229216,1.8813586028644496,6.744938139578322
District095,1968,1,6.744938139578322,-0.7642377358514556,0.3698003676354365,8.548400655965452,2.1816976609358276,6.744938139578322
District095,1969,1,6.744938139578322,-0.7642377358514556,0.3698003676354365,8.38260860879873,1.7713778469026198,6.744938139578322
District095,1970,1,6.744938139578322,-0.7642377358514556,0.3698003676354365,8.31268141565197,2.0866592835417728,6.744938139578322
District095,1971,1,6.744938139578322,-0.7642377358514556,0.3698003676354365,6.740094602464546,1.673402217741384,6.744938139578322
District095,1972,1,6.744938139578322,-0.7642377358514556,0.3698003676354365,8.958727800290726,1.7269547427408314,6.744938139578322
District095,1973,1,6.744938139578322,-0.7642377358514556,0.3698003676354365,8.388282608523099,1.8711727169595165,6.744938139578322
District095,1974,1,6.744938139578322,-0.7642377358514556,0.3698003676354365,9.135565488794576,2.5613186663501395,6.744938139578322
District095,1975,1,6.744938139578322,-0.7642377358514556,0.3698003676354365,7.122899951040877,1.719592456230269,6.744938139578322
District096,1950,0,2.68340397358008,-0.4983718397712708,0.3703005440504748,5.399782294956573,1.8067835538966974,0.0
District096,1951,0,2.68340397358008,-0.4983718397712708,0.3703005440504748,5.677572847732367,1.730916610022434,0.0
District096,1952,0,2.68340397358008,-0.4983718397712708,0.3703005440504748,6.561862045066504,2.1652143690099797,0.0
District096,1953,0,2.68340397358008,-0.4983718397712708,0.3703005440504748,5.717326309900963,2.2002510034049823,0.0
District096,1954,0,2.68340397358008,-0.4983718397712708,0.3703005440504748,6.121107970361093,1.639027176030266,0.0
District096,1955,0,2.68340397358008,-0.4983718397712708,0.3703005440504748,6.667914121248338,2.165750996247354,0.0
District096,1956,0,2.68340397358008,-0.4983718397712708,0.3703005440504748,4.80956160583173,1.9675519320176447,0.0
District096,1957,0,2.68340397358008,-0.4983718397712708,0.3703005440504748,5.744426402305322,1.609710813926816,0.0
District096,1958,0,2.68340397358008,-0.4983718397712708,0.3703005440504748,5.868434658124175,1.623957467844649,0.0
District096,1959,0,2.68340397358008,-0.4983718397712708,0.3703005440504748,6.756347853681502,1.8418540947199193,0.0
District096,1960,0,2.68340397358008,-0.4983718397712708,0.3703005440504748,6.341561424795646,1.2855163824093006,0.0
District096,1961,0,2.68340397358008,-0.4983718397712708,0.3703005440504748,5.055945004551243,1.7206020160412516,0.0
District096,1962,1,2.68340397358008,-0.4983718397712708,0.3703005440504748,9.429093606914709,1.7970386881961933,2.68340397358008
District096,1963,1,2.68340397358008,-0.4983718397712708,0.3703005440504748,6.856151951537144,1.1991394286940342,2.68340397358008
District096,1964,1,2.68340397358008,-0.4983718397712708,0.3703005440504748,6.474695123861923,1.9380001503923758,2.68340397358008
District096,1965,1,2.68340397358008,-0.4983718397712708,0.3703005440504748,6.456804646224015,1.7464636925522723,2.68340397358008
District096,1966,1,2.68340397358008,-0.4983718397712708,0.3703005440504748,7.368773503199834,0.9592865524696328,2.68340397358008
District096,1967,1,2.68340397358008,-0.4983718397712708,0.3703005440504748,7.404997715897374,2.0332871094485094,2.68340397358008
District096,1968,1,2.68340397358008,-0.4983718397712708,0.3703005440504748,7.493606099031268,1.8421089443245013,2.68340397358008
District096,1969,1,2.68340397358008,-0.4983718397712708,0.3703005440504748,7.11678464896524,2.6008974313075317,2.68340397358008
District096,1970,1,2.68340397358008,-0.4983718397712708,0.3703005440504748,6.03361190605588,1.553821566770988,2.68340397358008
District096,1971,1,2.68340397358008,-0.4983718397712708,0.3703005440504748,7.042040072445675,2.4539410842249274,2.68340397358008
District096,1972,1,2.68340397358008,-0.4983718397712708,0.3703005440504748,5.675343116805571,1.703206849641219,2.68340397358008
District096,1973,1,2.68340397358008,-0.4983718397712708,0.3703005440504748,7.450300524228636,1.9372755278516731,2.68340397358008
District096,1974,1,2.68340397358008,-0.4983718397712708,0.3703005440504748,6.621033272301466,2.1953652582856122,2.68340397358008
District096,1975,1,2.68340397358008,-0.4983718397712708,0.3703005440504748,7.999929236080945,1.8440753181936813,2.68340397358008
District097,1950,0,4.883921865883218,0.07128122526484969,0.40853716696733894,6.433510333584455,2.5037307329982657,0.0
District097,1951,0,4.883921865883218,0.07128122526484969,0.40853716696733894,6.717161170259043,1.711368333360977,0.0
District097,1952,0,4.883921865883218,0.07128122526484969,0.40853716696733894,6.090704830365787,2.0306424620669428,0.0
District097,1953,0,4.883921865883218,0.07128122526484969,0.40853716696733894,6.589158932466699,1.586146916440109,0.0
District097,1954,0,4.883921865883218,0.07128122526484969,0.40853716696733894,5.723436358707524,1.715142857931706,0.0
District097,1955,0,4.883921865883218,0.07128122526484969,0.40853716696733894,5.943702854193702,2.4068441355307186,0.0
District097,1956,0,4.883921865883218,0.07128122526484969,0.40853716696733894,8.10751601453398,2.206032622896683,0.0
District097,1957,0,4.883921865883218,0.07128122526484969,0.40853716696733894,5.976626237916388,2.2764109379687616,0.0
District097,1958,0,4.883921865883218,0.07128122526484969,0.40853716696733894,5.137843063700575,1.587670228148568,0.0
District097,1959,0,4.883921865883218,0.07128122526484969,0.40853716696733894,7.1800846756867,1.9769567624699933,0.0
District097,1960,0,4.883921865883218,0.07128122526484969,0.40853716696733894,6.09354456011273,2.167354623678076,0.0
District097,1961,0,4.883921865883218,0.07128122526484969,0.40853716696733894,6.961127361952508,1.8903377978547773,0.0
District097,1962,1,4.883921865883218,0.07128122526484969,0.40853716696733894,9.355731273058414,2.291452513314131,4.883921865883218
District097,1963,1,4.883921865883218,0.07128122526484969,0.40853716696733894,8.986341105087645,1.87979849338214,4.883921865883218
District097,1964,1,4.883921865883218,0.07128122526484969,0.40853716696733894,8.568373406646156,1.9167981371282854,4.883921865883218
District097,1965,1,4.883921865883218,0.07128122526484969,0.40853716696733894,8.17412467062363,1.9938179136561698,4.883921865883218
District097,1966,1,4.883921865883218,0.07128122526484969,0.40853716696733894,9.854155255776943,1.9463893813619693,4.883921865883218
District097,1967,1,4.883921865883218,0.07128122526484969,0.40853716696733894,8.526260023731485,2.149861790392285,4.883921865883218
District097,1968,1,4.883921865883218,0.07128122526484969,0.40853716696733894,8.241891551013916,2.6589921461233916,4.883921865883218
District097,1969,1,4.883921865883218,0.07128122526484969,0.40853716696733894,9.310402265424734,1.7121322744019092,4.883921865883218
District097,1970,1,4.883921865883218,0.07128122526484969,0.40853716696733894,9.04498631272802,1.9506696582943464,4.883921865883218
District097,1971,1,4.883921865883218,0.07128122526484969,0.40853716696733894,8.349949461272677,1.7234121742408308,4.883921865883218
District097,1972,1,4.883921865883218,0.07128122526484969,0.40853716696733894,7.484439070772048,1.8215732034696326,4.883921865883218
District097,1973,1,4.883921865883218,0.07128122526484969,0.40853716696733894,8.009020988160772,2.5364266352753684,4.883921865883218
District097,1974,1,4.883921865883218,0.07128122526484969,0.40853716696733894,8.949087462590075,2.711900346269563,4.883921865883218
District097,1975,1,4.883921865883218,0.07128122526484969,0.40853716696733894,8.274539751235361,1.8888640409928312,4.883921865883218
District098,1950,0,2.7819997279773276,0.5111158953236637,0.17972654982477249,7.312569940120336,1.980186352822146,0.0
District098,1951,0,2.7819997279773276,0.5111158953236637,0.17972654982477249,6.613338133417348,1.70726728693588,0.0
District098,1952,0,2.7819997279773276,0.5111158953236637,0.17972654982477249,5.35788628021342,1.4676066239852459,0.0
District098,1953,0,2.7819997279773276,0.5111158953236637,0.17972654982477249,5.822864005707425,1.4562529331863798,0.0
District098,1954,0,2.7819997279773276,0.5111158953236637,0.17972654982477249,5.565920061559382,2.212149306162532,0.0
District098,1955,0,2.7819997279773276,0.5111158953236637,0.17972654982477249,5.576173534549844,1.5982850167466123,0.0
District098,1956,0,2.7819997279773276,0.5111158953236637,0.17972654982477249,5.548692686967278,1.9440764182949406,0.0
District098,1957,0,2.7819997279773276,0.5111158953236637,0.17972654982477249,6.451017897893319,1.667103075652136,0.0
District098,1958,0,2.7819997279773276,0.5111158953236637,0.17972654982477249,5.944361084468568,2.152761846015336,0.0
District098,1959,0,2.7819997279773276,0.5111158953236637,0.17972654982477249,6.9102649026073975,1.7978210023763177,0.0
District098,1960,0,2.7819997279773276,0.5111158953236637,0.17972654982477249,5.979801537312643,1.772137026236609,0.0
District098,1961,0,2.7819997279773276,0.5111158953236637,0.17972654982477249,6.1031897478665025,1.4733237163289568,0.0
District098,1962,1,2.7819997279773276,0.5111158953236637,0.17972654982477249,6.513207724768543,1.7409312477203176,2.7819997279773276
District098,1963,1,2.7819997279773276,0.5111158953236637,0.17972654982477249,7.502245131222982,1.886571277196691,2.7819997279773276
District098,1964,1,2.7819997279773276,0.5111158953236637,0.17972654982477249,8.015966064597285,2.287577018114269,2.7819997279773276
District098,1965,1,2.7819997279773276,0.5111158953236637,0.17972654982477249,8.229790152763643,2.3769737116596996,2.7819997279773276
District098,1966,1,2.7819997279773276,0.5111158953236637,0.17972654982477249,7.384608054768855,2.1018857468831826,2.7819997279773276
District098,1967,1,2.7819997279773276,0.5111158953236637,0.17972654982477249,8.116718889243717,2.0496427410963545,2.7819997279773276
District098,1968,1,2.7819997279773276,0.5111158953236637,0.17972654982477249,7.964034388226556,1.9789458002767597,2.7819997279773276
District098,1969,1,2.7819997279773276,0.5111158953236637,0.17972654982477249,7.250753196442461,1.324307031762741,2.7819997279773276
District098,1970,1,2.7819997279773276,0.5111158953236637,0.17972654982477249,8.254316331606722,2.1419946532909724,2.7819997279773276
District098,1971,1,2.7819997279773276,0.5111158953236637,0.17972654982477249,8.159573885557553,2.2922370443605913,2.7819997279773276
District098,1972,1,2.7819997279773276,0.5111158953236637,0.17972654982477249,7.498130212152525,2.0710628899177106,2.7819997279773276
District098,1973,1,2.7819997279773276,0.5111158953236637,0.17972654982477249,6.260158243283463,2.3734389699333143,2.7819997279773276
District098,1974,1,2.7819997279773276,0.5111158953236637,0.17972654982477249,7.258318840182883,1.7850214513880183,2.7819997279773276
District098,1975,1,2.7819997279773276,0.5111158953236637,0.17972654982477249,7.269259863214802,1.7600863555691417,2.7819997279773276
District099,1950,0,3.6816860323827756,-1.2837360838692027,0.14450212841881924,4.9914778276869916,0.958273542139538,0.0
District099,1951,0,3.6816860323827756,-1.2837360838692027,0.14450212841881924,7.042989134053773,2.055902073302534,0.0
District099,1952,0,3.6816860323827756,-1.2837360838692027,0.14450212841881924,6.523789399883235,2.294029435481481,0.0
District099,1953,0,3.6816860323827756,-1.2837360838692027,0.14450212841881924,4.982547179468349,1.6447480310527944,0.0
District099,1954,0,3.6816860323827756,-1.2837360838692027,0.14450212841881924,5.120228727174193,1.8315247307981417,0.0
District099,1955,0,3.6816860323827756,-1.2837360838692027,0.14450212841881924,5.655440470456063,1.451180245175939,0.0
District099,1956,0,3.6816860323827756,-1.2837360838692027,0.14450212841881924,4.106041689544166,1.4524364721983827,0.0
District099,1957,0,3.6816860323827756,-1.2837360838692027,0.14450212841881924,4.357702499998689,1.3549678667689593,0.0
District099,1958,0,3.6816860323827756,-1.2837360838692027,0.14450212841881924,4.668725478405733,2.1628203667240156,0.0
District099,1959,0,3.6816860323827756,-1.2837360838692027,0.14450212841881924,6.817231590485904,2.632625666572495,0.0
District099,1960,0,3.6816860323827756,-1.2837360838692027,0.14450212841881924,4.779901717557793,1.925102977750592,0.0
District099,1961,0,3.6816860323827756,-1.2837360838692027,0.14450212841881924,6.143361142993206,1.9984539409702147,0.0
District099,1962,1,3.6816860323827756,-1.2837360838692027,0.14450212841881924,7.5907465538088115,2.0058234692673524,3.6816860323827756
District099,1963,1,3.6816860323827756,-1.2837360838692027,0.14450212841881924,7.5300974820395306,2.0792082207005795,3.6816860323827756
District099,1964,1,3.6816860323827756,-1.2837360838692027,0.14450212841881924,6.329350946564713,2.660727862521228,3.6816860323827756
District099,1965,1,3.6816860323827756,-1.2837360838692027,0.14450212841881924,6.039355907637986,1.784799862620339,3.6816860323827756
District099,1966,1,3.6816860323827756,-1.2837360838692027,0.14450212841881924,8.92655341926471,2.063685314919664,3.6816860323827756
District099,1967,1,3.6816860323827756,-1.2837360838692027,0.14450212841881924,7.252466556846823,2.054408814459283,3.6816860323827756
District099,1968,1,3.6816860323827756,-1.2837360838692027,0.14450212841881924,8.006986678692398,1.5362171873150956,3.6816860323827756
District099,1969,1,3.6816860323827756,-1.2837360838692027,0.14450212841881924,6.558804156160487,1.3109762855683993,3.6816860323827756
District099,1970,1,3.6816860323827756,-1.2837360838692027,0.14450212841881924,7.54772324648606,1.8805558697269957,3.6816860323827756
District099,1971,1,3.6816860323827756,-1.2837360838692027,0.14450212841881924,7.231775136906691,2.2734723237012,3.6816860323827756
District099,1972,1,3.6816860323827756,-1.2837360838692027,0.14450212841881924,7.902563838801058,1.1313183054474636,3.6816860323827756
District099,1973,1,3.6816860323827756,-1.2837360838692027,0.14450212841881924,7.142081580995626,1.7697250077173932,3.6816860323827756
District099,1974,1,3.6816860323827756,-1.2837360838692027,0.14450212841881924,7.476599775611477,2.010147372563025,3.6816860323827756
District099,1975,1,3.6816860323827756,-1.2837360838692027,0.14450212841881924,6.715539557330127,1.9450653937294258,3.6816860323827756
District100,1950,0,2.967585970160524,0.3912845229079458,0.4100788748031666,6.135460701192004,2.3256363540516185,0.0
District100,1951,0,2.967585970160524,0.3912845229079458,0.4100788748031666,6.790878858066277,1.829613191479844,0.0
District100,1952,0,2.967585970160524,0.3912845229079458,0.4100788748031666,5.814601943710849,2.0473729477561777,0.0
District100,1953,0,2.967585970160524,0.3912845229079458,0.4100788748031666,8.745901673168726,2.127953146515722,0.0
District100,1954,0,2.967585970160524,0.3912845229079458,0.4100788748031666,5.804100644249959,1.980983177787137,0.0
District100,1955,0,2.967585970160524,0.3912845229079458,0.4100788748031666,5.3156579080784585,0.9507134876041734,0.0
District100,1956,0,2.967585970160524,0.3912845229079458,0.4100788748031666,5.645874882685706,1.445205863528828,0.0
District100,1957,0,2.967585970160524,0.3912845229079458,0.4100788748031666,6.003832918260091,2.3747735848956273,0.0
District100,1958,0,2.967585970160524,0.3912845229079458,0.4100788748031666,7.36827504381718,1.87004540778029,0.0
District100,1959,0,2.967585970160524,0.3912845229079458,0.4100788748031666,7.143910568289682,1.7386783061687272,0.0
District100,1960,0,2.967585970160524,0.3912845229079458,0.4100788748031666,5.909182396373402,2.145446449479302,0.0
District100,1961,0,2.967585970160524,0.3912845229079458,0.4100788748031666,5.743731583252632,1.858299618679461,0.0
District100,1962,1,2.967585970160524,0.3912845229079458,0.4100788748031666,8.75050106826543,1.9184595375197926,2.967585970160524
District100,1963,1,2.967585970160524,0.3912845229079458,0.4100788748031666,8.290708863631828,1.9276661091512086,2.967585970160524
District100,1964,1,2.967585970160524,0.3912845229079458,0.4100788748031666,8.30452654987202,2.304120388850041,2.967585970160524
District100,1965,1,2.967585970160524,0.3912845229079458,0.4100788748031666,7.202873145521786,2.257358606919356,2.967585970160524
District100,1966,1,2.967585970160524,0.3912845229079458,0.4100788748031666,9.032770040331329,2.402969061372862,2.967585970160524
District100,1967,1,2.967585970160524,0.3912845229079458,0.4100788748031666,8.116091361277878,1.7303558354141066,2.967585970160524
District100,1968,1,2.967585970160524,0.3912845229079458,0.4100788748031666,7.191665696885442,2.04817011738134,2.967585970160524
District100,1969,1,2.967585970160524,0.3912845229079458,0.4100788748031666,6.95952982684935,1.5267765100014112,2.967585970160524
District100,1970,1,2.967585970160524,0.3912845229079458,0.4100788748031666,6.9326639111237425,2.517530066737496,2.967585970160524
District100,1971,1,2.967585970160524,0.3912845229079458,0.4100788748031666,8.428217819991648,1.7133127350428923,2.967585970160524
District100,1972,1,2.967585970160524,0.3912845229079458,0.4100788748031666,9.766000274329178,1.373940360600579,2.967585970160524
District100,1973,1,2.967585970160524,0.3912845229079458,0.4100788748031666,8.67665780107644,1.2985483923679197,2.967585970160524
District100,1974,1,2.967585970160524,0.3912845229079458,0.4100788748031666,9.041490456900785,1.6733786387990297,2.967585970160524
District100,1975,1,2.967585970160524,0.3912845229079458,0.4100788748031666,7.205123799193685,1.4230950832049871,2.967585970160524
District101,1950,0,1.139173842509007,1.2492393898787544,0.37556986936011966,6.6853017798011765,1.8665590700028427,0.0
District101,1951,0,1.139173842509007,1.2492393898787544,0.37556986936011966,5.839500984269694,2.0236690117522222,0.0
District101,1952,0,1.139173842509007,1.2492393898787544,0.37556986936011966,7.533096068425601,1.5593921676412141,0.0
District101,1953,0,1.139173842509007,1.2492393898787544,0.37556986936011966,6.423925093532918,2.1373560208835682,0.0
District101,1954,0,1.139173842509007,1.2492393898787544,0.37556986936011966,7.657763452635235,1.950769723216496,0.0
District101,1955,0,1.139173842509007,1.2492393898787544,0.37556986936011966,6.098265074655706,2.753203598972723,0.0
District101,1956,0,1.139173842509007,1.2492393898787544,0.37556986936011966,6.095073342937781,1.516205119147507,0.0
District101,1957,0,1.139173842509007,1.2492393898787544,0.37556986936011966,5.643242414421412,1.6607341430759748,0.0
District101,1958,0,1.139173842509007,1.2492393898787544,0.37556986936011966,6.7406281318066075,2.419400513495014,0.0
District101,1959,0,1.139173842509007,1.2492393898787544,0.37556986936011966,7.552114532090216,1.3918988367201797,0.0
District101,1960,0,1.139173842509007,1.2492393898787544,0.37556986936011966,6.236909406904298,1.7579136192214142,0.0
District101,1961,0,1.139173842509007,1.2492393898787544,0.37556986936011966,5.358398878635793,1.2614133628884465,0.0
District101,1962,1,1.139173842509007,1.2492393898787544,0.37556986936011966,7.030627223673665,1.9224869662861162,1.139173842509007
District101,1963,1,1.139173842509007,1.2492393898787544,0.37556986936011966,7.867902625864819,2.593878683262115,1.139173842509007
District101,1964,1,1.139173842509007,1.2492393898787544,0.37556986936011966,6.94319627874868,1.6078735967653492,1.139173842509007
District101,1965,1,1.139173842509007,1.2492393898787544,0.37556986936011966,8.270835786909307,2.063372067842063,1.139173842509007
District101,1966,1,1.139173842509007,1.2492393898787544,0.37556986936011966,8.998267874069223,1.8958834622857732,1.139173842509007
District101,1967,1,1.139173842509007,1.2492393898787544,0.37556986936011966,7.9667121742563936,2.0464965367635477,1.139173842509007
District101,1968,1,1.139173842509007,1.2492393898787544,0.37556986936011966,7.874189162929019,2.918812846238662,1.139173842509007
District101,1969,1,1.139173842509007,1.2492393898787544,0.37556986936011966,7.3977280687684095,1.728595561780327,1.139173842509007
District101,1970,1,1.139173842509007,1.2492393898787544,0.37556986936011966,6.166429562616699,1.9633605286668019,1.139173842509007
District101,1971,1,1.139173842509007,1.2492393898787544,0.37556986936011966,5.788229485106585,2.387269282213516,1.139173842509007
District101,1972,1,1.139173842509007,1.2492393898787544,0.37556986936011966,7.854445894703602,1.659726726063647,1.139173842509007
District101,1973,1,1.139173842509007,1.2492393898787544,0.37556986936011966,8.443706007036917,2.1675060409200726,1.139173842509007
District101,1974,1,1.139173842509007,1.2492393898787544,0.37556986936011966,7.245044993481806,2.262106906144929,1.139173842509007
District101,1975,1,1.139173842509007,1.2492393898787544,0.37556986936011966,6.737152860735462,2.0456642685926396,1.139173842509007
District102,1950,0,4.141704168048431,-0.5221875107954257,0.28798098165489006,4.5175195687420775,1.4918010632061856,0.0
District102,1951,0,4.141704168048431,-0.5221875107954257,0.28798098165489006,7.017928798224213,1.5166673764360064,0.0
District102,1952,0,4.141704168048431,-0.5221875107954257,0.28798098165489006,7.296748813107651,1.6638657517879762,0.0
District102,1953,0,4.141704168048431,-0.5221875107954257,0.28798098165489006,6.155051581283722,2.046401904587036,0.0
District102,1954,0,4.141704168048431,-0.5221875107954257,0.28798098165489006,4.810336956913677,1.8879446643931552,0.0
District102,1955,0,4.141704168048431,-0.5221875107954257,0.28798098165489006,5.651619526103498,1.8611742620378369,0.0
District102,1956,0,4.141704168048431,-0.5221875107954257,0.28798098165489006,6.023010094547944,2.0898081238990747,0.0
District102,1957,0,4.141704168048431,-0.5221875107954257,0.28798098165489006,6.902016164402475,1.5670707643804493,0.0
District102,1958,0,4.141704168048431,-0.5221875107954257,0.28798098165489006,5.408752646665033,1.9629879450940975,0.0
District102,1959,0,4.141704168048431,-0.5221875107954257,0.28798098165489006,4.064672367857014,1.7374990130756778,0.0
District102,1960,0,4.141704168048431,-0.5221875107954257,0.28798098165489006,4.222160272890636,1.8120466749869275,0.0
District102,1961,0,4.141704168048431,-0.5221875107954257,0.28798098165489006,5.352338338452108,1.7323046283649393,0.0
District102,1962,1,4.141704168048431,-0.5221875107954257,0.28798098165489006,7.371534966581167,2.2853374464213885,4.141704168048431
District102,1963,1,4.141704168048431,-0.5221875107954257,0.28798098165489006,6.881656229286203,2.0980319039158255,4.141704168048431
District102,1964,1,4.141704168048431,-0.5221875107954257,0.28798098165489006,6.678217931690509,2.243307600054626,4.141704168048431
District102,1965,1,4.141704168048431,-0.5221875107954257,0.28798098165489006,9.053887331480341,1.6337451070915636,4.141704168048431
District102,1966,1,4.141704168048431,-0.5221875107954257,0.28798098165489006,6.627742789701772,2.193505029135014,4.141704168048431
District102,1967,1,4.141704168048431,-0.5221875107954257,0.28798098165489006,8.22965406242229,2.4085129805469916,4.141704168048431
District102,1968,1,4.141704168048431,-0.5221875107954257,0.28798098165489006,7.085305181249079,1.5007252419424493,4.141704168048431
District102,1969,1,4.141704168048431,-0.5221875107954257,0.28798098165489006,7.075841202780841,2.125871542616421,4.141704168048431
District102,1970,1,4.141704168048431,-0.5221875107954257,0.28798098165489006,7.3727872808979935,1.4633976983346244,4.141704168048431
District102,1971,1,4.141704168048431,-0.5221875107954257,0.28798098165489006,7.226543800968164,2.0158561886193143,4.141704168048431
District102,1972,1,4.141704168048431,-0.5221875107954257,0.28798098165489006,8.653509622943023,2.25864754926855,4.141704168048431
District102,1973,1,4.141704168048431,-0.5221875107954257,0.28798098165489006,7.931315335481963,2.1023251731468053,4.141704168048431
District102,1974,1,4.141704168048431,-0.5221875107954257,0.28798098165489006,7.132073671413592,2.2306787441841083,4.141704168048431
District102,1975,1,4.141704168048431,-0.5221875107954257,0.28798098165489006,7.201567468877788,1.9677000276371435,4.141704168048431
District103,1950,0,3.73053324270085,-1.7547342110531725,0.47388774252102106,4.743502415550512,1.8658593752675487,0.0
District103,1951,0,3.73053324270085,-1.7547342110531725,0.47388774252102106,5.428517686708528,1.3753956714444207,0.0
District103,1952,0,3.73053324270085,-1.7547342110531725,0.47388774252102106,4.534237125503734,1.5446114848911214,0.0
District103,1953,0,3.73053324270085,-1.7547342110531725,0.47388774252102106,3.508801463563848,1.8708134806149923,0.0
District103,1954,0,3.73053324270085,-1.7547342110531725,0.47388774252102106,4.714589739871929,1.6414286051301084,0.0
District103,1955,0,3.73053324270085,-1.7547342110531725,0.47388774252102106,5.819984056662703,1.3838622022124978,0.0
District103,1956,0,3.73053324270085,-1.7547342110531725,0.47388774252102106,5.980067183605889,1.473176158282708,0.0
District103,1957,0,3.73053324270085,-1.7547342110531725,0.47388774252102106,4.679990632625997,1.9601853262793711,0.0
District103,1958,0,3.73053324270085,-1.7547342110531725,0.47388774252102106,4.370758680724982,1.4334835065252232,0.0
District103,1959,0,3.73053324270085,-1.7547342110531725,0.47388774252102106,5.337274835727043,1.2219625995755456,0.0
District103,1960,0,3.73053324270085,-1.7547342110531725,0.47388774252102106,4.060499588536409,1.860404659214582,0.0
District103,1961,0,3.73053324270085,-1.7547342110531725,0.47388774252102106,4.520339345461057,1.3729589395939221,0.0
District103,1962,1,3.73053324270085,-1.7547342110531725,0.47388774252102106,7.632822214504611,2.200652967389116,3.73053324270085
District103,1963,1,3.73053324270085,-1.7547342110531725,0.47388774252102106,7.32830155440295,1.9286844375387584,3.73053324270085
District103,1964,1,3.73053324270085,-1.7547342110531725,0.47388774252102106,6.945426655335859,1.739900523938552,3.73053324270085
District103,1965,1,3.73053324270085,-1.7547342110531725,0.47388774252102106,9.120742375311881,1.3286691932389096,3.73053324270085
District103,1966,1,3.73053324270085,-1.7547342110531725,0.47388774252102106,7.95546416048383,1.9321621799690394,3.73053324270085
District103,1967,1,3.73053324270085,-1.7547342110531725,0.47388774252102106,6.708043651298017,1.5009712212426862,3.73053324270085
District103,1968,1,3.73053324270085,-1.7547342110531725,0.47388774252102106,6.441883444420813,1.3544839462543523,3.73053324270085
District103,1969,1,3.73053324270085,-1.7547342110531725,0.47388774252102106,6.187274546101644,1.2872024419760577,3.73053324270085
District103,1970,1,3.73053324270085,-1.7547342110531725,0.47388774252102106,6.388829326063547,2.47861345109715,3.73053324270085
District103,1971,1,3.73053324270085,-1.7547342110531725,0.47388774252102106,7.945982440355694,1.6128057537441494,3.73053324270085
District103,1972,1,3.73053324270085,-1.7547342110531725,0.47388774252102106,5.59926468436773,1.9521312082172124,3.73053324270085
District103,1973,1,3.73053324270085,-1.7547342110531725,0.47388774252102106,6.747216166489033,2.148375729081171,3.73053324270085
District103,1974,1,3.73053324270085,-1.7547342110531725,0.47388774252102106,6.140923111879922,1.9012559211141153,3.73053324270085
District103,1975,1,3.73053324270085,-1.7547342110531725,0.47388774252102106,6.820345003450293,2.121290535879907,3.73053324270085
District104,1950,0,1.070806644021843,-0.6340566478399589,0.17350254808968768,5.446867297062068,2.35909031824985,0.0
District104,1951,0,1.070806644021843,-0.6340566478399589,0.17350254808968768,4.904605460710534,1.9800322446510328,0.0
District104,1952,0,1.070806644021843,-0.6340566478399589,0.17350254808968768,4.633806481298143,1.9723959753320863,0.0
District104,1953,0,1.070806644021843,-0.6340566478399589,0.17350254808968768,6.185503476723115,2.1011599022407124,0.0
District104,1954,0,1.070806644021843,-0.6340566478399589,0.17350254808968768,5.975213563465075,1.9901592021237373,0.0
District104,1955,0,1.070806644021843,-0.6340566478399589,0.17350254808968768,5.318790619101066,1.3107257454534662,0.0
District104,1956,0,1.070806644021843,-0.6340566478399589,0.17350254808968768,6.368500708464444,2.1710614586028165,0.0
District104,1957,0,1.070806644021843,-0.6340566478399589,0.17350254808968768,5.143653393721552,1.4176335625985907,0.0
District104,1958,0,1.070806644021843,-0.6340566478399589,0.17350254808968768,3.894020808149966,2.1457094605854756,0.0
District104,1959,0,1.070806644021843,-0.6340566478399589,0.17350254808968768,5.013426424163787,1.9208938722834614,0.0
District104,1960,0,1.070806644021843,-0.6340566478399589,0.17350254808968768,4.414299120830732,1.088709193360614,0.0
District104,1961,0,1.070806644021843,-0.6340566478399589,0.17350254808968768,5.378321402667858,2.1805718369028027,0.0
District104,1962,1,1.070806644021843,-0.6340566478399589,0.17350254808968768,5.4080380113221365,2.267173837622467,1.070806644021843
District104,1963,1,1.070806644021843,-0.6340566478399589,0.17350254808968768,4.922561686247292,1.4971459253593886,1.070806644021843
District104,1964,1,1.070806644021843,-0.6340566478399589,0.17350254808968768,7.117135736270902,1.8042356594645337,1.070806644021843
District104,1965,1,1.070806644021843,-0.6340566478399589,0.17350254808968768,6.375895522275371,2.149793343837871,1.070806644021843
District104,1966,1,1.070806644021843,-0.6340566478399589,0.17350254808968768,6.386991413530401,1.9409209893029127,1.070806644021843
District104,1967,1,1.070806644021843,-0.6340566478399589,0.17350254808968768,6.521646094963435,1.4496134165946395,1.070806644021843
District104,1968,1,1.070806644021843,-0.6340566478399589,0.17350254808968768,5.859835591605178,2.154700472562747,1.070806644021843
District104,1969,1,1.070806644021843,-0.6340566478399589,0.17350254808968768,6.273376938550725,0.9180542460164447,1.070806644021843
District104,1970,1,1.070806644021843,-0.6340566478399589,0.17350254808968768,4.9891110764396975,1.6745202202956129,1.070806644021843
District104,1971,1,1.070806644021843,-0.6340566478399589,0.17350254808968768,4.4152400912766465,1.417927741871572,1.070806644021843
District104,1972,1,1.070806644021843,-0.6340566478399589,0.17350254808968768,4.83014800441749,1.5256812657559786,1.070806644021843
District104,1973,1,1.070806644021843,-0.6340566478399589,0.17350254808968768,7.11838843319197,1.6604850378746665,1.070806644021843
District104,1974,1,1.070806644021843,-0.6340566478399589,0.17350254808968768,5.326128240899657,1.6563484607239152,1.070806644021843
District104,1975,1,1.070806644021843,-0.6340566478399589,0.17350254808968768,5.690599449069937,2.0009887982987764,1.070806644021843
District105,1950,0,1.7657215619964284,-1.1194605631009775,0.5410799617744738,5.392612987553706,1.7500335170697119,0.0
District105,1951,0,1.7657215619964284,-1.1194605631009775,0.5410799617744738,6.44589282817001,1.4161096336474768,0.0
District105,1952,0,1.7657215619964284,-1.1194605631009775,0.5410799617744738,5.105606493214584,1.892859594050667,0.0
District105,1953,0,1.7657215619964284,-1.1194605631009775,0.5410799617744738,5.755879219292632,1.6133427322526817,0.0
District105,1954,0,1.7657215619964284,-1.1194605631009775,0.5410799617744738,4.62183720827427,1.7174128023116046,0.0
District105,1955,0,1.7657215619964284,-1.1194605631009775,0.5410799617744738,5.532550802231572,1.1678621956152402,0.0
District105,1956,0,1.7657215619964284,-1.1194605631009775,0.5410799617744738,3.8971045036611236,1.0576597582025875,0.0
District105,1957,0,1.7657215619964284,-1.1194605631009775,0.5410799617744738,5.791575308407653,2.0357173785967873,0.0
District105,1958,0,1.7657215619964284,-1.1194605631009775,0.5410799617744738,3.5466243225023897,1.5205817683638456,0.0
District105,1959,0,1.7657215619964284,-1.1194605631009775,0.5410799617744738,4.709206552403923,2.0265471564791144,0.0
District105,1960,0,1.7657215619964284,-1.1194605631009775,0.5410799617744738,4.819590728846412,1.4168023684176174,0.0
District105,1961,0,1.7657215619964284,-1.1194605631009775,0.5410799617744738,5.3934108947594215,1.5152438818414655,0.0
District105,1962,1,1.7657215619964284,-1.1194605631009775,0.5410799617744738,6.178857074842079,1.585738691112939,1.7657215619964284
District105,1963,1,1.7657215619964284,-1.1194605631009775,0.5410799617744738,5.193697839228762,1.7677520902796133,1.7657215619964284
District105,1964,1,1.7657215619964284,-1.1194605631009775,0.5410799617744738,5.984427437688478,1.9575547323776736,1.7657215619964284
District105,1965,1,1.7657215619964284,-1.1194605631009775,0.5410799617744738,6.2368688501140195,1.6080810626656556,1.7657215619964284
District105,1966,1,1.7657215619964284,-1.1194605631009775,0.5410799617744738,6.332166475672545,2.438918217722348,1.7657215619964284
District105,1967,1,1.7657215619964284,-1.1194605631009775,0.5410799617744738,6.170147717241592,2.323611727467259,1.7657215619964284
District105,1968,1,1.7657215619964284,-1.1194605631009775,0.5410799617744738,7.311707889598418,1.6789602635962324,1.7657215619964284
District105,1969,1,1.7657215619964284,-1.1194605631009775,0.5410799617744738,5.94384589594448,1.7659809273343101,1.7657215619964284
District105,1970,1,1.7657215619964284,-1.1194605631009775,0.5410799617744738,7.186663808443459,1.7391399161681378,1.7657215619964284
District105,1971,1,1.7657215619964284,-1.1194605631009775,0.5410799617744738,5.568826179341243,1.6455745493740839,1.7657215619964284
District105,1972,1,1.7657215619964284,-1.1194605631009775,0.5410799617744738,5.596651736032563,2.214580313254002,1.7657215619964284
District105,1973,1,1.7657215619964284,-1.1194605631009775,0.5410799617744738,6.607521071596344,1.8995041864541191,1.7657215619964284
District105,1974,1,1.7657215619964284,-1.1194605631009775,0.5410799617744738,6.274981303420677,1.9951478116330752,1.7657215619964284
District105,1975,1,1.7657215619964284,-1.1194605631009775,0.5410799617744738,7.035904815850668,1.5627930498177571,1.7657215619964284
District106,1950,0,3.353747247558404,0.05457393320838565,0.3523110093259742,6.208800923318034,2.1019948932847776,0.0
District106,1951,0,3.353747247558404,0.05457393320838565,0.3523110093259742,5.186193099076008,1.5179203517269397,0.0
District106,1952,0,3.353747247558404,0.05457393320838565,0.3523110093259742,5.864686373950118,1.9971189512072989,0.0
District106,1953,0,3.353747247558404,0.05457393320838565,0.3523110093259742,8.003804765289779,1.6299293616829733,0.0
District106,1954,0,3.353747247558404,0.05457393320838565,0.3523110093259742,5.683849665533732,2.1508743443331726,0.0
District106,1955,0,3.353747247558404,0.05457393320838565,0.3523110093259742,6.723272911738738,1.701466292863343,0.0
District106,1956,0,3.353747247558404,0.05457393320838565,0.3523110093259742,6.165282467422223,1.8749042053614235,0.0
District106,1957,0,3.353747247558404,0.05457393320838565,0.3523110093259742,5.034736881055504,1.5182485110172281,0.0
District106,1958,0,3.353747247558404,0.05457393320838565,0.3523110093259742,6.243016788217512,0.9231220319677337,0.0
District106,1959,0,3.353747247558404,0.05457393320838565,0.3523110093259742,7.180686042120389,1.4207153290930488,0.0
District106,1960,0,3.353747247558404,0.05457393320838565,0.3523110093259742,5.932371353214749,1.758231331109549,0.0
District106,1961,0,3.353747247558404,0.05457393320838565,0.3523110093259742,5.530901663333153,1.165835525173474,0.0
District106,1962,1,3.353747247558404,0.05457393320838565,0.3523110093259742,6.994238471362062,2.018323003401686,3.353747247558404
District106,1963,1,3.353747247558404,0.05457393320838565,0.3523110093259742,7.107426578842049,1.1311045260715846,3.353747247558404
District106,1964,1,3.353747247558404,0.05457393320838565,0.3523110093259742,8.226164555065077,2.0366628258994246,3.353747247558404
District106,1965,1,3.353747247558404,0.05457393320838565,0.3523110093259742,7.174591671657333,1.983232341405944,3.353747247558404
District106,1966,1,3.353747247558404,0.05457393320838565,0.3523110093259742,7.017689026428773,2.821196155424315,3.353747247558404
District106,1967,1,3.353747247558404,0.05457393320838565,0.3523110093259742,6.8817965161418995,2.3302229820772196,3.353747247558404
District106,1968,1,3.353747247558404,0.05457393320838565,0.3523110093259742,7.562410742369293,1.8977191597627314,3.353747247558404
District106,1969,1,3.353747247558404,0.05457393320838565,0.3523110093259742,10.112615640471244,2.2282400037197263,3.353747247558404
District106,1970,1,3.353747247558404,0.05457393320838565,0.3523110093259742,8.822075369308322,1.977423821701896,3.353747247558404
District106,1971,1,3.353747247558404,0.05457393320838565,0.3523110093259742,6.882906631434856,1.6715157277055745,3.353747247558404
District106,1972,1,3.353747247558404,0.05457393320838565,0.3523110093259742,8.734951374265172,2.0510834117609797,3.353747247558404
District106,1973,1,3.353747247558404,0.05457393320838565,0.3523110093259742,8.063449428430852,2.679043709412834,3.353747247558404
District106,1974,1,3.353747247558404,0.05457393320838565,0.3523110093259742,5.848213582786087,2.325274679987738,3.353747247558404
District106,1975,1,3.353747247558404,0.05457393320838565,0.3523110093259742,6.5042617166019845,1.9676493101475498,3.353747247558404
District107,1950,0,3.689204250535816,-1.2771943023395118,0.4434215586834904,5.622258748864765,2.609790470182572,0.0
District107,1951,0,3.689204250535816,-1.2771943023395118,0.4434215586834904,6.499523839490878,1.885728110125755,0.0
District107,1952,0,3.689204250535816,-1.2771943023395118,0.4434215586834904,5.248104031215179,2.131776197546419,0.0
District107,1953,0,3.689204250535816,-1.2771943023395118,0.4434215586834904,5.299482152892892,1.4950542480319946,0.0
District107,1954,0,3.689204250535816,-1.2771943023395118,0.4434215586834904,4.016717731639698,1.4322113687323506,0.0
District107,1955,0,3.689204250535816,-1.2771943023395118,0.4434215586834904,6.281338044919874,1.5874550250327644,0.0
District107,1956,0,3.689204250535816,-1.2771943023395118,0.4434215586834904,3.612363816008318,2.0460196513128412,0.0
District107,1957,0,3.689204250535816,-1.2771943023395118,0.4434215586834904,4.658261218197037,1.9570767992482363,0.0
District107,1958,0,3.689204250535816,-1.2771943023395118,0.4434215586834904,5.062077632442134,1.698541038170716,0.0
District107,1959,0,3.689204250535816,-1.2771943023395118,0.4434215586834904,5.507536471092685,2.1749649541911076,0.0
District107,1960,0,3.689204250535816,-1.2771943023395118,0.4434215586834904,6.266919014613587,1.5708540056595286,0.0
District107,1961,0,3.689204250535816,-1.2771943023395118,0.4434215586834904,5.872201008227009,1.4471511922409155,0.0
District107,1962,1,3.689204250535816,-1.2771943023395118,0.4434215586834904,7.354295920421485,1.7395340788018416,3.689204250535816
District107,1963,1,3.689204250535816,-1.2771943023395118,0.4434215586834904,8.787376097069835,2.3763643879868197,3.689204250535816
District107,1964,1,3.689204250535816,-1.2771943023395118,0.4434215586834904,8.255276229525563,1.917140729164448,3.689204250535816
District107,1965,1,3.689204250535816,-1.2771943023395118,0.4434215586834904,7.857660513176763,2.512721305170679,3.689204250535816
District107,1966,1,3.689204250535816,-1.2771943023395118,0.4434215586834904,7.679772933544925,1.6553643471169255,3.689204250535816
District107,1967,1,3.689204250535816,-1.2771943023395118,0.4434215586834904,6.9063102455384655,1.2520486527064936,3.689204250535816
District107,1968,1,3.689204250535816,-1.2771943023395118,0.4434215586834904,6.621571210325914,1.3453134880621764,3.689204250535816
District107,1969,1,3.689204250535816,-1.2771943023395118,0.4434215586834904,6.8664010604096575,1.6873892200165048,3.689204250535816
District107,1970,1,3.689204250535816,-1.2771943023395118,0.4434215586834904,8.306391010870833,1.8078884043611467,3.689204250535816
District107,1971,1,3.689204250535816,-1.2771943023395118,0.4434215586834904,8.251542624978043,2.3029609779583806,3.689204250535816
District107,1972,1,3.689204250535816,-1.2771943023395118,0.4434215586834904,7.39941094752078,1.7097051931751173,3.689204250535816
District107,1973,1,3.689204250535816,-1.2771943023395118,0.4434215586834904,6.660122168270455,1.4742627865970597,3.689204250535816
District107,1974,1,3.689204250535816,-1.2771943023395118,0.4434215586834904,6.571184897325499,1.5122603362792428,3.689204250535816
District107,1975,1,3.689204250535816,-1.2771943023395118,0.4434215586834904,6.481319825181465,2.1481986528082837,3.689204250535816
District108,1950,0,3.8969529323196834,-0.35928821995927024,0.392970160263326,6.603904421475239,1.9692991483367517,0.0
District108,1951,0,3.8969529323196834,-0.35928821995927024,0.392970160263326,5.47277516998854,2.4748552027477606,0.0
District108,1952,0,3.8969529323196834,-0.35928821995927024,0.392970160263326,5.72695333826793,1.5590060402852126,0.0
District108,1953,0,3.8969529323196834,-0.35928821995927024,0.392970160263326,4.017875395582312,1.4828683797879891,0.0
District108,1954,0,3.8969529323196834,-0.35928821995927024,0.392970160263326,6.738716786055854,2.173944750148623,0.0
District108,1955,0,3.8969529323196834,-0.35928821995927024,0.392970160263326,7.04883662942418,2.24294665695291,0.0
District108,1956,0,3.8969529323196834,-0.35928821995927024,0.392970160263326,7.311167876985466,2.3450037022162373,0.0
District108,1957,0,3.8969529323196834,-0.35928821995927024,0.392970160263326,5.245602351957712,1.2810308381544147,0.0
District108,1958,0,3.8969529323196834,-0.35928821995927024,0.392970160263326,5.917549351921473,2.0903916197771593,0.0
District108,1959,0,3.8969529323196834,-0.35928821995927024,0.392970160263326,5.770571578772804,1.7542620216207259,0.0
District108,1960,0,3.8969529323196834,-0.35928821995927024,0.392970160263326,6.500173507359493,1.6067734380405116,0.0
District108,1961,0,3.8969529323196834,-0.35928821995927024,0.392970160263326,5.419343294140265,1.3637650464526128,0.0
District108,1962,1,3.8969529323196834,-0.35928821995927024,0.392970160263326,7.4892781379969255,1.9195788780225052,3.8969529323196834
District108,1963,1,3.8969529323196834,-0.35928821995927024,0.392970160263326,6.973799382632472,1.881642277257345,3.8969529323196834
District108,1964,1,3.8969529323196834,-0.35928821995927024,0.392970160263326,8.755734753643969,2.555302060139132,3.8969529323196834
District108,1965,1,3.8969529323196834,-0.35928821995927024,0.392970160263326,7.242103847689946,1.5082427386513335,3.8969529323196834
District108,1966,1,3.8969529323196834,-0.35928821995927024,0.392970160263326,8.76989230084497,1.9516777866808417,3.8969529323196834
District108,1967,1,3.8969529323196834,-0.35928821995927024,0.392970160263326,8.326846107744103,2.392195724331788,3.8969529323196834
District108,1968,1,3.8969529323196834,-0.35928821995927024,0.392970160263326,7.165023835038433,1.3897578630109537,3.8969529323196834
District108,1969,1,3.8969529323196834,-0.35928821995927024,0.392970160263326,8.381758277796298,1.6904435172263246,3.8969529323196834
District108,1970,1,3.8969529323196834,-0.35928821995927024,0.392970160263326,6.986032906099381,2.0393991694189597,3.8969529323196834
District108,1971,1,3.8969529323196834,-0.35928821995927024,0.392970160263326,8.434077346011208,2.0889314646270796,3.8969529323196834
District108,1972,1,3.8969529323196834,-0.35928821995927024,0.392970160263326,8.00853471652488,2.148699711026519,3.8969529323196834
District108,1973,1,3.8969529323196834,-0.35928821995927024,0.392970160263326,7.631426473152173,1.8927604437999719,3.8969529323196834
District108,1974,1,3.8969529323196834,-0.35928821995927024,0.392970160263326,8.046392697685782,2.0832969920984503,3.8969529323196834
District108,1975,1,3.8969529323196834,-0.35928821995927024,0.392970160263326,7.448311186030281,2.467476853803543,3.8969529323196834
District109,1950,0,3.9368821831324827,1.8084191898375486,0.04826285687136039,7.0131295232842055,2.054560118591324,0.0
District109,1951,0,3.9368821831324827,1.8084191898375486,0.04826285687136039,7.120800364717493,1.800298468396412,0.0
District109,1952,0,3.9368821831324827,1.8084191898375486,0.04826285687136039,7.8217577974393055,2.1540074800358333,0.0
District109,1953,0,3.9368821831324827,1.8084191898375486,0.04826285687136039,6.418186685295491,1.459087021426123,0.0
District109,1954,0,3.9368821831324827,1.8084191898375486,0.04826285687136039,7.406359944125058,1.9075348788348103,0.0
District109,1955,0,3.9368821831324827,1.8084191898375486,0.04826285687136039,4.638110204703096,1.68901168343067,0.0
District109,1956,0,3.9368821831324827,1.8084191898375486,0.04826285687136039,5.3974538221646124,1.8280038987147278,0.0
District109,1957,0,3.9368821831324827,1.8084191898375486,0.04826285687136039,7.040497559509249,2.142734867462065,0.0
District109,1958,0,3.9368821831324827,1.8084191898375486,0.04826285687136039,5.837031923105288,2.63727273624146,0.0
District109,1959,0,3.9368821831324827,1.8084191898375486,0.04826285687136039,5.521537703470413,2.042249974173336,0.0
District109,1960,0,3.9368821831324827,1.8084191898375486,0.04826285687136039,6.764110684758688,2.2305264912436233,0.0
District109,1961,0,3.9368821831324827,1.8084191898375486,0.04826285687136039,5.755013890388559,2.6411748534266977,0.0
District109,1962,1,3.9368821831324827,1.8084191898375486,0.04826285687136039,8.838287198757245,1.7741246262690271,3.9368821831324827
District109,1963,1,3.9368821831324827,1.8084191898375486,0.04826285687136039,8.333977260766154,2.451654397869121,3.9368821831324827
District109,1964,1,3.9368821831324827,1.8084191898375486,0.04826285687136039,8.624163329270944,1.893185296873594,3.9368821831324827
District109,1965,1,3.9368821831324827,1.8084191898375486,0.04826285687136039,8.925237380728912,1.509655094616838,3.9368821831324827
District109,1966,1,3.9368821831324827,1.8084191898375486,0.04826285687136039,6.337298940674442,2.2945738026480678,3.9368821831324827
District109,1967,1,3.9368821831324827,1.8084191898375486,0.04826285687136039,8.861069667086024,2.360566733316914,3.9368821831324827
District109,1968,1,3.9368821831324827,1.8084191898375486,0.04826285687136039,10.890109844784522,2.906089458204875,3.9368821831324827
District109,1969,1,3.9368821831324827,1.8084191898375486,0.04826285687136039,8.98576769730051,2.525448253273281,3.9368821831324827
District109,1970,1,3.9368821831324827,1.8084191898375486,0.04826285687136039,7.8946722138936245,2.0639470633876846,3.9368821831324827
District109,1971,1,3.9368821831324827,1.8084191898375486,0.04826285687136039,9.434615738176257,2.258953532926714,3.9368821831324827
District109,1972,1,3.9368821831324827,1.8084191898375486,0.04826285687136039,8.847423140029045,2.6067298276710718,3.9368821831324827
District109,1973,1,3.9368821831324827,1.8084191898375486,0.04826285687136039,8.784259100150077,2.1872372130466062,3.9368821831324827
District109,1974,1,3.9368821831324827,1.8084191898375486,0.04826285687136039,9.566699381165598,1.4255849304772639,3.9368821831324827
District109,1975,1,3.9368821831324827,1.8084191898375486,0.04826285687136039,8.341265956314563,2.394816427567782,3.9368821831324827
District110,1950,0,3.413942552676884,1.5918724213416673,0.5323537548900289,6.469164133769457,2.2962059090809817,0.0
District110,1951,0,3.413942552676884,1.5918724213416673,0.5323537548900289,8.011411973465515,1.6064545784413378,0.0
District110,1952,0,3.413942552676884,1.5918724213416673,0.5323537548900289,6.819763259974007,2.0117671371585524,0.0
District110,1953,0,3.413942552676884,1.5918724213416673,0.5323537548900289,6.736011065056308,2.0493138001189983,0.0
District110,1954,0,3.413942552676884,1.5918724213416673,0.5323537548900289,6.680532785328042,1.8368703758140166,0.0
District110,1955,0,3.413942552676884,1.5918724213416673,0.5323537548900289,8.438521968522062,2.8972970978608776,0.0
District110,1956,0,3.413942552676884,1.5918724213416673,0.5323537548900289,8.116415771840861,1.8203827080706643,0.0
District110,1957,0,3.413942552676884,1.5918724213416673,0.5323537548900289,8.825538537499323,2.0717231146892257,0.0
District110,1958,0,3.413942552676884,1.5918724213416673,0.5323537548900289,6.961654551662713,2.2396748056264597,0.0
District110,1959,0,3.413942552676884,1.5918724213416673,0.5323537548900289,8.59915980646671,1.8521649553166997,0.0
District110,1960,0,3.413942552676884,1.5918724213416673,0.5323537548900289,6.4760324615195906,2.1646635081431125,0.0
District110,1961,0,3.413942552676884,1.5918724213416673,0.5323537548900289,7.896838464652375,1.5334316623422575,0.0
District110,1962,1,3.413942552676884,1.5918724213416673,0.5323537548900289,8.51185812369577,2.378660203351673,3.413942552676884
District110,1963,1,3.413942552676884,1.5918724213416673,0.5323537548900289,8.585942594352325,2.4160230208302287,3.413942552676884
District110,1964,1,3.413942552676884,1.5918724213416673,0.5323537548900289,9.111024383117618,2.6642167894302755,3.413942552676884
District110,1965,1,3.413942552676884,1.5918724213416673,0.5323537548900289,10.075367594998959,1.613049061697474,3.413942552676884
District110,1966,1,3.413942552676884,1.5918724213416673,0.5323537548900289,9.803873058695219,1.7519895831820866,3.413942552676884
District110,1967,1,3.413942552676884,1.5918724213416673,0.5323537548900289,9.019385757464107,1.927859956561898,3.413942552676884
District110,1968,1,3.413942552676884,1.5918724213416673,0.5323537548900289,10.814405183614838,2.0288660177221374,3.413942552676884
District110,1969,1,3.413942552676884,1.5918724213416673,0.5323537548900289,7.170040876927789,2.1868723263863226,3.413942552676884
District110,1970,1,3.413942552676884,1.5918724213416673,0.5323537548900289,8.663719638702055,1.8073363755707286,3.413942552676884
District110,1971,1,3.413942552676884,1.5918724213416673,0.5323537548900289,9.671225806296754,1.8112789659412656,3.413942552676884
District110,1972,1,3.413942552676884,1.5918724213416673,0.5323537548900289,8.753636723680675,2.1046949151598286,3.413942552676884
District110,1973,1,3.413942552676884,1.5918724213416673,0.5323537548900289,8.058552117535253,2.2697347577026403,3.413942552676884
District110,1974,1,3.413942552676884,1.5918724213416673,0.5323537548900289,8.84547233108362,2.608933975688651,3.413942552676884
District110,1975,1,3.413942552676884,1.5918724213416673,0.5323537548900289,9.708739352622782,1.7379000836595453,3.413942552676884
District111,1950,0,3.7571486928199977,-0.8862675439923655,0.05549206550221794,5.869132960240647,1.9844707809043722,0.0
District111,1951,0,3.7571486928199977,-0.8862675439923655,0.05549206550221794,5.905495299636554,1.81111702220075,0.0
District111,1952,0,3.7571486928199977,-0.8862675439923655,0.05549206550221794,5.186122948964779,1.3891288016376082,0.0
District111,1953,0,3.7571486928199977,-0.8862675439923655,0.05549206550221794,4.8194084774392465,1.396071248241814,0.0
District111,1954,0,3.7571486928199977,-0.8862675439923655,0.05549206550221794,4.353726592379821,2.3461373822634712,0.0
District111,1955,0,3.7571486928199977,-0.8862675439923655,0.05549206550221794,5.554316512685177,1.8044264204223945,0.0
District111,1956,0,3.7571486928199977,-0.8862675439923655,0.05549206550221794,4.274327481403422,1.4061575580526653,0.0
District111,1957,0,3.7571486928199977,-0.8862675439923655,0.05549206550221794,5.34168685423286,1.9245157574070682,0.0
District111,1958,0,3.7571486928199977,-0.8862675439923655,0.05549206550221794,6.769894599373075,1.6830978336823952,0.0
District111,1959,0,3.7571486928199977,-0.8862675439923655,0.05549206550221794,5.757485467248662,1.9859002213223949,0.0
District111,1960,0,3.7571486928199977,-0.8862675439923655,0.05549206550221794,5.290951364126659,1.6840531217129944,0.0
District111,1961,0,3.7571486928199977,-0.8862675439923655,0.05549206550221794,4.561309707434427,1.6834257311537997,0.0
District111,1962,1,3.7571486928199977,-0.8862675439923655,0.05549206550221794,6.913203964967622,2.5532576196868026,3.7571486928199977
District111,1963,1,3.7571486928199977,-0.8862675439923655,0.05549206550221794,6.001669098584293,2.2086853039546233,3.7571486928199977
District111,1964,1,3.7571486928199977,-0.8862675439923655,0.05549206550221794,7.873781042376827,2.1922219736510864,3.7571486928199977
District111,1965,1,3.7571486928199977,-0.8862675439923655,0.05549206550221794,7.306428096745768,1.8054759680335806,3.7571486928199977
District111,1966,1,3.7571486928199977,-0.8862675439923655,0.05549206550221794,8.010410623800972,1.7957419166282445,3.7571486928199977
District111,1967,1,3.7571486928199977,-0.8862675439923655,0.05549206550221794,6.03683036639606,1.6262744188532865,3.7571486928199977
District111,1968,1,3.7571486928199977,-0.8862675439923655,0.05549206550221794,6.677922558550685,1.280577858368162,3.7571486928199977
District111,1969,1,3.7571486928199977,-0.8862675439923655,0.05549206550221794,6.827319596122992,2.4885606487373124,3.7571486928199977
District111,1970,1,3.7571486928199977,-0.8862675439923655,0.05549206550221794,6.815567120862153,2.6672466026882122,3.7571486928199977
District111,1971,1,3.7571486928199977,-0.8862675439923655,0.05549206550221794,7.79870376042839,2.2945873193006117,3.7571486928199977
District111,1972,1,3.7571486928199977,-0.8862675439923655,0.05549206550221794,7.341095773378808,2.0137312804780376,3.7571486928199977
District111,1973,1,3.7571486928199977,-0.8862675439923655,0.05549206550221794,9.136069453076049,2.271894784135505,3.7571486928199977
District111,1974,1,3.7571486928199977,-0.8862675439923655,0.05549206550221794,7.126232723439919,1.7955515151470207,3.7571486928199977
District111,1975,1,3.7571486928199977,-0.8862675439923655,0.05549206550221794,6.393087755879848,1.8662375132831723,3.7571486928199977
District112,1950,0,3.1679320668962325,-2.3588916421285835,0.45751679615028557,4.961098400769595,1.4375784680294783,0.0
District112,1951,0,3.1679320668962325,-2.3588916421285835,0.45751679615028557,4.307024233923498,1.4581427410908974,0.0
District112,1952,0,3.1679320668962325,-2.3588916421285835,0.45751679615028557,3.78183413229654,1.9378345927344696,0.0
District112,1953,0,3.1679320668962325,-2.3588916421285835,0.45751679615028557,5.502453945527446,1.6251237626655741,0.0
District112,1954,0,3.1679320668962325,-2.3588916421285835,0.45751679615028557,6.084826491533573,1.6150743758057478,0.0
District112,1955,0,3.1679320668962325,-2.3588916421285835,0.45751679615028557,3.8939321291046376,0.8544202591898558,0.0
District112,1956,0,3.1679320668962325,-2.3588916421285835,0.45751679615028557,4.2176573805694755,1.8709442195618395,0.0
District112,1957,0,3.1679320668962325,-2.3588916421285835,0.45751679615028557,5.9573724499843,1.286096603878605,0.0
District112,1958,0,3.1679320668962325,-2.3588916421285835,0.45751679615028557,3.763187534805807,1.8451745089590372,0.0
District112,1959,0,3.1679320668962325,-2.3588916421285835,0.45751679615028557,4.032106741757659,1.7107428092811865,0.0
District112,1960,0,3.1679320668962325,-2.3588916421285835,0.45751679615028557,6.083984118095828,1.9526685444872944,0.0
District112,1961,0,3.1679320668962325,-2.3588916421285835,0.45751679615028557,4.2971746855561985,1.722001172627196,0.0
District112,1962,1,3.1679320668962325,-2.3588916421285835,0.45751679615028557,6.663590311381522,1.309028005493309,3.1679320668962325
District112,1963,1,3.1679320668962325,-2.3588916421285835,0.45751679615028557,5.973236214317136,1.4304434865970908,3.1679320668962325
District112,1964,1,3.1679320668962325,-2.3588916421285835,0.45751679615028557,7.847348942178886,2.145739947700031,3.1679320668962325
District112,1965,1,3.1679320668962325,-2.3588916421285835,0.45751679615028557,6.14673212144224,1.3835020762329036,3.1679320668962325
District112,1966,1,3.1679320668962325,-2.3588916421285835,0.45751679615028557,6.204975063765657,1.457308993539718,3.1679320668962325
District112,1967,1,3.1679320668962325,-2.3588916421285835,0.45751679615028557,6.841294207409164,2.1982069262101827,3.1679320668962325
District112,1968,1,3.1679320668962325,-2.3588916421285835,0.45751679615028557,7.54456071219872,2.354326704643925,3.1679320668962325
District112,1969,1,3.1679320668962325,-2.3588916421285835,0.45751679615028557,5.2844250014103356,2.4177623950676397,3.1679320668962325
District112,1970,1,3.1679320668962325,-2.3588916421285835,0.45751679615028557,5.6887471387157,2.6281250262771163,3.1679320668962325
District112,1971,1,3.1679320668962325,-2.3588916421285835,0.45751679615028557,5.968829491477618,1.4497163489787201,3.1679320668962325
District112,1972,1,3.1679320668962325,-2.3588916421285835,0.45751679615028557,6.556120917426504,1.8326147081443749,3.1679320668962325
District112,1973,1,3.1679320668962325,-2.3588916421285835,0.45751679615028557,5.255609577407524,1.717440379156597,3.1679320668962325
District112,1974,1,3.1679320668962325,-2.3588916421285835,0.45751679615028557,7.624438603002996,1.9087786458023441,3.1679320668962325
District112,1975,1,3.1679320668962325,-2.3588916421285835,0.45751679615028557,7.049098588084235,1.777634194278543,3.1679320668962325
District113,1950,0,3.8403263232496085,-0.8554658031126393,0.2264096547348968,6.0964023699653165,1.4091964893359301,0.0
District113,1951,0,3.8403263232496085,-0.8554658031126393,0.2264096547348968,4.100235720696824,1.9533679439433407,0.0
District113,1952,0,3.8403263232496085,-0.8554658031126393,0.2264096547348968,5.9366092385747935,1.5066665598285718,0.0
District113,1953,0,3.8403263232496085,-0.8554658031126393,0.2264096547348968,5.075515823705198,1.3562200338718198,0.0
District113,1954,0,3.8403263232496085,-0.8554658031126393,0.2264096547348968,6.307231992661683,1.9520436966604162,0.0
District113,1955,0,3.8403263232496085,-0.8554658031126393,0.2264096547348968,5.876591544291693,2.4837528577142516,0.0
District113,1956,0,3.8403263232496085,-0.8554658031126393,0.2264096547348968,6.45231144372588,1.7018535311160086,0.0
District113,1957,0,3.8403263232496085,-0.8554658031126393,0.2264096547348968,4.917096834192711,2.287449207588714,0.0
District113,1958,0,3.8403263232496085,-0.8554658031126393,0.2264096547348968,5.228882272547397,2.214555604306697,0.0
District113,1959,0,3.8403263232496085,-0.8554658031126393,0.2264096547348968,3.68103744621676,0.9980077502775417,0.0
District113,1960,0,3.8403263232496085,-0.8554658031126393,0.2264096547348968,4.460519249425445,1.512848919765382,0.0
District113,1961,0,3.8403263232496085,-0.8554658031126393,0.2264096547348968,4.860484462042943,1.861061475841082,0.0
District113,1962,1,3.8403263232496085,-0.8554658031126393,0.2264096547348968,6.530621678154736,1.7500783113237077,3.8403263232496085
District113,1963,1,3.8403263232496085,-0.8554658031126393,0.2264096547348968,7.882024138932212,1.668669145304373,3.8403263232496085
District113,1964,1,3.8403263232496085,-0.8554658031126393,0.2264096547348968,8.456342166446925,1.884685448922272,3.8403263232496085
District113,1965,1,3.8403263232496085,-0.8554658031126393,0.2264096547348968,6.931652984480876,1.9820500700164425,3.8403263232496085
District113,1966,1,3.8403263232496085,-0.8554658031126393,0.2264096547348968,8.076197028159074,1.565376390757803,3.8403263232496085
District113,1967,1,3.8403263232496085,-0.8554658031126393,0.2264096547348968,7.2197844918753935,2.0536780272663187,3.8403263232496085
District113,1968,1,3.8403263232496085,-0.8554658031126393,0.2264096547348968,7.54204613010054,1.8814272133528804,3.8403263232496085
District113,1969,1,3.8403263232496085,-0.8554658031126393,0.2264096547348968,7.045733863341035,1.700606286664451,3.8403263232496085
District113,1970,1,3.8403263232496085,-0.8554658031126393,0.2264096547348968,6.833197923075775,1.6440648107662235,3.8403263232496085
District113,1971,1,3.8403263232496085,-0.8554658031126393,0.2264096547348968,7.477216648426239,2.4568418956428886,3.8403263232496085
District113,1972,1,3.8403263232496085,-0.8554658031126393,0.2264096547348968,6.680249540915838,1.8131800987932816,3.8403263232496085
District113,1973,1,3.8403263232496085,-0.8554658031126393,0.2264096547348968,6.206615074365818,1.4395423710856503,3.8403263232496085
District113,1974,1,3.8403263232496085,-0.8554658031126393,0.2264096547348968,6.781607244363315,2.344571136497766,3.8403263232496085
District113,1975,1,3.8403263232496085,-0.8554658031126393,0.2264096547348968,7.5347560882409255,2.207432730064423,3.8403263232496085
District114,1950,0,4.040957846294782,0.20184908332836998,0.5125914817268242,6.535951498078573,2.2230933663548256,0.0
District114,1951,0,4.040957846294782,0.20184908332836998,0.5125914817268242,5.304616806257083,2.386614051228622,0.0
District114,1952,0,4.040957846294782,0.20184908332836998,0.5125914817268242,6.677335084881859,1.7398372626367595,0.0
District114,1953,0,4.040957846294782,0.20184908332836998,0.5125914817268242,6.296655107434747,1.9778715634065902,0.0
District114,1954,0,4.040957846294782,0.20184908332836998,0.5125914817268242,6.739478716898689,2.139245149693606,0.0
District114,1955,0,4.040957846294782,0.20184908332836998,0.5125914817268242,5.81073464153351,2.2692619763467765,0.0
District114,1956,0,4.040957846294782,0.20184908332836998,0.5125914817268242,6.321512122930767,2.1044888678085227,0.0
District114,1957,0,4.040957846294782,0.20184908332836998,0.5125914817268242,6.734975115292229,1.5857134721898447,0.0
District114,1958,0,4.040957846294782,0.20184908332836998,0.5125914817268242,6.528647345491365,1.6616245444917008,0.0
District114,1959,0,4.040957846294782,0.20184908332836998,0.5125914817268242,6.142461751672516,1.5611791486146207,0.0
District114,1960,0,4.040957846294782,0.20184908332836998,0.5125914817268242,5.788876903533663,0.945954126513567,0.0
District114,1961,0,4.040957846294782,0.20184908332836998,0.5125914817268242,7.638203229302759,1.9614178898455665,0.0
District114,1962,1,4.040957846294782,0.20184908332836998,0.5125914817268242,8.606888621527608,2.8091615866646187,4.040957846294782
District114,1963,1,4.040957846294782,0.20184908332836998,0.5125914817268242,7.393109778990963,2.4750422364896627,4.040957846294782
District114,1964,1,4.040957846294782,0.20184908332836998,0.5125914817268242,6.331788995194923,1.1015522228281873,4.040957846294782
District114,1965,1,4.040957846294782,0.20184908332836998,0.5125914817268242,7.961957872191107,2.367227153876681,4.040957846294782
District114,1966,1,4.040957846294782,0.20184908332836998,0.5125914817268242,7.308726034325109,1.6660162783317183,4.040957846294782
District114,1967,1,4.040957846294782,0.20184908332836998,0.5125914817268242,8.137418341840826,1.984437458449455,4.040957846294782
District114,1968,1,4.040957846294782,0.20184908332836998,0.5125914817268242,8.497640980285192,2.5078289890264243,4.040957846294782
District114,1969,1,4.040957846294782,0.20184908332836998,0.5125914817268242,8.397291276709055,2.0448599846020867,4.040957846294782
District114,1970,1,4.040957846294782,0.20184908332836998,0.5125914817268242,7.7937664800692605,1.9598257638560084,4.040957846294782
District114,1971,1,4.040957846294782,0.20184908332836998,0.5125914817268242,8.140725591977223,2.216789753776027,4.040957846294782
District114,1972,1,4.040957846294782,0.20184908332836998,0.5125914817268242,6.871968755100632,1.600292907927822,4.040957846294782
District114,1973,1,4.040957846294782,0.20184908332836998,0.5125914817268242,7.889448374384768,1.9915112025352721,4.040957846294782
District114,1974,1,4.040957846294782,0.20184908332836998,0.5125914817268242,7.981249044856488,1.8522989429954295,4.040957846294782
District114,1975,1,4.040957846294782,0.20184908332836998,0.5125914817268242,8.104612766054911,2.2572935485587866,4.040957846294782
District115,1950,0,3.947111480393481,1.7435716843259572,0.336449324745913,7.740897762708318,2.3654687128909826,0.0
District115,1951,0,3.947111480393481,1.7435716843259572,0.336449324745913,8.886066270528813,2.5277801309078267,0.0
District115,1952,0,3.947111480393481,1.7435716843259572,0.336449324745913,7.228698199944104,2.189565257920549,0.0
District115,1953,0,3.947111480393481,1.7435716843259572,0.336449324745913,7.0417465534006976,2.265465797051835,0.0
District115,1954,0,3.947111480393481,1.7435716843259572,0.336449324745913,6.727652799193873,1.7610894873462686,0.0
District115,1955,0,3.947111480393481,1.7435716843259572,0.336449324745913,6.398235891792411,1.5805422585572377,0.0
District115,1956,0,3.947111480393481,1.7435716843259572,0.336449324745913,6.593894779801304,2.042073345712588,0.0
District115,1957,0,3.947111480393481,1.7435716843259572,0.336449324745913,7.739828210366948,1.5050496315040691,0.0
District115,1958,0,3.947111480393481,1.7435716843259572,0.336449324745913,6.139801188891459,2.604852719996459,0.0
District115,1959,0,3.947111480393481,1.7435716843259572,0.336449324745913,6.06428381423197,2.0362539157939965,0.0
District115,1960,0,3.947111480393481,1.7435716843259572,0.336449324745913,7.082701701166932,2.439320362399036,0.0
District115,1961,0,3.947111480393481,1.7435716843259572,0.336449324745913,7.760505984628377,1.839684160608428,0.0
District115,1962,1,3.947111480393481,1.7435716843259572,0.336449324745913,8.244753664251363,2.6584406712817588,3.947111480393481
District115,1963,1,3.947111480393481,1.7435716843259572,0.336449324745913,8.926426702041779,2.057675727196448,3.947111480393481
District115,1964,1,3.947111480393481,1.7435716843259572,0.336449324745913,8.787066865194145,2.621917828668836,3.947111480393481
District115,1965,1,3.947111480393481,1.7435716843259572,0.336449324745913,10.00099121746355,2.7485819094827075,3.947111480393481
District115,1966,1,3.947111480393481,1.7435716843259572,0.336449324745913,9.831916510800914,2.653835918194365,3.947111480393481
District115,1967,1,3.947111480393481,1.7435716843259572,0.336449324745913,9.22576791228633,2.204501764376531,3.947111480393481
District115,1968,1,3.947111480393481,1.7435716843259572,0.336449324745913,8.944378151936267,2.412656119567119,3.947111480393481
District115,1969,1,3.947111480393481,1.7435716843259572,0.336449324745913,11.11827273778422,1.9835635523234472,3.947111480393481
District115,1970,1,3.947111480393481,1.7435716843259572,0.336449324745913,8.994304083633093,2.5534595283377097,3.947111480393481
District115,1971,1,3.947111480393481,1.7435716843259572,0.336449324745913,8.13007331704114,2.3510293949193612,3.947111480393481
District115,1972,1,3.947111480393481,1.7435716843259572,0.336449324745913,9.233428620857348,2.30724635490646,3.947111480393481
District115,1973,1,3.947111480393481,1.7435716843259572,0.336449324745913,8.843974753396694,1.8694576881629832,3.947111480393481
District115,1974,1,3.947111480393481,1.7435716843259572,0.336449324745913,8.979068146392514,1.7828192017571405,3.947111480393481
District115,1975,1,3.947111480393481,1.7435716843259572,0.336449324745913,8.987606625634044,1.7363638755712771,3.947111480393481
District116,1950,0,5.455213300126631,-0.945674973201536,0.16902034552231276,4.921667400212208,2.423207076682304,0.0
District116,1951,0,5.455213300126631,-0.945674973201536,0.16902034552231276,5.4094924118844405,1.4352428880666184,0.0
District116,1952,0,5.455213300126631,-0.945674973201536,0.16902034552231276,4.10761175864119,1.5577144581391837,0.0
District116,1953,0,5.455213300126631,-0.945674973201536,0.16902034552231276,4.726509898449846,1.413157629854005,0.0
District116,1954,0,5.455213300126631,-0.945674973201536,0.16902034552231276,4.731014848088814,2.5979248901775125,0.0
District116,1955,0,5.455213300126631,-0.945674973201536,0.16902034552231276,5.45357892662963,1.8951948018879081,0.0
District116,1956,0,5.455213300126631,-0.945674973201536,0.16902034552231276,6.005029367192083,1.626341475725972,0.0
District116,1957,0,5.455213300126631,-0.945674973201536,0.16902034552231276,4.10720265008426,2.2499139130907526,0.0
District116,1958,0,5.455213300126631,-0.945674973201536,0.16902034552231276,5.124102778468612,1.3875997575595713,0.0
District116,1959,0,5.455213300126631,-0.945674973201536,0.16902034552231276,5.873848727259583,1.8730585213662878,0.0
District116,1960,0,5.455213300126631,-0.945674973201536,0.16902034552231276,4.944328608308902,2.537151046093087,0.0
District116,1961,0,5.455213300126631,-0.945674973201536,0.16902034552231276,4.79873123303702,1.8616462230311008,0.0
District116,1962,1,5.455213300126631,-0.945674973201536,0.16902034552231276,8.914482389357996,2.217282072730249,5.455213300126631
District116,1963,1,5.455213300126631,-0.945674973201536,0.16902034552231276,9.534590215320623,2.01046220071627,5.455213300126631
District116,1964,1,5.455213300126631,-0.945674973201536,0.16902034552231276,8.502371633918502,2.0212121585096487,5.455213300126631
District116,1965,1,5.455213300126631,-0.945674973201536,0.16902034552231276,7.033365346814057,1.670582901519978,5.455213300126631
District116,1966,1,5.455213300126631,-0.945674973201536,0.16902034552231276,7.672974105518406,1.8121126321463337,5.455213300126631
District116,1967,1,5.455213300126631,-0.945674973201536,0.16902034552231276,8.3128536945998,1.3304546076018,5.455213300126631
District116,1968,1,5.455213300126631,-0.945674973201536,0.16902034552231276,8.273120434535508,2.579815843074422,5.455213300126631
District116,1969,1,5.455213300126631,-0.945674973201536,0.16902034552231276,8.645781077130394,2.3926502827452523,5.455213300126631
District116,1970,1,5.455213300126631,-0.945674973201536,0.16902034552231276,7.517905108525412,1.7938448929145494,5.455213300126631
District116,1971,1,5.455213300126631,-0.945674973201536,0.16902034552231276,8.588553980662574,2.0409965707425055,5.455213300126631
District116,1972,1,5.455213300126631,-0.945674973201536,0.16902034552231276,8.466029320455288,1.5627214816973685,5.455213300126631
District116,1973,1,5.455213300126631,-0.945674973201536,0.16902034552231276,5.4247031393256595,2.1279134460597455,5.455213300126631
District116,1974,1,5.455213300126631,-0.945674973201536,0.16902034552231276,8.294577687049022,1.9907765556451513,5.455213300126631
District116,1975,1,5.455213300126631,-0.945674973201536,0.16902034552231276,7.784057604885811,1.6071817847108678,5.455213300126631
District117,1950,0,4.0254616883225625,-2.031957770174731,0.1686361645535265,5.542326333565192,2.0133928398904186,0.0
District117,1951,0,4.0254616883225625,-2.031957770174731,0.1686361645535265,4.974829160710762,1.4463848596369873,0.0
District117,1952,0,4.0254616883225625,-2.031957770174731,0.1686361645535265,5.168100038054149,2.069520979800465,0.0
District117,1953,0,4.0254616883225625,-2.031957770174731,0.1686361645535265,4.8912490610995825,1.3678173635514796,0.0
District117,1954,0,4.0254616883225625,-2.031957770174731,0.1686361645535265,6.624877745878589,1.9345555664860175,0.0
District117,1955,0,4.0254616883225625,-2.031957770174731,0.1686361645535265,5.426073934152862,1.8702175059938195,0.0
District117,1956,0,4.0254616883225625,-2.031957770174731,0.1686361645535265,5.238530312746669,1.9561500671914143,0.0
District117,1957,0,4.0254616883225625,-2.031957770174731,0.1686361645535265,5.7942482544111975,1.9614832351733544,0.0
District117,1958,0,4.0254616883225625,-2.031957770174731,0.1686361645535265,3.303363981751917,2.0868379669509625,0.0
District117,1959,0,4.0254616883225625,-2.031957770174731,0.1686361645535265,5.434862515218539,2.0365204686423026,0.0
District117,1960,0,4.0254616883225625,-2.031957770174731,0.1686361645535265,3.875137019706729,1.7131189211056908,0.0
District117,1961,0,4.0254616883225625,-2.031957770174731,0.1686361645535265,4.464233535272663,1.5989914556156741,0.0
District117,1962,1,4.0254616883225625,-2.031957770174731,0.1686361645535265,6.320766877278466,1.7512704526122373,4.0254616883225625
District117,1963,1,4.0254616883225625,-2.031957770174731,0.1686361645535265,7.654415651956816,2.177643036000096,4.0254616883225625
District117,1964,1,4.0254616883225625,-2.031957770174731,0.1686361645535265,6.637424578434667,1.7335104849119276,4.0254616883225625
District117,1965,1,4.0254616883225625,-2.031957770174731,0.1686361645535265,7.020040257196173,2.0971365403119617,4.0254616883225625
District117,1966,1,4.0254616883225625,-2.031957770174731,0.1686361645535265,6.251681611202974,1.9017476952038992,4.0254616883225625
District117,1967,1,4.0254616883225625,-2.031957770174731,0.1686361645535265,6.546943136617229,1.3242342498809698,4.0254616883225625
District117,1968,1,4.0254616883225625,-2.031957770174731,0.1686361645535265,7.175776388417454,1.8744856504936735,4.0254616883225625
District117,1969,1,4.0254616883225625,-2.031957770174731,0.1686361645535265,7.206755008194907,1.3369292850707966,4.0254616883225625
District117,1970,1,4.0254616883225625,-2.031957770174731,0.1686361645535265,7.166230607607624,1.6970524498292727,4.0254616883225625
District117,1971,1,4.0254616883225625,-2.031957770174731,0.1686361645535265,5.36763935587731,1.2986943668691444,4.0254616883225625
District117,1972,1,4.0254616883225625,-2.031957770174731,0.1686361645535265,5.234096645112987,1.8256462081112381,4.0254616883225625
District117,1973,1,4.0254616883225625,-2.031957770174731,0.1686361645535265,6.1011011053046005,1.1101580229838,4.0254616883225625
District117,1974,1,4.0254616883225625,-2.031957770174731,0.1686361645535265,6.10159550342492,1.814133327189919,4.0254616883225625
District117,1975,1,4.0254616883225625,-2.031957770174731,0.1686361645535265,6.822722892715501,1.333918398830442,4.0254616883225625
District118,1950,0,1.9566697656584997,-0.10788488228251035,0.43241032521585404,4.912515057630888,1.7409812124105295,0.0
District118,1951,0,1.9566697656584997,-0.10788488228251035,0.43241032521585404,5.1776640377920025,2.0640808935621506,0.0
District118,1952,0,1.9566697656584997,-0.10788488228251035,0.43241032521585404,6.612159103350944,1.7475655674423032,0.0
District118,1953,0,1.9566697656584997,-0.10788488228251035,0.43241032521585404,6.637645053008377,1.9791042067888904,0.0
District118,1954,0,1.9566697656584997,-0.10788488228251035,0.43241032521585404,3.4013586886964124,2.0830077005626717,0.0
District118,1955,0,1.9566697656584997,-0.10788488228251035,0.43241032521585404,5.489191626417815,1.5292161461871547,0.0
District118,1956,0,1.9566697656584997,-0.10788488228251035,0.43241032521585404,6.666188383482427,2.560048504765895,0.0
District118,1957,0,1.9566697656584997,-0.10788488228251035,0.43241032521585404,5.326590077278227,1.759959560152644,0.0
District118,1958,0,1.9566697656584997,-0.10788488228251035,0.43241032521585404,6.218531608180922,1.6293239945374214,0.0
District118,1959,0,1.9566697656584997,-0.10788488228251035,0.43241032521585404,5.8710204085293,1.841702853463978,0.0
District118,1960,0,1.9566697656584997,-0.10788488228251035,0.43241032521585404,6.545972293362794,2.101686955581643,0.0
District118,1961,0,1.9566697656584997,-0.10788488228251035,0.43241032521585404,4.6917112953288935,1.7240880137467296,0.0
District118,1962,1,1.9566697656584997,-0.10788488228251035,0.43241032521585404,5.886988709771136,2.1436821143791667,1.9566697656584997
District118,1963,1,1.9566697656584997,-0.10788488228251035,0.43241032521585404,7.584453116247841,1.6726387208041769,1.9566697656584997
District118,1964,1,1.9566697656584997,-0.10788488228251035,0.43241032521585404,7.291228946062113,1.4993673901468774,1.9566697656584997
District118,1965,1,1.9566697656584997,-0.10788488228251035,0.43241032521585404,6.927541014780331,2.225754660385678,1.9566697656584997
District118,1966,1,1.9566697656584997,-0.10788488228251035,0.43241032521585404,5.801071658509386,1.7338203447575475,1.9566697656584997
District118,1967,1,1.9566697656584997,-0.10788488228251035,0.43241032521585404,7.113787480304666,2.156221052263434,1.9566697656584997
District118,1968,1,1.9566697656584997,-0.10788488228251035,0.43241032521585404,8.467509120337121,1.7456258953878656,1.9566697656584997
District118,1969,1,1.9566697656584997,-0.10788488228251035,0.43241032521585404,8.334678120678653,2.4351263049325387,1.9566697656584997
District118,1970,1,1.9566697656584997,-0.10788488228251035,0.43241032521585404,8.188938699261529,2.523673882046077,1.9566697656584997
District118,1971,1,1.9566697656584997,-0.10788488228251035,0.43241032521585404,8.732752808501399,2.2693200066751684,1.9566697656584997
District118,1972,1,1.9566697656584997,-0.10788488228251035,0.43241032521585404,4.776141191329247,1.3984284777121077,1.9566697656584997
District118,1973,1,1.9566697656584997,-0.10788488228251035,0.43241032521585404,5.4000008095599235,2.035698903180765,1.9566697656584997
District118,1974,1,1.9566697656584997,-0.10788488228251035,0.43241032521585404,7.915844435061713,1.2365525152410877,1.9566697656584997
District118,1975,1,1.9566697656584997,-0.10788488228251035,0.43241032521585404,6.745290198674111,2.09244907277741,1.9566697656584997
District119,1950,0,4.986804822340995,-0.5102326787688457,0.10637520392130251,4.209333678746336,1.4055634787762155,0.0
District119,1951,0,4.986804822340995,-0.5102326787688457,0.10637520392130251,4.676363656351178,1.5068448632609919,0.0
District119,1952,0,4.986804822340995,-0.5102326787688457,0.10637520392130251,4.713834507427055,2.169162613239096,0.0
District119,1953,0,4.986804822340995,-0.5102326787688457,0.10637520392130251,7.035466616995899,1.956277719029948,0.0
District119,1954,0,4.986804822340995,-0.5102326787688457,0.10637520392130251,4.906782634786975,2.432843498080955,0.0
District119,1955,0,4.986804822340995,-0.5102326787688457,0.10637520392130251,4.312429932675312,1.8655230731691466,0.0
District119,1956,0,4.986804822340995,-0.5102326787688457,0.10637520392130251,6.629150640850032,2.163098515137068,0.0
District119,1957,0,4.986804822340995,-0.5102326787688457,0.10637520392130251,4.733845735172959,1.9919071672875828,0.0
District119,1958,0,4.986804822340995,-0.5102326787688457,0.10637520392130251,5.674093048909775,1.9527740175962267,0.0
District119,1959,0,4.986804822340995,-0.5102326787688457,0.10637520392130251,6.091711229818989,2.0410886456939075,0.0
District119,1960,0,4.986804822340995,-0.5102326787688457,0.10637520392130251,5.463453517448699,2.2261985458061133,0.0
District119,1961,0,4.986804822340995,-0.5102326787688457,0.10637520392130251,6.305459940901543,1.8708098542074043,0.0
District119,1962,1,4.986804822340995,-0.5102326787688457,0.10637520392130251,8.743560951589835,2.006785995691194,4.986804822340995
District119,1963,1,4.986804822340995,-0.5102326787688457,0.10637520392130251,9.542174932642613,2.297020109122391,4.986804822340995
District119,1964,1,4.986804822340995,-0.5102326787688457,0.10637520392130251,7.845631389184403,1.8654652800653806,4.986804822340995
District119,1965,1,4.986804822340995,-0.5102326787688457,0.10637520392130251,8.420593272436028,2.8907310299192925,4.986804822340995
District119,1966,1,4.986804822340995,-0.5102326787688457,0.10637520392130251,8.458932597110048,2.0665437928282597,4.986804822340995
District119,1967,1,4.986804822340995,-0.5102326787688457,0.10637520392130251,8.459826447013349,2.004525735386213,4.986804822340995
District119,1968,1,4.986804822340995,-0.5102326787688457,0.10637520392130251,9.12042479952522,2.1260338764423756,4.986804822340995
District119,1969,1,4.986804822340995,-0.5102326787688457,0.10637520392130251,7.293382661926403,1.3929051425143224,4.986804822340995
District119,1970,1,4.986804822340995,-0.5102326787688457,0.10637520392130251,7.8949994657981115,2.367130565452787,4.986804822340995
District119,1971,1,4.986804822340995,-0.5102326787688457,0.10637520392130251,8.84950887739376,2.1217055775060696,4.986804822340995
District119,1972,1,4.986804822340995,-0.5102326787688457,0.10637520392130251,8.507271195686837,1.4988395044263951,4.986804822340995
District119,1973,1,4.986804822340995,-0.5102326787688457,0.10637520392130251,8.719547138752443,1.6836079138648312,4.986804822340995
District119,1974,1,4.986804822340995,-0.5102326787688457,0.10637520392130251,7.784472908007573,1.4034783507855852,4.986804822340995
District119,1975,1,4.986804822340995,-0.5102326787688457,0.10637520392130251,7.9524611181555835,1.862474867841105,4.986804822340995
District120,1950,0,1.6327719914929462,1.8690722875847459,0.5102291287299004,8.240735056908559,1.8533688033255755,0.0
District120,1951,0,1.6327719914929462,1.8690722875847459,0.5102291287299004,8.420616719457682,1.8985076484428531,0.0
District120,1952,0,1.6327719914929462,1.8690722875847459,0.5102291287299004,7.032830879379142,1.897130411636881,0.0
District120,1953,0,1.6327719914929462,1.8690722875847459,0.5102291287299004,7.617906806301458,2.6187383572590104,0.0
District120,1954,0,1.6327719914929462,1.8690722875847459,0.5102291287299004,7.271913311603745,2.439533014785047,0.0
District120,1955,0,1.6327719914929462,1.8690722875847459,0.5102291287299004,8.035152244247804,1.1454283995454215,0.0
District120,1956,0,1.6327719914929462,1.8690722875847459,0.5102291287299004,7.46399308151771,2.3790838757715838,0.0
District120,1957,0,1.6327719914929462,1.8690722875847459,0.5102291287299004,6.900838274883336,1.3799265862085455,0.0
District120,1958,0,1.6327719914929462,1.8690722875847459,0.5102291287299004,5.787637920047319,2.2275781215757626,0.0
District120,1959,0,1.6327719914929462,1.8690722875847459,0.5102291287299004,6.722731789313752,1.7755697693019492,0.0
District120,1960,0,1.6327719914929462,1.8690722875847459,0.5102291287299004,6.392095679544789,2.05270740513744,0.0
District120,1961,0,1.6327719914929462,1.8690722875847459,0.5102291287299004,7.137172502135772,2.3586010643858604,0.0
District120,1962,1,1.6327719914929462,1.8690722875847459,0.5102291287299004,6.796645007317702,2.194647194929297,1.6327719914929462
District120,1963,1,1.6327719914929462,1.8690722875847459,0.5102291287299004,8.490790194554025,2.4565105537352094,1.6327719914929462
District120,1964,1,1.6327719914929462,1.8690722875847459,0.5102291287299004,7.888816668510469,2.1800463251045015,1.6327719914929462
District120,1965,1,1.6327719914929462,1.8690722875847459,0.5102291287299004,5.373981738296598,1.7762783962451383,1.6327719914929462
District120,1966,1,1.6327719914929462,1.8690722875847459,0.5102291287299004,8.456878882291711,1.6983142441027674,1.6327719914929462
District120,1967,1,1.6327719914929462,1.8690722875847459,0.5102291287299004,6.954179485780129,1.9237521328645595,1.6327719914929462
District120,1968,1,1.6327719914929462,1.8690722875847459,0.5102291287299004,7.654438337797949,1.4421335567445188,1.6327719914929462
District120,1969,1,1.6327719914929462,1.8690722875847459,0.5102291287299004,7.7146477511108005,2.012348024001821,1.6327719914929462
District120,1970,1,1.6327719914929462,1.8690722875847459,0.5102291287299004,7.6378655864981235,1.9843239806279167,1.6327719914929462
District120,1971,1,1.6327719914929462,1.8690722875847459,0.5102291287299004,7.58308005158742,2.1191363562423176,1.6327719914929462
District120,1972,1,1.6327719914929462,1.8690722875847459,0.5102291287299004,8.732455141143767,2.197488076001022,1.6327719914929462
District120,1973,1,1.6327719914929462,1.8690722875847459,0.5102291287299004,8.23451379103251,1.8067039435337602,1.6327719914929462
District120,1974,1,1.6327719914929462,1.8690722875847459,0.5102291287299004,6.8520952864632845,1.8261353519041486,1.6327719914929462
District120,1975,1,1.6327719914929462,1.8690722875847459,0.5102291287299004,8.314041865673007,2.0823302226988765,1.6327719914929462
District121,1950,0,4.030801130333846,-0.6301118972543925,0.1440168042631098,5.616419300069838,1.7540023259686373,0.0
District121,1951,0,4.030801130333846,-0.6301118972543925,0.1440168042631098,5.765103122281977,1.2502620690253274,0.0
District121,1952,0,4.030801130333846,-0.6301118972543925,0.1440168042631098,5.30687482698639,1.886256070047819,0.0
District121,1953,0,4.030801130333846,-0.6301118972543925,0.1440168042631098,4.702216707699619,1.5405080346745479,0.0
District121,1954,0,4.030801130333846,-0.6301118972543925,0.1440168042631098,5.1352849793108195,1.9206010605165438,0.0
District121,1955,0,4.030801130333846,-0.6301118972543925,0.1440168042631098,5.190307086929694,1.5727976880202652,0.0
District121,1956,0,4.030801130333846,-0.6301118972543925,0.1440168042631098,6.322684655089644,1.9354921069523268,0.0
District121,1957,0,4.030801130333846,-0.6301118972543925,0.1440168042631098,3.769200005443648,1.531203150525117,0.0
District121,1958,0,4.030801130333846,-0.6301118972543925,0.1440168042631098,4.848328485029407,2.119065999351944,0.0
District121,1959,0,4.030801130333846,-0.6301118972543925,0.1440168042631098,5.071420540598934,1.8713802571123694,0.0
District121,1960,0,4.030801130333846,-0.6301118972543925,0.1440168042631098,4.949685067806908,1.3095374300685518,0.0
District121,1961,0,4.030801130333846,-0.6301118972543925,0.1440168042631098,6.798191144080125,1.8629771395873864,0.0
District121,1962,1,4.030801130333846,-0.6301118972543925,0.1440168042631098,7.363598205028516,2.3252114796585275,4.030801130333846
District121,1963,1,4.030801130333846,-0.6301118972543925,0.1440168042631098,7.84009086282321,2.224574111691838,4.030801130333846
District121,1964,1,4.030801130333846,-0.6301118972543925,0.1440168042631098,7.7377482875548536,2.3624666354521935,4.030801130333846
District121,1965,1,4.030801130333846,-0.6301118972543925,0.1440168042631098,6.075870134684979,2.3438519339965165,4.030801130333846
District121,1966,1,4.030801130333846,-0.6301118972543925,0.1440168042631098,8.43599446085355,1.65293378754778,4.030801130333846
District121,1967,1,4.030801130333846,-0.6301118972543925,0.1440168042631098,7.9605188804713105,2.1174792989767584,4.030801130333846
District121,1968,1,4.030801130333846,-0.6301118972543925,0.1440168042631098,7.499578650922954,2.4222179465538924,4.030801130333846
District121,1969,1,4.030801130333846,-0.6301118972543925,0.1440168042631098,7.3348816734553495,1.9669220615516114,4.030801130333846
District121,1970,1,4.030801130333846,-0.6301118972543925,0.1440168042631098,8.280884286511458,2.6974521996943723,4.030801130333846
District121,1971,1,4.030801130333846,-0.6301118972543925,0.1440168042631098,8.116465467957722,1.8558166988924996,4.030801130333846
District121,1972,1,4.030801130333846,-0.6301118972543925,0.1440168042631098,6.29257636284075,1.7763206398247964,4.030801130333846
District121,1973,1,4.030801130333846,-0.6301118972543925,0.1440168042631098,7.78419288260032,1.538671733133381,4.030801130333846
District121,1974,1,4.030801130333846,-0.6301118972543925,0.1440168042631098,10.436764669613503,1.9803391910639827,4.030801130333846
District121,1975,1,4.030801130333846,-0.6301118972543925,0.1440168042631098,7.181277252277539,1.6169242702741227,4.030801130333846
District122,1950,0,4.507266731620821,-1.5244305028380543,0.43591932447274195,5.817695641883315,1.5456282942845379,0.0
District122,1951,0,4.507266731620821,-1.5244305028380543,0.43591932447274195,5.816441282690863,1.7268552915379758,0.0
District122,1952,0,4.507266731620821,-1.5244305028380543,0.43591932447274195,7.494170697315235,1.8355189579211408,0.0
District122,1953,0,4.507266731620821,-1.5244305028380543,0.43591932447274195,4.460938513277832,2.259889728233876,0.0
District122,1954,0,4.507266731620821,-1.5244305028380543,0.43591932447274195,3.6725992608011557,1.4164571567471256,0.0
District122,1955,0,4.507266731620821,-1.5244305028380543,0.43591932447274195,6.83178271311041,1.5086688788409617,0.0
District122,1956,0,4.507266731620821,-1.5244305028380543,0.43591932447274195,4.411696564508295,1.126684236355432,0.0
District122,1957,0,4.507266731620821,-1.5244305028380543,0.43591932447274195,5.3372533002534555,1.640899768434922,0.0
District122,1958,0,4.507266731620821,-1.5244305028380543,0.43591932447274195,5.642308330140023,2.1002235390505337,0.0
District122,1959,0,4.507266731620821,-1.5244305028380543,0.43591932447274195,4.793324555613203,1.1131026245332856,0.0
District122,1960,0,4.507266731620821,-1.5244305028380543,0.43591932447274195,4.817801011967622,1.1669677546547705,0.0
District122,1961,0,4.507266731620821,-1.5244305028380543,0.43591932447274195,4.137121173570292,1.3904154685886585,0.0
District122,1962,1,4.507266731620821,-1.5244305028380543,0.43591932447274195,7.360449429843978,2.470861042022456,4.507266731620821
District122,1963,1,4.507266731620821,-1.5244305028380543,0.43591932447274195,8.463073038193615,1.5919935525099482,4.507266731620821
District122,1964,1,4.507266731620821,-1.5244305028380543,0.43591932447274195,6.197441989037869,1.510667207836188,4.507266731620821
District122,1965,1,4.507266731620821,-1.5244305028380543,0.43591932447274195,5.981430217238441,2.1648802773193436,4.507266731620821
District122,1966,1,4.507266731620821,-1.5244305028380543,0.43591932447274195,6.839191914334838,2.021099299857841,4.507266731620821
District122,1967,1,4.507266731620821,-1.5244305028380543,0.43591932447274195,7.9056144389280405,1.7060900722760541,4.507266731620821
District122,1968,1,4.507266731620821,-1.5244305028380543,0.43591932447274195,7.41911263280741,1.567094527856661,4.507266731620821
District122,1969,1,4.507266731620821,-1.5244305028380543,0.43591932447274195,6.527335642939028,2.3990919851287544,4.507266731620821
District122,1970,1,4.507266731620821,-1.5244305028380543,0.43591932447274195,6.143163292811246,1.474111985216362,4.507266731620821
District122,1971,1,4.507266731620821,-1.5244305028380543,0.43591932447274195,5.919945344057055,1.7968941224482489,4.507266731620821
District122,1972,1,4.507266731620821,-1.5244305028380543,0.43591932447274195,4.4704575133705875,1.5626947358753365,4.507266731620821
District122,1973,1,4.507266731620821,-1.5244305028380543,0.43591932447274195,7.919410216290659,2.2399389974262247,4.507266731620821
District122,1974,1,4.507266731620821,-1.5244305028380543,0.43591932447274195,7.980179617542019,1.9207803315221785,4.507266731620821
District122,1975,1,4.507266731620821,-1.5244305028380543,0.43591932447274195,8.510533706397199,1.6758649440753088,4.507266731620821
District123,1950,0,3.6398033917000694,1.5985953315370391,0.20679609659447412,7.600089906773405,2.397738891391567,0.0
District123,1951,0,3.6398033917000694,1.5985953315370391,0.20679609659447412,6.343078447116179,1.921848089964709,0.0
District123,1952,0,3.6398033917000694,1.5985953315370391,0.20679609659447412,6.532918204675138,2.232263837572216,0.0
District123,1953,0,3.6398033917000694,1.5985953315370391,0.20679609659447412,5.668207049945945,1.4614097504736767,0.0
District123,1954,0,3.6398033917000694,1.5985953315370391,0.20679609659447412,7.8459305447061976,2.037733147152105,0.0
District123,1955,0,3.6398033917000694,1.5985953315370391,0.20679609659447412,9.21288572909091,2.0992912077860306,0.0
District123,1956,0,3.6398033917000694,1.5985953315370391,0.20679609659447412,6.74458527825747,2.2918158201731638,0.0
District123,1957,0,3.6398033917000694,1.5985953315370391,0.20679609659447412,6.98048882868955,2.210228223310921,0.0
District123,1958,0,3.6398033917000694,1.5985953315370391,0.20679609659447412,7.071466616416558,2.056021601181635,0.0
District123,1959,0,3.6398033917000694,1.5985953315370391,0.20679609659447412,8.148198659755312,1.990780146927443,0.0
District123,1960,0,3.6398033917000694,1.5985953315370391,0.20679609659447412,8.278018643094676,2.2615596504982443,0.0
District123,1961,0,3.6398033917000694,1.5985953315370391,0.20679609659447412,7.495129271207661,2.979959734979338,0.0
District123,1962,1,3.6398033917000694,1.5985953315370391,0.20679609659447412,8.219083543790912,1.5919182420321731,3.6398033917000694
District123,1963,1,3.6398033917000694,1.5985953315370391,0.20679609659447412,9.271738307880875,1.8935136929062932,3.6398033917000694
District123,1964,1,3.6398033917000694,1.5985953315370391,0.20679609659447412,9.958741912370701,2.557446822232755,3.6398033917000694
District123,1965,1,3.6398033917000694,1.5985953315370391,0.20679609659447412,9.206453474897897,2.166744987302205,3.6398033917000694
District123,1966,1,3.6398033917000694,1.5985953315370391,0.20679609659447412,9.808555586180967,1.9023141763925318,3.6398033917000694
District123,1967,1,3.6398033917000694,1.5985953315370391,0.20679609659447412,9.925281903074556,1.9855394099086483,3.6398033917000694
District123,1968,1,3.6398033917000694,1.5985953315370391,0.20679609659447412,9.862654667070261,2.19656579328681,3.6398033917000694
District123,1969,1,3.6398033917000694,1.5985953315370391,0.20679609659447412,7.433737039728148,1.9001044363312873,3.6398033917000694
District123,1970,1,3.6398033917000694,1.5985953315370391,0.20679609659447412,9.813522467153899,1.775300689865515,3.6398033917000694
District123,1971,1,3.6398033917000694,1.5985953315370391,0.20679609659447412,7.519459840213041,1.730359862962423,3.6398033917000694
District123,1972,1,3.6398033917000694,1.5985953315370391,0.20679609659447412,7.634413261936988,1.676086360503976,3.6398033917000694
District123,1973,1,3.6398033917000694,1.5985953315370391,0.20679609659447412,9.234769518889033,1.940579791068741,3.6398033917000694
District123,1974,1,3.6398033917000694,1.5985953315370391,0.20679609659447412,7.400917755644734,2.1197371125318694,3.6398033917000694
District123,1975,1,3.6398033917000694,1.5985953315370391,0.20679609659447412,7.8628744027792665,1.7474582540841561,3.6398033917000694
District124,1950,0,2.439700029885439,-1.3227527106450823,0.5815894368195964,6.0163391366539125,1.6209975212138494,0.0
District124,1951,0,2.439700029885439,-1.3227527106450823,0.5815894368195964,3.8454012594600844,1.7521015727990812,0.0
District124,1952,0,2.439700029885439,-1.3227527106450823,0.5815894368195964,4.013039354035126,1.6225991105020565,0.0
District124,1953,0,2.439700029885439,-1.3227527106450823,0.5815894368195964,4.873788312348739,2.110392635664377,0.0
District124,1954,0,2.439700029885439,-1.3227527106450823,0.5815894368195964,6.222622733826516,1.5128755367860265,0.0
District124,1955,0,2.439700029885439,-1.3227527106450823,0.5815894368195964,5.059892565894412,2.166699944914028,0.0
District124,1956,0,2.439700029885439,-1.3227527106450823,0.5815894368195964,5.183952948576229,1.9337857180262021,0.0
District124,1957,0,2.439700029885439,-1.3227527106450823,0.5815894368195964,6.248664499524707,2.0317084026261543,0.0
District124,1958,0,2.439700029885439,-1.3227527106450823,0.5815894368195964,5.306046914485195,1.3954740622560908,0.0
District124,1959,0,2.439700029885439,-1.3227527106450823,0.5815894368195964,4.773270498467814,1.7490848328470865,0.0
District124,1960,0,2.439700029885439,-1.3227527106450823,0.5815894368195964,4.938983255312464,1.466269524051765,0.0
District124,1961,0,2.439700029885439,-1.3227527106450823,0.5815894368195964,6.3284127472404474,2.5650115719270934,0.0
District124,1962,1,2.439700029885439,-1.3227527106450823,0.5815894368195964,6.033356805132107,1.4998482936157793,2.439700029885439
District124,1963,1,2.439700029885439,-1.3227527106450823,0.5815894368195964,5.349267743815768,1.9691343739575597,2.439700029885439
District124,1964,1,2.439700029885439,-1.3227527106450823,0.5815894368195964,7.297442429011288,2.256907647839803,2.439700029885439
District124,1965,1,2.439700029885439,-1.3227527106450823,0.5815894368195964,6.357847720454965,1.8611805574269686,2.439700029885439
District124,1966,1,2.439700029885439,-1.3227527106450823,0.5815894368195964,5.0123327293006055,1.4640954417836227,2.439700029885439
District124,1967,1,2.439700029885439,-1.3227527106450823,0.5815894368195964,6.811034070778844,1.1768053270540495,2.439700029885439
District124,1968,1,2.439700029885439,-1.3227527106450823,0.5815894368195964,5.77960995634367,2.197046476379556,2.439700029885439
District124,1969,1,2.439700029885439,-1.3227527106450823,0.5815894368195964,6.458608049552169,1.9582424279902433,2.439700029885439
District124,1970,1,2.439700029885439,-1.3227527106450823,0.5815894368195964,6.886361944677514,2.5097726967516785,2.439700029885439
District124,1971,1,2.439700029885439,-1.3227527106450823,0.5815894368195964,6.156659451228832,2.2069587408280054,2.439700029885439
District124,1972,1,2.439700029885439,-1.3227527106450823,0.5815894368195964,7.251287165407402,1.7648257869779718,2.439700029885439
District124,1973,1,2.439700029885439,-1.3227527106450823,0.5815894368195964,5.572784330859778,1.5896593999816804,2.439700029885439
District124,1974,1,2.439700029885439,-1.3227527106450823,0.5815894368195964,5.231507746687799,2.012442171489561,2.439700029885439
District124,1975,1,2.439700029885439,-1.3227527106450823,0.5815894368195964,6.435416523866861,1.7706144698297157,2.439700029885439
District125,1950,0,5.446622164913311,-0.746777976731094,0.13535821173357307,5.0531396264185515,2.077712913227055,0.0
District125,1951,0,5.446622164913311,-0.746777976731094,0.13535821173357307,6.303443558191925,1.7479942788059841,0.0
District125,1952,0,5.446622164913311,-0.746777976731094,0.13535821173357307,4.72939984818402,1.3682026814252992,0.0
District125,1953,0,5.446622164913311,-0.746777976731094,0.13535821173357307,4.904555044288945,1.4186593678651023,0.0
District125,1954,0,5.446622164913311,-0.746777976731094,0.13535821173357307,6.695259193164221,2.037611445910115,0.0
District125,1955,0,5.446622164913311,-0.746777976731094,0.13535821173357307,3.3041077438152553,1.6242099321215808,0.0
District125,1956,0,5.446622164913311,-0.746777976731094,0.13535821173357307,6.638618508882319,1.4977959686992453,0.0
District125,1957,0,5.446622164913311,-0.746777976731094,0.13535821173357307,5.001490760716242,1.4817850969891306,0.0
District125,1958,0,5.446622164913311,-0.746777976731094,0.13535821173357307,6.838440105664659,1.5042143093400457,0.0
District125,1959,0,5.446622164913311,-0.746777976731094,0.13535821173357307,5.9384713066084425,1.8623141693526095,0.0
District125,1960,0,5.446622164913311,-0.746777976731094,0.13535821173357307,4.693988710228729,2.2730840858448698,0.0
District125,1961,0,5.446622164913311,-0.746777976731094,0.13535821173357307,4.016138115646247,1.7581207699478396,0.0
District125,1962,1,5.446622164913311,-0.746777976731094,0.13535821173357307,7.629135942858243,1.8338300851585103,5.446622164913311
District125,1963,1,5.446622164913311,-0.746777976731094,0.13535821173357307,8.152332829677032,2.2137938876949903,5.446622164913311
District125,1964,1,5.446622164913311,-0.746777976731094,0.13535821173357307,7.395353707722755,2.8763928419326854,5.446622164913311
District125,1965,1,5.446622164913311,-0.746777976731094,0.13535821173357307,9.848645306386477,1.9735410490189997,5.446622164913311
District125,1966,1,5.446622164913311,-0.746777976731094,0.13535821173357307,9.002080742676002,2.325188786476413,5.446622164913311
District125,1967,1,5.446622164913311,-0.746777976731094,0.13535821173357307,8.004913478903047,2.897850059537932,5.446622164913311
District125,1968,1,5.446622164913311,-0.746777976731094,0.13535821173357307,7.521670033493339,1.9231424848030785,5.446622164913311
District125,1969,1,5.446622164913311,-0.746777976731094,0.13535821173357307,8.392737596989212,1.1521306834818863,5.446622164913311
District125,1970,1,5.446622164913311,-0.746777976731094,0.13535821173357307,8.261371524478768,2.208671969432102,5.446622164913311
District125,1971,1,5.446622164913311,-0.746777976731094,0.13535821173357307,9.366145726975642,2.4588506445422134,5.446622164913311
District125,1972,1,5.446622164913311,-0.746777976731094,0.13535821173357307,8.868695539450476,2.1265871328454464,5.446622164913311
District125,1973,1,5.446622164913311,-0.746777976731094,0.13535821173357307,8.495327499353651,1.9729694514172444,5.446622164913311
District125,1974,1,5.446622164913311,-0.746777976731094,0.13535821173357307,8.946683265944815,1.7955692866176447,5.446622164913311
District125,1975,1,5.446622164913311,-0.746777976731094,0.13535821173357307,8.784513199611226,2.250831710296293,5.446622164913311
District126,1950,0,2.2854387694551996,-0.23111232611758004,0.03138806444399661,7.242814290889332,2.1270998741305385,0.0
District126,1951,0,2.2854387694551996,-0.23111232611758004,0.03138806444399661,5.95455034733905,2.0075069089593196,0.0
District126,1952,0,2.2854387694551996,-0.23111232611758004,0.03138806444399661,4.813446431863527,2.3983284435827716,0.0
District126,1953,0,2.2854387694551996,-0.23111232611758004,0.03138806444399661,5.782946816648163,2.274456218013928,0.0
District126,1954,0,2.2854387694551996,-0.23111232611758004,0.03138806444399661,5.243780290192142,1.6483834307076652,0.0
District126,1955,0,2.2854387694551996,-0.23111232611758004,0.03138806444399661,6.1579077802082125,0.8069647227727148,0.0
District126,1956,0,2.2854387694551996,-0.23111232611758004,0.03138806444399661,4.904306801965217,2.0254609514811968,0.0
District126,1957,0,2.2854387694551996,-0.23111232611758004,0.03138806444399661,5.2170971237873385,1.9818034967334859,0.0
District126,1958,0,2.2854387694551996,-0.23111232611758004,0.03138806444399661,5.553621018994268,1.6660387264830165,0.0
District126,1959,0,2.2854387694551996,-0.23111232611758004,0.03138806444399661,4.617075500928807,1.8443886959086513,0.0
District126,1960,0,2.2854387694551996,-0.23111232611758004,0.03138806444399661,6.427487113871472,1.40727122707667,0.0
District126,1961,0,2.2854387694551996,-0.23111232611758004,0.03138806444399661,4.170662655605708,1.3152250459075963,0.0
District126,1962,1,2.2854387694551996,-0.23111232611758004,0.03138806444399661,7.040908616060418,2.486185637279014,2.2854387694551996
District126,1963,1,2.2854387694551996,-0.23111232611758004,0.03138806444399661,6.4427285201354145,1.4232693092924138,2.2854387694551996
District126,1964,1,2.2854387694551996,-0.23111232611758004,0.03138806444399661,7.105507913059036,1.995717427866413,2.2854387694551996
District126,1965,1,2.2854387694551996,-0.23111232611758004,0.03138806444399661,5.418080150973017,1.9709537564537305,2.2854387694551996
District126,1966,1,2.2854387694551996,-0.23111232611758004,0.03138806444399661,6.586314537716287,2.319781626935481,2.2854387694551996
District126,1967,1,2.2854387694551996,-0.23111232611758004,0.03138806444399661,8.59816272786045,2.433479747918671,2.2854387694551996
District126,1968,1,2.2854387694551996,-0.23111232611758004,0.03138806444399661,6.5307269578014795,2.2920429677822947,2.2854387694551996
District126,1969,1,2.2854387694551996,-0.23111232611758004,0.03138806444399661,6.75549144090045,1.3274070390221078,2.2854387694551996
District126,1970,1,2.2854387694551996,-0.23111232611758004,0.03138806444399661,4.599900494561768,1.6539875844689087,2.2854387694551996
District126,1971,1,2.2854387694551996,-0.23111232611758004,0.03138806444399661,3.9861177308094358,1.1820687203342084,2.2854387694551996
District126,1972,1,2.2854387694551996,-0.23111232611758004,0.03138806444399661,6.3351459487446435,2.3379306194698013,2.2854387694551996
District126,1973,1,2.2854387694551996,-0.23111232611758004,0.03138806444399661,6.232955516131336,1.9247701212746726,2.2854387694551996
District126,1974,1,2.2854387694551996,-0.23111232611758004,0.03138806444399661,6.172275695702201,2.351347768276698,2.2854387694551996
District126,1975,1,2.2854387694551996,-0.23111232611758004,0.03138806444399661,5.139052651086053,1.2253439813121698,2.2854387694551996
District127,1950,0,2.4825105098305755,0.1728495355315436,0.5644231751917053,5.630029319746026,1.8609677057554592,0.0
District127,1951,0,2.4825105098305755,0.1728495355315436,0.5644231751917053,7.857636049226428,1.7123888093640773,0.0
District127,1952,0,2.4825105098305755,0.1728495355315436,0.5644231751917053,6.961584140773606,1.9125760392455384,0.0
District127,1953,0,2.4825105098305755,0.1728495355315436,0.5644231751917053,7.188247558819763,1.8523086368754993,0.0
District127,1954,0,2.4825105098305755,0.1728495355315436,0.5644231751917053,6.670390907912557,1.5623410368915298,0.0
District127,1955,0,2.4825105098305755,0.1728495355315436,0.5644231751917053,6.203693578309493,1.7287921205867565,0.0
District127,1956,0,2.4825105098305755,0.1728495355315436,0.5644231751917053,5.958371752309377,1.4527862704147936,0.0
District127,1957,0,2.4825105098305755,0.1728495355315436,0.5644231751917053,6.289649260399466,1.5629004782349376,0.0
District127,1958,0,2.4825105098305755,0.1728495355315436,0.5644231751917053,6.819787696224031,1.7302005813648025,0.0
District127,1959,0,2.4825105098305755,0.1728495355315436,0.5644231751917053,5.35594623693442,0.9683472903009046,0.0
District127,1960,0,2.4825105098305755,0.1728495355315436,0.5644231751917053,6.018229819851194,2.108549865666612,0.0
District127,1961,0,2.4825105098305755,0.1728495355315436,0.5644231751917053,7.130517367214367,1.903659659044201,0.0
District127,1962,1,2.4825105098305755,0.1728495355315436,0.5644231751917053,7.55060358674409,1.549560122061566,2.4825105098305755
District127,1963,1,2.4825105098305755,0.1728495355315436,0.5644231751917053,8.253606044173953,2.418511509487397,2.4825105098305755
District127,1964,1,2.4825105098305755,0.1728495355315436,0.5644231751917053,7.184382865574474,2.2662649377472635,2.4825105098305755
District127,1965,1,2.4825105098305755,0.1728495355315436,0.5644231751917053,7.357208761477369,1.7015913228258783,2.4825105098305755
District127,1966,1,2.4825105098305755,0.1728495355315436,0.5644231751917053,8.276128339299307,2.272993682956746,2.4825105098305755
District127,1967,1,2.4825105098305755,0.1728495355315436,0.5644231751917053,8.76135218681126,2.372675250240275,2.4825105098305755
District127,1968,1,2.4825105098305755,0.1728495355315436,0.5644231751917053,7.427127065580671,1.8321570238492981,2.4825105098305755
District127,1969,1,2.4825105098305755,0.1728495355315436,0.5644231751917053,6.306308994580716,2.490454798884784,2.4825105098305755
District127,1970,1,2.4825105098305755,0.1728495355315436,0.5644231751917053,8.474499526851844,2.201912848483512,2.4825105098305755
District127,1971,1,2.4825105098305755,0.1728495355315436,0.5644231751917053,8.926329868474253,2.7013047193644115,2.4825105098305755
District127,1972,1,2.4825105098305755,0.1728495355315436,0.5644231751917053,7.570826904868645,2.1749524445846515,2.4825105098305755
District127,1973,1,2.4825105098305755,0.1728495355315436,0.5644231751917053,7.898704240875102,1.5333157915165376,2.4825105098305755
District127,1974,1,2.4825105098305755,0.1728495355315436,0.5644231751917053,8.79099552671696,1.848631628922928,2.4825105098305755
District127,1975,1,2.4825105098305755,0.1728495355315436,0.5644231751917053,7.325838441122447,1.9392489435570546,2.4825105098305755
District128,1950,0,2.7972858897977115,-0.7503598362948308,0.5210034514782843,4.5219748373172575,1.4499427226705741,0.0
District128,1951,0,2.7972858897977115,-0.7503598362948308,0.5210034514782843,5.4004144721312235,1.8320922676595668,0.0
District128,1952,0,2.7972858897977115,-0.7503598362948308,0.5210034514782843,6.5533329525609885,1.4160453945088598,0.0
District128,1953,0,2.7972858897977115,-0.7503598362948308,0.5210034514782843,5.77007867444032,1.622959404805944,0.0
District128,1954,0,2.7972858897977115,-0.7503598362948308,0.5210034514782843,4.568769729667338,2.338309092656271,0.0
District128,1955,0,2.7972858897977115,-0.7503598362948308,0.5210034514782843,6.431127865764868,1.910325116555185,0.0
District128,1956,0,2.7972858897977115,-0.7503598362948308,0.5210034514782843,6.213231356737179,2.2735014500587964,0.0
District128,1957,0,2.7972858897977115,-0.7503598362948308,0.5210034514782843,5.3799173934420175,2.254019465588136,0.0
District128,1958,0,2.7972858897977115,-0.7503598362948308,0.5210034514782843,6.994851197524127,1.4431460475114046,0.0
District128,1959,0,2.7972858897977115,-0.7503598362948308,0.5210034514782843,6.426901861972234,2.0315259318734644,0.0
District128,1960,0,2.7972858897977115,-0.7503598362948308,0.5210034514782843,6.189402287035976,1.5769569859117754,0.0
District128,1961,0,2.7972858897977115,-0.7503598362948308,0.5210034514782843,4.325672350927638,2.369957447432877,0.0
District128,1962,1,2.7972858897977115,-0.7503598362948308,0.5210034514782843,6.804896812616009,2.3105533788645234,2.7972858897977115
District128,1963,1,2.7972858897977115,-0.7503598362948308,0.5210034514782843,7.411514257509614,1.8945048865326277,2.7972858897977115
District128,1964,1,2.7972858897977115,-0.7503598362948308,0.5210034514782843,5.979143407043408,2.033433273346178,2.7972858897977115
District128,1965,1,2.7972858897977115,-0.7503598362948308,0.5210034514782843,5.046741933467501,1.8303980236447588,2.7972858897977115
District128,1966,1,2.7972858897977115,-0.7503598362948308,0.5210034514782843,7.470338304181033,1.9954926563212911,2.7972858897977115
District128,1967,1,2.7972858897977115,-0.7503598362948308,0.5210034514782843,5.464223127218526,1.0865437141330405,2.7972858897977115
District128,1968,1,2.7972858897977115,-0.7503598362948308,0.5210034514782843,7.297917556473639,1.7729349697986323,2.7972858897977115
District128,1969,1,2.7972858897977115,-0.7503598362948308,0.5210034514782843,7.042211531387428,1.7536413290246884,2.7972858897977115
District128,1970,1,2.7972858897977115,-0.7503598362948308,0.5210034514782843,6.27000721545363,1.8433947292032886,2.7972858897977115
District128,1971,1,2.7972858897977115,-0.7503598362948308,0.5210034514782843,7.389321353253171,1.9054573866184368,2.7972858897977115
District128,1972,1,2.7972858897977115,-0.7503598362948308,0.5210034514782843,7.189106227081396,2.039159063600671,2.7972858897977115
District128,1973,1,2.7972858897977115,-0.7503598362948308,0.5210034514782843,6.908959525909709,1.885301000903696,2.7972858897977115
District128,1974,1,2.7972858897977115,-0.7503598362948308,0.5210034514782843,7.149045133308304,1.9730960829956037,2.7972858897977115
District128,1975,1,2.7972858897977115,-0.7503598362948308,0.5210034514782843,7.910619445578261,1.506715247156196,2.7972858897977115
District129,1950,0,2.3629307353047855,-0.6523571706161096,0.3129650354443825,5.289971999618765,1.6129003759598304,0.0
District129,1951,0,2.3629307353047855,-0.6523571706161096,0.3129650354443825,4.735139723877866,1.4849521468640647,0.0
District129,1952,0,2.3629307353047855,-0.6523571706161096,0.3129650354443825,5.484366991614078,1.6053643871769385,0.0
District129,1953,0,2.3629307353047855,-0.6523571706161096,0.3129650354443825,5.158383998065586,2.1360931695930607,0.0
District129,1954,0,2.3629307353047855,-0.6523571706161096,0.3129650354443825,5.651476449489906,1.3096724598593918,0.0
District129,1955,0,2.3629307353047855,-0.6523571706161096,0.3129650354443825,6.722946401374747,1.8479400973472941,0.0
District129,1956,0,2.3629307353047855,-0.6523571706161096,0.3129650354443825,5.698126958954213,1.9773684884945055,0.0
District129,1957,0,2.3629307353047855,-0.6523571706161096,0.3129650354443825,5.465928478805079,2.0925980432105047,0.0
District129,1958,0,2.3629307353047855,-0.6523571706161096,0.3129650354443825,4.678206234704855,1.852746001629503,0.0
District129,1959,0,2.3629307353047855,-0.6523571706161096,0.3129650354443825,5.130621364031744,1.5006824275512747,0.0
District129,1960,0,2.3629307353047855,-0.6523571706161096,0.3129650354443825,6.4682789411101,1.7568467341445015,0.0
District129,1961,0,2.3629307353047855,-0.6523571706161096,0.3129650354443825,5.821614103388091,1.8143045606463013,0.0
District129,1962,1,2.3629307353047855,-0.6523571706161096,0.3129650354443825,7.038716987138797,1.8982462764437866,2.3629307353047855
District129,1963,1,2.3629307353047855,-0.6523571706161096,0.3129650354443825,6.71816280995782,1.6795330723217112,2.3629307353047855
District129,1964,1,2.3629307353047855,-0.6523571706161096,0.3129650354443825,8.059633784401715,2.1753811651273365,2.3629307353047855
District129,1965,1,2.3629307353047855,-0.6523571706161096,0.3129650354443825,8.054022092958258,2.1309549259673073,2.3629307353047855
District129,1966,1,2.3629307353047855,-0.6523571706161096,0.3129650354443825,5.67890041375294,2.242083527933666,2.3629307353047855
District129,1967,1,2.3629307353047855,-0.6523571706161096,0.3129650354443825,6.877075017287992,2.4426455560281592,2.3629307353047855
District129,1968,1,2.3629307353047855,-0.6523571706161096,0.3129650354443825,7.715806492457144,1.993920041610995,2.3629307353047855
District129,1969,1,2.3629307353047855,-0.6523571706161096,0.3129650354443825,5.3996892929398355,1.7363513331775264,2.3629307353047855
District129,1970,1,2.3629307353047855,-0.6523571706161096,0.3129650354443825,7.515299594489825,1.3329113923535378,2.3629307353047855
District129,1971,1,2.3629307353047855,-0.6523571706161096,0.3129650354443825,6.988862703301962,2.3074497840671633,2.3629307353047855
District129,1972,1,2.3629307353047855,-0.6523571706161096,0.3129650354443825,5.3758203978002,1.4221875752556787,2.3629307353047855
District129,1973,1,2.3629307353047855,-0.6523571706161096,0.3129650354443825,7.091706465392743,1.4119680198469218,2.3629307353047855
District129,1974,1,2.3629307353047855,-0.6523571706161096,0.3129650354443825,5.95715587990068,2.0569376624637536,2.3629307353047855
District129,1975,1,2.3629307353047855,-0.6523571706161096,0.3129650354443825,6.957170913836273,1.8924511076990715,2.3629307353047855
District130,1950,0,3.366604151697482,-0.10322547549749102,0.5309962079824992,6.698334418213184,1.232942015433487,0.0
District130,1951,0,3.366604151697482,-0.10322547549749102,0.5309962079824992,5.889853420420649,1.6934373010158463,0.0
District130,1952,0,3.366604151697482,-0.10322547549749102,0.5309962079824992,6.205192706287666,1.6183401557004515,0.0
District130,1953,0,3.366604151697482,-0.10322547549749102,0.5309962079824992,5.255864863114665,2.53099616177213,0.0
District130,1954,0,3.366604151697482,-0.10322547549749102,0.5309962079824992,5.527739350689408,2.3025764771135275,0.0
District130,1955,0,3.366604151697482,-0.10322547549749102,0.5309962079824992,5.2152378022777715,1.5589482691883463,0.0
District130,1956,0,3.366604151697482,-0.10322547549749102,0.5309962079824992,6.313252334000817,1.7832670697761244,0.0
District130,1957,0,3.366604151697482,-0.10322547549749102,0.5309962079824992,6.940340474095899,1.8565427117071682,0.0
District130,1958,0,3.366604151697482,-0.10322547549749102,0.5309962079824992,3.795497148994363,1.5320897396768576,0.0
District130,1959,0,3.366604151697482,-0.10322547549749102,0.5309962079824992,5.885011337703406,2.1079005095201593,0.0
District130,1960,0,3.366604151697482,-0.10322547549749102,0.5309962079824992,5.0539850921376495,1.830131028042802,0.0
District130,1961,0,3.366604151697482,-0.10322547549749102,0.5309962079824992,5.988404699634591,1.6201084694401529,0.0
District130,1962,1,3.366604151697482,-0.10322547549749102,0.5309962079824992,6.784386835389811,2.700912862293314,3.366604151697482
District130,1963,1,3.366604151697482,-0.10322547549749102,0.5309962079824992,7.607934085454093,2.255967456257829,3.366604151697482
District130,1964,1,3.366604151697482,-0.10322547549749102,0.5309962079824992,7.941020455500238,1.890928256563449,3.366604151697482
District130,1965,1,3.366604151697482,-0.10322547549749102,0.5309962079824992,8.109633592557163,1.5529101022329996,3.366604151697482
District130,1966,1,3.366604151697482,-0.10322547549749102,0.5309962079824992,7.575986076988793,2.5739506537163055,3.366604151697482
District130,1967,1,3.366604151697482,-0.10322547549749102,0.5309962079824992,5.927305730633125,1.8880644858536462,3.366604151697482
District130,1968,1,3.366604151697482,-0.10322547549749102,0.5309962079824992,8.077867508466463,1.4854258974504444,3.366604151697482
District130,1969,1,3.366604151697482,-0.10322547549749102,0.5309962079824992,7.487931994771526,2.3534386239710745,3.366604151697482
District130,1970,1,3.366604151697482,-0.10322547549749102,0.5309962079824992,8.083801979825202,2.163940204022452,3.366604151697482
District130,1971,1,3.366604151697482,-0.10322547549749102,0.5309962079824992,7.778198509819589,1.6614785688093416,3.366604151697482
District130,1972,1,3.366604151697482,-0.10322547549749102,0.5309962079824992,6.0209061378955955,1.6534048673639359,3.366604151697482
District130,1973,1,3.366604151697482,-0.10322547549749102,0.5309962079824992,7.7327751823555175,2.1219435146920755,3.366604151697482
District130,1974,1,3.366604151697482,-0.10322547549749102,0.5309962079824992,7.106673713887721,2.228851655838929,3.366604151697482
District130,1975,1,3.366604151697482,-0.10322547549749102,0.5309962079824992,7.71559884376633,2.134181268699767,3.366604151697482
District131,1950,0,2.3801340818921592,-1.0600065925714794,0.3272483418815797,6.208800248740692,1.4335660143293851,0.0
District131,1951,0,2.3801340818921592,-1.0600065925714794,0.3272483418815797,4.925342728451459,1.737264304426236,0.0
District131,1952,0,2.3801340818921592,-1.0600065925714794,0.3272483418815797,4.99609412532669,1.7441905542513987,0.0
District131,1953,0,2.3801340818921592,-1.0600065925714794,0.3272483418815797,4.773743838454806,2.2531410187235688,0.0
District131,1954,0,2.3801340818921592,-1.0600065925714794,0.3272483418815797,5.3091699872161024,2.510979279353893,0.0
District131,1955,0,2.3801340818921592,-1.0600065925714794,0.3272483418815797,4.807661763580811,1.8715032617310792,0.0
District131,1956,0,2.3801340818921592,-1.0600065925714794,0.3272483418815797,5.5860567654724775,1.644624938565309,0.0
District131,1957,0,2.3801340818921592,-1.0600065925714794,0.3272483418815797,6.6841512308005,1.8342546743549535,0.0
District131,1958,0,2.3801340818921592,-1.0600065925714794,0.3272483418815797,5.340698707600702,1.6971897186067924,0.0
District131,1959,0,2.3801340818921592,-1.0600065925714794,0.3272483418815797,6.036471361606621,2.0273994784020015,0.0
District131,1960,0,2.3801340818921592,-1.0600065925714794,0.3272483418815797,6.704306114265716,1.4649970584232281,0.0
District131,1961,0,2.3801340818921592,-1.0600065925714794,0.3272483418815797,5.651512713853524,1.4431480903569396,0.0
District131,1962,1,2.3801340818921592,-1.0600065925714794,0.3272483418815797,8.4138408938231,2.1174500707150856,2.3801340818921592
District131,1963,1,2.3801340818921592,-1.0600065925714794,0.3272483418815797,7.592020128480534,2.260234592669663,2.3801340818921592
District131,1964,1,2.3801340818921592,-1.0600065925714794,0.3272483418815797,6.860806723823517,2.3202556261367264,2.3801340818921592
District131,1965,1,2.3801340818921592,-1.0600065925714794,0.3272483418815797,7.359234405688242,1.6330945841060323,2.3801340818921592
District131,1966,1,2.3801340818921592,-1.0600065925714794,0.3272483418815797,5.0654798054617345,1.645853445635614,2.3801340818921592
District131,1967,1,2.3801340818921592,-1.0600065925714794,0.3272483418815797,8.109876345621768,1.7759524085623786,2.3801340818921592
District131,1968,1,2.3801340818921592,-1.0600065925714794,0.3272483418815797,6.16302577237152,2.1642172937989548,2.3801340818921592
District131,1969,1,2.3801340818921592,-1.0600065925714794,0.3272483418815797,5.0562831485170125,1.6277088058379108,2.3801340818921592
District131,1970,1,2.3801340818921592,-1.0600065925714794,0.3272483418815797,5.474606344097912,1.5118804417274454,2.3801340818921592
District131,1971,1,2.3801340818921592,-1.0600065925714794,0.3272483418815797,6.87830416985741,1.8238795167489081,2.3801340818921592
District131,1972,1,2.3801340818921592,-1.0600065925714794,0.3272483418815797,5.7133979724217605,2.1920425395804686,2.3801340818921592
District131,1973,1,2.3801340818921592,-1.0600065925714794,0.3272483418815797,5.6378987098366515,1.0839235909671912,2.3801340818921592
District131,1974,1,2.3801340818921592,-1.0600065925714794,0.3272483418815797,7.855003730531408,1.9720636029756948,2.3801340818921592
District131,1975,1,2.3801340818921592,-1.0600065925714794,0.3272483418815797,6.690539931306629,1.515068821950991,2.3801340818921592
District132,1950,0,4.2515316296216525,0.48345342998157464,0.15515743412487018,6.9950613642096995,1.481427029594199,0.0
District132,1951,0,4.2515316296216525,0.48345342998157464,0.15515743412487018,7.436961535736296,2.1212752355560376,0.0
District132,1952,0,4.2515316296216525,0.48345342998157464,0.15515743412487018,5.614451597222473,2.5105779083453066,0.0
District132,1953,0,4.2515316296216525,0.48345342998157464,0.15515743412487018,4.893266069027659,1.8832209851430628,0.0
District132,1954,0,4.2515316296216525,0.48345342998157464,0.15515743412487018,4.92973924500177,1.8643039729118533,0.0
District132,1955,0,4.2515316296216525,0.48345342998157464,0.15515743412487018,5.493239626714246,1.5579370253796334,0.0
District132,1956,0,4.2515316296216525,0.48345342998157464,0.15515743412487018,7.313999698872381,1.9831617114183413,0.0
District132,1957,0,4.2515316296216525,0.48345342998157464,0.15515743412487018,4.95818264918417,2.0891545375239615,0.0
District132,1958,0,4.2515316296216525,0.48345342998157464,0.15515743412487018,7.2333650276698975,1.9997567700334062,0.0
District132,1959,0,4.2515316296216525,0.48345342998157464,0.15515743412487018,5.175853613590034,1.5714481110151919,0.0
District132,1960,0,4.2515316296216525,0.48345342998157464,0.15515743412487018,5.751759179654937,1.8229268976966155,0.0
District132,1961,0,4.2515316296216525,0.48345342998157464,0.15515743412487018,5.818081580792169,1.9882167775925854,0.0
District132,1962,1,4.2515316296216525,0.48345342998157464,0.15515743412487018,8.018260257642885,2.184905062125739,4.2515316296216525
District132,1963,1,4.2515316296216525,0.48345342998157464,0.15515743412487018,8.619261081839749,1.8475085052470117,4.2515316296216525
District132,1964,1,4.2515316296216525,0.48345342998157464,0.15515743412487018,8.079138658267043,2.279516092701914,4.2515316296216525
District132,1965,1,4.2515316296216525,0.48345342998157464,0.15515743412487018,8.354779881672549,2.239198672551328,4.2515316296216525
District132,1966,1,4.2515316296216525,0.48345342998157464,0.15515743412487018,8.702820667730995,1.9870791738006301,4.2515316296216525
District132,1967,1,4.2515316296216525,0.48345342998157464,0.15515743412487018,7.632466082653194,1.992087731921432,4.2515316296216525
District132,1968,1,4.2515316296216525,0.48345342998157464,0.15515743412487018,9.139683999955624,2.1917049059218523,4.2515316296216525
District132,1969,1,4.2515316296216525,0.48345342998157464,0.15515743412487018,8.712296573442622,1.6722987868576862,4.2515316296216525
District132,1970,1,4.2515316296216525,0.48345342998157464,0.15515743412487018,7.7124599424435925,2.1496728356187926,4.2515316296216525
District132,1971,1,4.2515316296216525,0.48345342998157464,0.15515743412487018,8.697025460060479,2.5440863424157274,4.2515316296216525
District132,1972,1,4.2515316296216525,0.48345342998157464,0.15515743412487018,7.999587331243678,1.7617138460262856,4.2515316296216525
District132,1973,1,4.2515316296216525,0.48345342998157464,0.15515743412487018,9.771946179283798,2.491738193946205,4.2515316296216525
District132,1974,1,4.2515316296216525,0.48345342998157464,0.15515743412487018,9.847554722548077,2.5922611583085815,4.2515316296216525
District132,1975,1,4.2515316296216525,0.48345342998157464,0.15515743412487018,8.175865043129981,2.1843513077347434,4.2515316296216525
District133,1950,0,1.9455876877213207,-1.1914458947038724,0.20667753550931323,6.239605866270594,1.7739888722146255,0.0
District133,1951,0,1.9455876877213207,-1.1914458947038724,0.20667753550931323,4.821771721330757,1.9426624504215435,0.0
District133,1952,0,1.9455876877213207,-1.1914458947038724,0.20667753550931323,5.840508631189584,1.012259872762288,0.0
District133,1953,0,1.9455876877213207,-1.1914458947038724,0.20667753550931323,4.5925115036008455,1.6334180133418494,0.0
District133,1954,0,1.9455876877213207,-1.1914458947038724,0.20667753550931323,5.145482672957015,1.0680824378540894,0.0
District133,1955,0,1.9455876877213207,-1.1914458947038724,0.20667753550931323,4.996355023460036,2.3211957621995043,0.0
District133,1956,0,1.9455876877213207,-1.1914458947038724,0.20667753550931323,6.040724822895398,1.5762588177980605,0.0
District133,1957,0,1.9455876877213207,-1.1914458947038724,0.20667753550931323,4.700065717098524,1.5452210764358334,0.0
District133,1958,0,1.9455876877213207,-1.1914458947038724,0.20667753550931323,3.6682100041312644,1.5849288094916192,0.0
District133,1959,0,1.9455876877213207,-1.1914458947038724,0.20667753550931323,4.309619659872206,1.669572126112356,0.0
District133,1960,0,1.9455876877213207,-1.1914458947038724,0.20667753550931323,4.688264233062135,1.8995276079382175,0.0
District133,1961,0,1.9455876877213207,-1.1914458947038724,0.20667753550931323,4.077569291585944,1.1440213973786222,0.0
District133,1962,1,1.9455876877213207,-1.1914458947038724,0.20667753550931323,4.928481239033239,2.3312611710845657,1.9455876877213207
District133,1963,1,1.9455876877213207,-1.1914458947038724,0.20667753550931323,6.353731651548791,2.522873520047164,1.9455876877213207
District133,1964,1,1.9455876877213207,-1.1914458947038724,0.20667753550931323,5.260934649590451,2.096762838440311,1.9455876877213207
District133,1965,1,1.9455876877213207,-1.1914458947038724,0.20667753550931323,4.487816390124614,1.9812078339051888,1.9455876877213207
District133,1966,1,1.9455876877213207,-1.1914458947038724,0.20667753550931323,6.780816732635284,1.6255203042347914,1.9455876877213207
District133,1967,1,1.9455876877213207,-1.1914458947038724,0.20667753550931323,5.879473099305092,2.0311827310209454,1.9455876877213207
District133,1968,1,1.9455876877213207,-1.1914458947038724,0.20667753550931323,6.210456278010184,2.521824520153543,1.9455876877213207
District133,1969,1,1.9455876877213207,-1.1914458947038724,0.20667753550931323,5.994482157489938,2.525136243858486,1.9455876877213207
District133,1970,1,1.9455876877213207,-1.1914458947038724,0.20667753550931323,6.347664735183805,1.8608608874304255,1.9455876877213207
District133,1971,1,1.9455876877213207,-1.1914458947038724,0.20667753550931323,6.200520351590266,2.8808711506056173,1.9455876877213207
District133,1972,1,1.9455876877213207,-1.1914458947038724,0.20667753550931323,5.440819621957955,2.067065684950723,1.9455876877213207
District133,1973,1,1.9455876877213207,-1.1914458947038724,0.20667753550931323,6.035106648494941,1.5437815789153337,1.9455876877213207
District133,1974,1,1.9455876877213207,-1.1914458947038724,0.20667753550931323,5.624377193682343,2.3572073364267507,1.9455876877213207
District133,1975,1,1.9455876877213207,-1.1914458947038724,0.20667753550931323,6.517895764084243,2.0643690981654084,1.9455876877213207
District134,1950,0,4.272304056703313,0.027129816575810057,0.4956792174728408,5.33071655946545,1.0957265638430984,0.0
District134,1951,0,4.272304056703313,0.027129816575810057,0.4956792174728408,5.690461598851478,2.1824884707443566,0.0
District134,1952,0,4.272304056703313,0.027129816575810057,0.4956792174728408,7.463767256853297,2.4433172009611726,0.0
District134,1953,0,4.272304056703313,0.027129816575810057,0.4956792174728408,6.3489540335224035,2.2321959885354072,0.0
District134,1954,0,4.272304056703313,0.027129816575810057,0.4956792174728408,5.254704644489123,2.1612324495491575,0.0
District134,1955,0,4.272304056703313,0.027129816575810057,0.4956792174728408,7.153269187951539,2.2564764318796287,0.0
District134,1956,0,4.272304056703313,0.027129816575810057,0.4956792174728408,6.17891479066368,2.2605311759759497,0.0
District134,1957,0,4.272304056703313,0.027129816575810057,0.4956792174728408,4.440422100831981,1.664263627681381,0.0
District134,1958,0,4.272304056703313,0.027129816575810057,0.4956792174728408,6.288014313583322,1.0302379892516107,0.0
District134,1959,0,4.272304056703313,0.027129816575810057,0.4956792174728408,6.465468102856251,1.55084568345539,0.0
District134,1960,0,4.272304056703313,0.027129816575810057,0.4956792174728408,6.47051666217732,1.2942144811167504,0.0
District134,1961,0,4.272304056703313,0.027129816575810057,0.4956792174728408,6.693805580172904,2.047636470355185,0.0
District134,1962,1,4.272304056703313,0.027129816575810057,0.4956792174728408,8.291220115814738,1.909144449734392,4.272304056703313
District134,1963,1,4.272304056703313,0.027129816575810057,0.4956792174728408,8.028270727269412,2.782682144755603,4.272304056703313
District134,1964,1,4.272304056703313,0.027129816575810057,0.4956792174728408,8.397608953695062,2.2307900208215172,4.272304056703313
District134,1965,1,4.272304056703313,0.027129816575810057,0.4956792174728408,8.823400985325724,1.9083985781161172,4.272304056703313
District134,1966,1,4.272304056703313,0.027129816575810057,0.4956792174728408,9.095030447616574,1.7755087321191576,4.272304056703313
District134,1967,1,4.272304056703313,0.027129816575810057,0.4956792174728408,8.288006642239411,1.714721968805794,4.272304056703313
District134,1968,1,4.272304056703313,0.027129816575810057,0.4956792174728408,7.447289767848815,1.9272760060948309,4.272304056703313
District134,1969,1,4.272304056703313,0.027129816575810057,0.4956792174728408,8.93990368377293,1.771055799244217,4.272304056703313
District134,1970,1,4.272304056703313,0.027129816575810057,0.4956792174728408,9.561574621536446,2.358755474703726,4.272304056703313
District134,1971,1,4.272304056703313,0.027129816575810057,0.4956792174728408,8.138541888730956,2.250214796344196,4.272304056703313
District134,1972,1,4.272304056703313,0.027129816575810057,0.4956792174728408,9.34222856696954,2.02875740134492,4.272304056703313
District134,1973,1,4.272304056703313,0.027129816575810057,0.4956792174728408,7.539250934828221,2.141691046012027,4.272304056703313
District134,1974,1,4.272304056703313,0.027129816575810057,0.4956792174728408,7.633816328856091,1.7516906016829297,4.272304056703313
District134,1975,1,4.272304056703313,0.027129816575810057,0.4956792174728408,7.482148037477384,1.8403892649595,4.272304056703313
District135,1950,0,3.879300581077677,0.08470295303022589,0.3585749957098402,5.77652538142735,2.1832400411742694,0.0
District135,1951,0,3.879300581077677,0.08470295303022589,0.3585749957098402,7.036379734079344,2.4546680872394697,0.0
District135,1952,0,3.879300581077677,0.08470295303022589,0.3585749957098402,8.031223116416767,2.0424066841241477,0.0
District135,1953,0,3.879300581077677,0.08470295303022589,0.3585749957098402,6.129507623090647,1.5378238366686792,0.0
District135,1954,0,3.879300581077677,0.08470295303022589,0.3585749957098402,5.489968211059216,1.6691065696120668,0.0
District135,1955,0,3.879300581077677,0.08470295303022589,0.3585749957098402,6.041185238795788,1.7431443633206491,0.0
District135,1956,0,3.879300581077677,0.08470295303022589,0.3585749957098402,7.593900084610783,1.3904442131029533,0.0
District135,1957,0,3.879300581077677,0.08470295303022589,0.3585749957098402,5.152726109944442,1.7228286528602696,0.0
District135,1958,0,3.879300581077677,0.08470295303022589,0.3585749957098402,7.04439519073384,1.918780259290122,0.0
District135,1959,0,3.879300581077677,0.08470295303022589,0.3585749957098402,5.370798447367623,2.3687799929921165,0.0
District135,1960,0,3.879300581077677,0.08470295303022589,0.3585749957098402,7.084681438530574,1.7776768418447264,0.0
District135,1961,0,3.879300581077677,0.08470295303022589,0.3585749957098402,6.621741294417222,2.027692717971528,0.0
District135,1962,1,3.879300581077677,0.08470295303022589,0.3585749957098402,7.593957079559089,2.214011264319774,3.879300581077677
District135,1963,1,3.879300581077677,0.08470295303022589,0.3585749957098402,7.582489170979866,2.607471456241521,3.879300581077677
District135,1964,1,3.879300581077677,0.08470295303022589,0.3585749957098402,8.518574399201114,2.394310279414249,3.879300581077677
District135,1965,1,3.879300581077677,0.08470295303022589,0.3585749957098402,7.609240944668321,2.1672379807137165,3.879300581077677
District135,1966,1,3.879300581077677,0.08470295303022589,0.3585749957098402,8.47734228262371,1.3743804468422716,3.879300581077677
District135,1967,1,3.879300581077677,0.08470295303022589,0.3585749957098402,6.4924543281589475,2.3945618432646327,3.879300581077677
District135,1968,1,3.879300581077677,0.08470295303022589,0.3585749957098402,7.786632040170195,1.3702934712153367,3.879300581077677
District135,1969,1,3.879300581077677,0.08470295303022589,0.3585749957098402,7.559213134274086,1.896314949016571,3.879300581077677
District135,1970,1,3.879300581077677,0.08470295303022589,0.3585749957098402,8.166601562541283,1.8737299375781131,3.879300581077677
District135,1971,1,3.879300581077677,0.08470295303022589,0.3585749957098402,7.831993206489076,2.2379102008348437,3.879300581077677
District135,1972,1,3.879300581077677,0.08470295303022589,0.3585749957098402,8.301985209819536,1.907065354355087,3.879300581077677
District135,1973,1,3.879300581077677,0.08470295303022589,0.3585749957098402,7.837237948250369,2.8112492545038528,3.879300581077677
District135,1974,1,3.879300581077677,0.08470295303022589,0.3585749957098402,6.467906203129958,2.0500339542028914,3.879300581077677
District135,1975,1,3.879300581077677,0.08470295303022589,0.3585749957098402,8.194669091585283,2.3214553145883543,3.879300581077677
District136,1950,0,2.544701137079597,0.9131132091005992,0.29246200614858076,5.222110235417384,1.7417455782053737,0.0
District136,1951,0,2.544701137079597,0.9131132091005992,0.29246200614858076,6.326090785852499,1.6704956157312907,0.0
District136,1952,0,2.544701137079597,0.9131132091005992,0.29246200614858076,6.9134801374066654,1.9391127869757814,0.0
District136,1953,0,2.544701137079597,0.9131132091005992,0.29246200614858076,6.553061780942743,1.7944715819197896,0.0
District136,1954,0,2.544701137079597,0.9131132091005992,0.29246200614858076,6.049973603764009,1.94963399614715,0.0
District136,1955,0,2.544701137079597,0.9131132091005992,0.29246200614858076,7.251765302316519,2.1549015055180254,0.0
District136,1956,0,2.544701137079597,0.9131132091005992,0.29246200614858076,5.946070991805482,2.0292565956448434,0.0
District136,1957,0,2.544701137079597,0.9131132091005992,0.29246200614858076,7.012165366841022,2.3189487911244124,0.0
District136,1958,0,2.544701137079597,0.9131132091005992,0.29246200614858076,7.177756196950341,2.1004538887323227,0.0
District136,1959,0,2.544701137079597,0.9131132091005992,0.29246200614858076,6.368651625215863,2.144227002354997,0.0
District136,1960,0,2.544701137079597,0.9131132091005992,0.29246200614858076,8.041773962836022,2.538720799761829,0.0
District136,1961,0,2.544701137079597,0.9131132091005992,0.29246200614858076,6.3443723753736565,2.317045173324977,0.0
District136,1962,1,2.544701137079597,0.9131132091005992,0.29246200614858076,6.766630660242404,1.8433853210512934,2.544701137079597
District136,1963,1,2.544701137079597,0.9131132091005992,0.29246200614858076,7.605242140298385,1.9528879728594515,2.544701137079597
District136,1964,1,2.544701137079597,0.9131132091005992,0.29246200614858076,9.437974285797551,2.7100024371816755,2.544701137079597
District136,1965,1,2.544701137079597,0.9131132091005992,0.29246200614858076,7.3271283442747555,1.8357285657680262,2.544701137079597
District136,1966,1,2.544701137079597,0.9131132091005992,0.29246200614858076,7.833349474550088,2.6041434472535268,2.544701137079597
District136,1967,1,2.544701137079597,0.9131132091005992,0.29246200614858076,6.347503878047938,2.6863103349440958,2.544701137079597
District136,1968,1,2.544701137079597,0.9131132091005992,0.29246200614858076,8.48896874091491,2.7844914859251855,2.544701137079597
District136,1969,1,2.544701137079597,0.9131132091005992,0.29246200614858076,8.40835350092254,1.843026510075885,2.544701137079597
District136,1970,1,2.544701137079597,0.9131132091005992,0.29246200614858076,7.532843557047205,2.155132996578876,2.544701137079597
District136,1971,1,2.544701137079597,0.9131132091005992,0.29246200614858076,8.502765790542083,2.0170691702981745,2.544701137079597
District136,1972,1,2.544701137079597,0.9131132091005992,0.29246200614858076,8.002070463588876,1.698366693140961,2.544701137079597
District136,1973,1,2.544701137079597,0.9131132091005992,0.29246200614858076,6.251623564596107,1.9355310702463748,2.544701137079597
District136,1974,1,2.544701137079597,0.9131132091005992,0.29246200614858076,8.435439543394178,2.5758632923398084,2.544701137079597
District136,1975,1,2.544701137079597,0.9131132091005992,0.29246200614858076,9.819534965678477,2.5397549530168746,2.544701137079597
District137,1950,0,2.2458828346808564,-0.24389761705698276,0.12802926753167185,4.917686779424356,1.1141811588754158,0.0
District137,1951,0,2.2458828346808564,-0.24389761705698276,0.12802926753167185,6.508790678766969,1.186045492117467,0.0
District137,1952,0,2.2458828346808564,-0.24389761705698276,0.12802926753167185,6.016846531327159,1.3830922719495427,0.0
District137,1953,0,2.2458828346808564,-0.24389761705698276,0.12802926753167185,4.600567857155922,1.387533898890214,0.0
District137,1954,0,2.2458828346808564,-0.24389761705698276,0.12802926753167185,5.438712264892707,2.0590179675119504,0.0
District137,1955,0,2.2458828346808564,-0.24389761705698276,0.12802926753167185,6.484967358775177,2.235829991475635,0.0
District137,1956,0,2.2458828346808564,-0.24389761705698276,0.12802926753167185,6.628851670355905,1.557911594965739,0.0
District137,1957,0,2.2458828346808564,-0.24389761705698276,0.12802926753167185,5.682759429070238,1.9631822158443273,0.0
District137,1958,0,2.2458828346808564,-0.24389761705698276,0.12802926753167185,5.008182817829727,1.3879510889569138,0.0
District137,1959,0,2.2458828346808564,-0.24389761705698276,0.12802926753167185,5.335390380386363,1.68509944688863,0.0
District137,1960,0,2.2458828346808564,-0.24389761705698276,0.12802926753167185,5.51134146973438,1.7868427543227936,0.0
District137,1961,0,2.2458828346808564,-0.24389761705698276,0.12802926753167185,5.975926299294734,1.7489671754071956,0.0
District137,1962,1,2.2458828346808564,-0.24389761705698276,0.12802926753167185,8.241204268576316,1.907254473319257,2.2458828346808564
District137,1963,1,2.2458828346808564,-0.24389761705698276,0.12802926753167185,6.954463063172048,2.2474272158274973,2.2458828346808564
District137,1964,1,2.2458828346808564,-0.24389761705698276,0.12802926753167185,6.566850389209586,2.30297497325485,2.2458828346808564
District137,1965,1,2.2458828346808564,-0.24389761705698276,0.12802926753167185,7.461529368261404,1.7351028137043008,2.2458828346808564
District137,1966,1,2.2458828346808564,-0.24389761705698276,0.12802926753167185,6.604991266592862,2.183389795264156,2.2458828346808564
District137,1967,1,2.2458828346808564,-0.24389761705698276,0.12802926753167185,8.202706287565324,2.146179544625256,2.2458828346808564
District137,1968,1,2.2458828346808564,-0.24389761705698276,0.12802926753167185,6.284882826686337,1.8193343776981639,2.2458828346808564
District137,1969,1,2.2458828346808564,-0.24389761705698276,0.12802926753167185,6.438929237533802,1.808857262461619,2.2458828346808564
District137,1970,1,2.2458828346808564,-0.24389761705698276,0.12802926753167185,6.207459032974137,1.6248668466280638,2.2458828346808564
District137,1971,1,2.2458828346808564,-0.24389761705698276,0.12802926753167185,6.86426577182103,1.9038526992763445,2.2458828346808564
District137,1972,1,2.2458828346808564,-0.24389761705698276,0.12802926753167185,6.445682741827838,1.529229050397118,2.2458828346808564
District137,1973,1,2.2458828346808564,-0.24389761705698276,0.12802926753167185,7.003982472971346,2.056779420624524,2.2458828346808564
District137,1974,1,2.2458828346808564,-0.24389761705698276,0.12802926753167185,7.632272475757106,2.6864826674008944,2.2458828346808564
District137,1975,1,2.2458828346808564,-0.24389761705698276,0.12802926753167185,5.286606811285465,1.7276931986242277,2.2458828346808564
District138,1950,0,6.216056552659358,0.607201284824312,0.5195894941836858,5.563711539423581,1.8197946940797136,0.0
District138,1951,0,6.216056552659358,0.607201284824312,0.5195894941836858,6.754401597759255,1.5452561879169497,0.0
District138,1952,0,6.216056552659358,0.607201284824312,0.5195894941836858,6.75933626104824,2.119090719340934,0.0
District138,1953,0,6.216056552659358,0.607201284824312,0.5195894941836858,4.785581998223061,1.7587003900438605,0.0
District138,1954,0,6.216056552659358,0.607201284824312,0.5195894941836858,6.237841670952727,2.044338795470773,0.0
District138,1955,0,6.216056552659358,0.607201284824312,0.5195894941836858,7.648742782925304,1.8904539681393329,0.0
District138,1956,0,6.216056552659358,0.607201284824312,0.5195894941836858,5.797722579921,1.390360541290424,0.0
District138,1957,0,6.216056552659358,0.607201284824312,0.5195894941836858,6.639861776762724,2.0973546456145136,0.0
District138,1958,0,6.216056552659358,0.607201284824312,0.5195894941836858,5.9840269064310325,2.057955853029276,0.0
District138,1959,0,6.216056552659358,0.607201284824312,0.5195894941836858,6.228899289603836,1.8563950220503933,0.0
District138,1960,0,6.216056552659358,0.607201284824312,0.5195894941836858,6.544260827629643,1.2416951039218227,0.0
District138,1961,0,6.216056552659358,0.607201284824312,0.5195894941836858,6.400458915075859,1.7740402407639486,0.0
District138,1962,1,6.216056552659358,0.607201284824312,0.5195894941836858,10.441937150745265,2.535934053423011,6.216056552659358
District138,1963,1,6.216056552659358,0.607201284824312,0.5195894941836858,8.29693510719466,2.0985361097066213,6.216056552659358
District138,1964,1,6.216056552659358,0.607201284824312,0.5195894941836858,8.874599533410747,2.1430735517718333,6.216056552659358
District138,1965,1,6.216056552659358,0.607201284824312,0.5195894941836858,10.055778624793636,1.837671194102718,6.216056552659358
District138,1966,1,6.216056552659358,0.607201284824312,0.5195894941836858,9.946819750359872,1.9840664044058658,6.216056552659358
District138,1967,1,6.216056552659358,0.607201284824312,0.5195894941836858,9.88246199269192,1.2549530449703066,6.216056552659358
District138,1968,1,6.216056552659358,0.607201284824312,0.5195894941836858,9.374696898740066,2.1700759771787466,6.216056552659358
District138,1969,1,6.216056552659358,0.607201284824312,0.5195894941836858,9.891009029708389,2.675426700877746,6.216056552659358
District138,1970,1,6.216056552659358,0.607201284824312,0.5195894941836858,11.321068523176372,3.154506278009729,6.216056552659358
District138,1971,1,6.216056552659358,0.607201284824312,0.5195894941836858,9.41251569591143,2.466108358388854,6.216056552659358
District138,1972,1,6.216056552659358,0.607201284824312,0.5195894941836858,9.181392692045447,2.2875188629828265,6.216056552659358
District138,1973,1,6.216056552659358,0.607201284824312,0.5195894941836858,10.224332771955266,2.8154312904889602,6.216056552659358
District138,1974,1,6.216056552659358,0.607201284824312,0.5195894941836858,10.413590828786306,2.5285838634617663,6.216056552659358
District138,1975,1,6.216056552659358,0.607201284824312,0.5195894941836858,10.048030122977346,2.582123419685532,6.216056552659358
District139,1950,0,4.0786898958265985,-0.5362075978573723,0.36846677715801823,6.501133012940822,2.2874383834227348,0.0
District139,1951,0,4.0786898958265985,-0.5362075978573723,0.36846677715801823,4.13676853594751,1.7389930404925669,0.0
District139,1952,0,4.0786898958265985,-0.5362075978573723,0.36846677715801823,6.063807400797089,1.7514165997712783,0.0
District139,1953,0,4.0786898958265985,-0.5362075978573723,0.36846677715801823,5.07954346831603,2.093181357929171,0.0
District139,1954,0,4.0786898958265985,-0.5362075978573723,0.36846677715801823,5.80757174407147,1.998161708626536,0.0
District139,1955,0,4.0786898958265985,-0.5362075978573723,0.36846677715801823,5.092658967984485,2.0279695419934076,0.0
District139,1956,0,4.0786898958265985,-0.5362075978573723,0.36846677715801823,5.333126228915611,1.475416975766562,0.0
District139,1957,0,4.0786898958265985,-0.5362075978573723,0.36846677715801823,6.102516758467934,2.468853499908959,0.0
District139,1958,0,4.0786898958265985,-0.5362075978573723,0.36846677715801823,5.860290902427945,1.736268751364741,0.0
District139,1959,0,4.0786898958265985,-0.5362075978573723,0.36846677715801823,5.126255221990531,0.9965543444696386,0.0
District139,1960,0,4.0786898958265985,-0.5362075978573723,0.36846677715801823,4.959794963438931,1.741072504363667,0.0
District139,1961,0,4.0786898958265985,-0.5362075978573723,0.36846677715801823,4.855833029153506,1.8103039158283063,0.0
District139,1962,1,4.0786898958265985,-0.5362075978573723,0.36846677715801823,7.909690329320726,2.366247798061966,4.0786898958265985
District139,1963,1,4.0786898958265985,-0.5362075978573723,0.36846677715801823,8.639007060920893,1.8496523725867924,4.0786898958265985
District139,1964,1,4.0786898958265985,-0.5362075978573723,0.36846677715801823,8.292931954944354,1.7726171159404331,4.0786898958265985
District139,1965,1,4.0786898958265985,-0.5362075978573723,0.36846677715801823,7.985782846842051,2.1973462133613255,4.0786898958265985
District139,1966,1,4.0786898958265985,-0.5362075978573723,0.36846677715801823,8.803220740933236,2.3327916904802275,4.0786898958265985
District139,1967,1,4.0786898958265985,-0.5362075978573723,0.36846677715801823,6.338338432922712,2.382641313398097,4.0786898958265985
District139,1968,1,4.0786898958265985,-0.5362075978573723,0.36846677715801823,7.137452990204035,2.5345897468764274,4.0786898958265985
District139,1969,1,4.0786898958265985,-0.5362075978573723,0.36846677715801823,7.988104983210132,2.027423205744386,4.0786898958265985
District139,1970,1,4.0786898958265985,-0.5362075978573723,0.36846677715801823,6.942761554068012,1.8163508690726573,4.0786898958265985
District139,1971,1,4.0786898958265985,-0.5362075978573723,0.36846677715801823,8.127715536355712,2.020370670180158,4.0786898958265985
District139,1972,1,4.0786898958265985,-0.5362075978573723,0.36846677715801823,8.03285130670033,1.919633894030847,4.0786898958265985
District139,1973,1,4.0786898958265985,-0.5362075978573723,0.36846677715801823,7.415905614785575,2.390732742558753,4.0786898958265985
District139,1974,1,4.0786898958265985,-0.5362075978573723,0.36846677715801823,7.065089308810137,1.5537807294751933,4.0786898958265985
District139,1975,1,4.0786898958265985,-0.5362075978573723,0.36846677715801823,8.444952075394443,2.099640089680114,4.0786898958265985
District140,1950,0,2.11982640146513,0.355367292119847,0.19883259397367625,5.918764481360006,1.9088075952912003,0.0
District140,1951,0,2.11982640146513,0.355367292119847,0.19883259397367625,5.501976857521597,1.3197562754620291,0.0
District140,1952,0,2.11982640146513,0.355367292119847,0.19883259397367625,5.731894138093197,1.096575402117245,0.0
District140,1953,0,2.11982640146513,0.355367292119847,0.19883259397367625,6.115954779351346,2.2939096957574403,0.0
District140,1954,0,2.11982640146513,0.355367292119847,0.19883259397367625,5.808319275889593,1.6171839379164572,0.0
District140,1955,0,2.11982640146513,0.355367292119847,0.19883259397367625,4.640823001855367,1.635084497105851,0.0
District140,1956,0,2.11982640146513,0.355367292119847,0.19883259397367625,6.027047025778685,1.3187345159905433,0.0
District140,1957,0,2.11982640146513,0.355367292119847,0.19883259397367625,5.7748355534901075,1.5857557410737577,0.0
District140,1958,0,2.11982640146513,0.355367292119847,0.19883259397367625,6.2931254841844435,2.5256204774164255,0.0
District140,1959,0,2.11982640146513,0.355367292119847,0.19883259397367625,7.046703411917144,1.3934735930391569,0.0
District140,1960,0,2.11982640146513,0.355367292119847,0.19883259397367625,5.107282101453804,1.3833400817992574,0.0
District140,1961,0,2.11982640146513,0.355367292119847,0.19883259397367625,4.4246833855318926,1.8035594547345268,0.0
District140,1962,1,2.11982640146513,0.355367292119847,0.19883259397367625,7.244603176525501,2.267211636259454,2.11982640146513
District140,1963,1,2.11982640146513,0.355367292119847,0.19883259397367625,7.116669852630914,1.962365064385106,2.11982640146513
District140,1964,1,2.11982640146513,0.355367292119847,0.19883259397367625,6.466511064305888,2.3992791684231825,2.11982640146513
District140,1965,1,2.11982640146513,0.355367292119847,0.19883259397367625,7.433946570480568,2.142001297049025,2.11982640146513
District140,1966,1,2.11982640146513,0.355367292119847,0.19883259397367625,6.616805109717922,2.0290529249327647,2.11982640146513
District140,1967,1,2.11982640146513,0.355367292119847,0.19883259397367625,7.999214084493626,1.5236207531603818,2.11982640146513
District140,1968,1,2.11982640146513,0.355367292119847,0.19883259397367625,7.576312743179294,1.667316628384734,2.11982640146513
District140,1969,1,2.11982640146513,0.355367292119847,0.19883259397367625,7.596869697898419,2.1549927422360744,2.11982640146513
District140,1970,1,2.11982640146513,0.355367292119847,0.19883259397367625,6.21844681444821,2.130074455415343,2.11982640146513
District140,1971,1,2.11982640146513,0.355367292119847,0.19883259397367625,7.795277435881671,2.098740264018409,2.11982640146513
District140,1972,1,2.11982640146513,0.355367292119847,0.19883259397367625,7.273264569857859,2.173015809794467,2.11982640146513
District140,1973,1,2.11982640146513,0.355367292119847,0.19883259397367625,7.330735409528577,1.7179609931945914,2.11982640146513
District140,1974,1,2.11982640146513,0.355367292119847,0.19883259397367625,6.064992520058083,2.095577245830355,2.11982640146513
District140,1975,1,2.11982640146513,0.355367292119847,0.19883259397367625,6.653415503392835,2.0331004045199923,2.11982640146513
District141,1950,0,4.912759724444624,0.4720376621044804,0.4652391500154125,7.111377591478096,2.3663037438344987,0.0
District141,1951,0,4.912759724444624,0.4720376621044804,0.4652391500154125,6.561574913157361,1.3735696592682576,0.0
District141,1952,0,4.912759724444624,0.4720376621044804,0.4652391500154125,5.496820923772559,2.0502428710052056,0.0
District141,1953,0,4.912759724444624,0.4720376621044804,0.4652391500154125,5.7000747215589955,2.609765773837664,0.0
District141,1954,0,4.912759724444624,0.4720376621044804,0.4652391500154125,5.362357599424865,1.2310219802407794,0.0
District141,1955,0,4.912759724444624,0.4720376621044804,0.4652391500154125,5.717167072331717,1.629932676634019,0.0
District141,1956,0,4.912759724444624,0.4720376621044804,0.4652391500154125,6.793414173779398,2.332745746260471,0.0
District141,1957,0,4.912759724444624,0.4720376621044804,0.4652391500154125,6.87646829812676,1.3266539683939622,0.0
District141,1958,0,4.912759724444624,0.4720376621044804,0.4652391500154125,8.247159422686282,2.2558844163651774,0.0
District141,1959,0,4.912759724444624,0.4720376621044804,0.4652391500154125,5.90881049655721,1.737596160048359,0.0
District141,1960,0,4.912759724444624,0.4720376621044804,0.4652391500154125,7.826909348729079,2.087465774114987,0.0
District141,1961,0,4.912759724444624,0.4720376621044804,0.4652391500154125,6.92576735407248,2.4555521205510478,0.0
District141,1962,1,4.912759724444624,0.4720376621044804,0.4652391500154125,8.953522075547063,2.5344905610067774,4.912759724444624
District141,1963,1,4.912759724444624,0.4720376621044804,0.4652391500154125,9.565338636989228,2.22786251746545,4.912759724444624
District141,1964,1,4.912759724444624,0.4720376621044804,0.4652391500154125,8.81796147273552,2.542233224347423,4.912759724444624
District141,1965,1,4.912759724444624,0.4720376621044804,0.4652391500154125,7.766078870971097,1.7752616978031703,4.912759724444624
District141,1966,1,4.912759724444624,0.4720376621044804,0.4652391500154125,7.9664476222016685,2.1600727180286055,4.912759724444624
District141,1967,1,4.912759724444624,0.4720376621044804,0.4652391500154125,9.953808911610864,2.3384728324347175,4.912759724444624
District141,1968,1,4.912759724444624,0.4720376621044804,0.4652391500154125,8.091211992161673,1.8337502851347096,4.912759724444624
District141,1969,1,4.912759724444624,0.4720376621044804,0.4652391500154125,8.351196959985357,2.03965647238237,4.912759724444624
District141,1970,1,4.912759724444624,0.4720376621044804,0.4652391500154125,7.574014541729633,2.510650636073162,4.912759724444624
District141,1971,1,4.912759724444624,0.4720376621044804,0.4652391500154125,8.940210904612114,2.385351708186437,4.912759724444624
District141,1972,1,4.912759724444624,0.4720376621044804,0.4652391500154125,7.215699034793601,2.0588477867884394,4.912759724444624
District141,1973,1,4.912759724444624,0.4720376621044804,0.4652391500154125,8.844091606438932,2.511939472443324,4.912759724444624
District141,1974,1,4.912759724444624,0.4720376621044804,0.4652391500154125,10.721126723549515,1.4709179746680159,4.912759724444624
District141,1975,1,4.912759724444624,0.4720376621044804,0.4652391500154125,8.401450800494915,2.093083922530374,4.912759724444624
District142,1950,0,2.1478743620504317,-0.3918402342944703,0.3064670394168626,5.779587629596069,1.7820215652055669,0.0
District142,1951,0,2.1478743620504317,-0.3918402342944703,0.3064670394168626,3.8624457614057945,1.5624045956065489,0.0
District142,1952,0,2.1478743620504317,-0.3918402342944703,0.3064670394168626,5.453654538384956,2.3088067702892463,0.0
District142,1953,0,2.1478743620504317,-0.3918402342944703,0.3064670394168626,6.173021185241765,1.6262055475439536,0.0
District142,1954,0,2.1478743620504317,-0.3918402342944703,0.3064670394168626,6.502875070676059,1.1493588305826639,0.0
District142,1955,0,2.1478743620504317,-0.3918402342944703,0.3064670394168626,4.360883613550799,1.8652793128080145,0.0
District142,1956,0,2.1478743620504317,-0.3918402342944703,0.3064670394168626,6.55006705433604,1.1535974561170999,0.0
District142,1957,0,2.1478743620504317,-0.3918402342944703,0.3064670394168626,4.994336266611259,1.1075764890284399,0.0
District142,1958,0,2.1478743620504317,-0.3918402342944703,0.3064670394168626,4.355385455389674,1.5088517425473709,0.0
District142,1959,0,2.1478743620504317,-0.3918402342944703,0.3064670394168626,5.514796900754643,1.4580823720891962,0.0
District142,1960,0,2.1478743620504317,-0.3918402342944703,0.3064670394168626,6.141387467482088,1.5905581001874474,0.0
District142,1961,0,2.1478743620504317,-0.3918402342944703,0.3064670394168626,6.295988326840606,2.0567732438871786,0.0
District142,1962,1,2.1478743620504317,-0.3918402342944703,0.3064670394168626,5.677266397385809,1.8869075082184705,2.1478743620504317
District142,1963,1,2.1478743620504317,-0.3918402342944703,0.3064670394168626,7.035288043792851,1.7505554956036624,2.1478743620504317
District142,1964,1,2.1478743620504317,-0.3918402342944703,0.3064670394168626,5.536311345422637,1.7094450247148805,2.1478743620504317
District142,1965,1,2.1478743620504317,-0.3918402342944703,0.3064670394168626,6.480523597560956,2.016339471184428,2.1478743620504317
District142,1966,1,2.1478743620504317,-0.3918402342944703,0.3064670394168626,5.510502682721366,2.1524692429953527,2.1478743620504317
District142,1967,1,2.1478743620504317,-0.3918402342944703,0.3064670394168626,6.601729790014226,1.4657649613298063,2.1478743620504317
District142,1968,1,2.1478743620504317,-0.3918402342944703,0.3064670394168626,6.218474964830221,1.694832853159981,2.1478743620504317
District142,1969,1,2.1478743620504317,-0.3918402342944703,0.3064670394168626,6.931969369894458,2.3590478543934035,2.1478743620504317
District142,1970,1,2.1478743620504317,-0.3918402342944703,0.3064670394168626,7.276616266566171,2.166501788571223,2.1478743620504317
District142,1971,1,2.1478743620504317,-0.3918402342944703,0.3064670394168626,6.141679234607936,1.802096216028501,2.1478743620504317
District142,1972,1,2.1478743620504317,-0.3918402342944703,0.3064670394168626,6.038997362300647,1.7378074367741936,2.1478743620504317
District142,1973,1,2.1478743620504317,-0.3918402342944703,0.3064670394168626,7.489049313527241,2.285967357405189,2.1478743620504317
District142,1974,1,2.1478743620504317,-0.3918402342944703,0.3064670394168626,6.362787101847563,1.6633439349985961,2.1478743620504317
District142,1975,1,2.1478743620504317,-0.3918402342944703,0.3064670394168626,6.586355680823079,1.5337618486007711,2.1478743620504317
District143,1950,0,2.393414848290588,-1.6615417744506156,0.34316062583112866,5.843371902931064,1.3031899076279658,0.0
District143,1951,0,2.393414848290588,-1.6615417744506156,0.34316062583112866,4.964860463324583,1.7792727322770647,0.0
District143,1952,0,2.393414848290588,-1.6615417744506156,0.34316062583112866,4.868156738498822,1.8512636924876704,0.0
District143,1953,0,2.393414848290588,-1.6615417744506156,0.34316062583112866,5.343533633510948,2.1368648754773503,0.0
District143,1954,0,2.393414848290588,-1.6615417744506156,0.34316062583112866,4.835276547021163,1.5886937313578093,0.0
District143,1955,0,2.393414848290588,-1.6615417744506156,0.34316062583112866,6.074050419767405,1.9783581866089293,0.0
District143,1956,0,2.393414848290588,-1.6615417744506156,0.34316062583112866,5.203814445365854,1.372552640987532,0.0
District143,1957,0,2.393414848290588,-1.6615417744506156,0.34316062583112866,3.529052906288107,1.1472597803546822,0.0
District143,1958,0,2.393414848290588,-1.6615417744506156,0.34316062583112866,3.5953443491182844,1.450427406136135,0.0
District143,1959,0,2.393414848290588,-1.6615417744506156,0.34316062583112866,3.92208721760909,1.7014939312364306,0.0
District143,1960,0,2.393414848290588,-1.6615417744506156,0.34316062583112866,3.2416605020899985,1.2863366380430783,0.0
District143,1961,0,2.393414848290588,-1.6615417744506156,0.34316062583112866,5.879722969534295,2.109964799621204,0.0
District143,1962,1,2.393414848290588,-1.6615417744506156,0.34316062583112866,6.771501662021063,1.3802574850441784,2.393414848290588
District143,1963,1,2.393414848290588,-1.6615417744506156,0.34316062583112866,7.528814972758553,2.164181893570208,2.393414848290588
District143,1964,1,2.393414848290588,-1.6615417744506156,0.34316062583112866,6.133840252688737,1.1760047890421779,2.393414848290588
District143,1965,1,2.393414848290588,-1.6615417744506156,0.34316062583112866,5.747968141625334,1.4872623319313882,2.393414848290588
District143,1966,1,2.393414848290588,-1.6615417744506156,0.34316062583112866,5.6388982709339555,2.349636520403404,2.393414848290588
District143,1967,1,2.393414848290588,-1.6615417744506156,0.34316062583112866,6.685300736370109,1.9876727532962748,2.393414848290588
District143,1968,1,2.393414848290588,-1.6615417744506156,0.34316062583112866,6.627926882813875,1.6440648319794178,2.393414848290588
District143,1969,1,2.393414848290588,-1.6615417744506156,0.34316062583112866,6.547748021660188,1.976311932039259,2.393414848290588
District143,1970,1,2.393414848290588,-1.6615417744506156,0.34316062583112866,5.821002411569711,2.3010764962128007,2.393414848290588
District143,1971,1,2.393414848290588,-1.6615417744506156,0.34316062583112866,5.945785862369309,1.1270064949113545,2.393414848290588
District143,1972,1,2.393414848290588,-1.6615417744506156,0.34316062583112866,5.594395383764839,2.072568795471446,2.393414848290588
District143,1973,1,2.393414848290588,-1.6615417744506156,0.34316062583112866,7.196651498102198,2.1102270581658957,2.393414848290588
District143,1974,1,2.393414848290588,-1.6615417744506156,0.34316062583112866,6.612416906272912,1.711125344692833,2.393414848290588
District143,1975,1,2.393414848290588,-1.6615417744506156,0.34316062583112866,6.327766515594967,1.8867525552310458,2.393414848290588
District144,1950,0,5.194309676983534,-0.22276257577378436,0.5341812185966872,6.453559712995403,1.6919836096832912,0.0
District144,1951,0,5.194309676983534,-0.22276257577378436,0.5341812185966872,5.743459964773629,1.7362204093182267,0.0
District144,1952,0,5.194309676983534,-0.22276257577378436,0.5341812185966872,6.463800838356518,1.5614575721118082,0.0
District144,1953,0,5.194309676983534,-0.22276257577378436,0.5341812185966872,6.493759221199557,1.7773943468766376,0.0
District144,1954,0,5.194309676983534,-0.22276257577378436,0.5341812185966872,5.816059079106116,1.3021136742546906,0.0
District144,1955,0,5.194309676983534,-0.22276257577378436,0.5341812185966872,4.829583163425406,1.5243741967580346,0.0
District144,1956,0,5.194309676983534,-0.22276257577378436,0.5341812185966872,5.375767133504653,2.3772603883578545,0.0
District144,1957,0,5.194309676983534,-0.22276257577378436,0.5341812185966872,6.2424856608828705,1.829660933159626,0.0
District144,1958,0,5.194309676983534,-0.22276257577378436,0.5341812185966872,6.920708801050525,2.124409359834229,0.0
District144,1959,0,5.194309676983534,-0.22276257577378436,0.5341812185966872,6.274385353153657,1.8662258537244323,0.0
District144,1960,0,5.194309676983534,-0.22276257577378436,0.5341812185966872,7.129083062914877,2.697557754088119,0.0
District144,1961,0,5.194309676983534,-0.22276257577378436,0.5341812185966872,6.335711659633391,1.651335055061455,0.0
District144,1962,1,5.194309676983534,-0.22276257577378436,0.5341812185966872,7.56085393339248,2.228208654149492,5.194309676983534
District144,1963,1,5.194309676983534,-0.22276257577378436,0.5341812185966872,10.140238834474733,2.828810877391814,5.194309676983534
District144,1964,1,5.194309676983534,-0.22276257577378436,0.5341812185966872,10.088406271423755,3.2156186572425485,5.194309676983534
District144,1965,1,5.194309676983534,-0.22276257577378436,0.5341812185966872,8.024812896804248,1.8122079896355023,5.194309676983534
District144,1966,1,5.194309676983534,-0.22276257577378436,0.5341812185966872,9.387356467147088,1.7965027844083106,5.194309676983534
District144,1967,1,5.194309676983534,-0.22276257577378436,0.5341812185966872,8.486276407099565,2.15341350394387,5.194309676983534
District144,1968,1,5.194309676983534,-0.22276257577378436,0.5341812185966872,7.548016257710632,2.591493087309258,5.194309676983534
District144,1969,1,5.194309676983534,-0.22276257577378436,0.5341812185966872,8.880616738088188,2.022718425646736,5.194309676983534
District144,1970,1,5.194309676983534,-0.22276257577378436,0.5341812185966872,7.492301602509563,2.5593035986072836,5.194309676983534
District144,1971,1,5.194309676983534,-0.22276257577378436,0.5341812185966872,10.023636809147742,2.1864585828932035,5.194309676983534
District144,1972,1,5.194309676983534,-0.22276257577378436,0.5341812185966872,7.7223368249289805,2.137087852309002,5.194309676983534
District144,1973,1,5.194309676983534,-0.22276257577378436,0.5341812185966872,8.871115261812466,2.5303132877299763,5.194309676983534
District144,1974,1,5.194309676983534,-0.22276257577378436,0.5341812185966872,7.587834576795086,2.355123419252325,5.194309676983534
District144,1975,1,5.194309676983534,-0.22276257577378436,0.5341812185966872,7.64880369414088,2.0284213073472417,5.194309676983534
District145,1950,0,5.920991687416102,-0.27966700509386516,0.25380450216410655,5.223891141385141,1.485244748399169,0.0
District145,1951,0,5.920991687416102,-0.27966700509386516,0.25380450216410655,3.2784721688479297,2.277230781300917,0.0
District145,1952,0,5.920991687416102,-0.27966700509386516,0.25380450216410655,6.140215289653728,2.0768682494495336,0.0
District145,1953,0,5.920991687416102,-0.27966700509386516,0.25380450216410655,5.072270485879886,2.091541169915282,0.0
District145,1954,0,5.920991687416102,-0.27966700509386516,0.25380450216410655,6.319670984846769,1.6541514914919573,0.0
District145,1955,0,5.920991687416102,-0.27966700509386516,0.25380450216410655,6.596641445293587,2.0033229431657857,0.0
District145,1956,0,5.920991687416102,-0.27966700509386516,0.25380450216410655,4.288036337439232,1.6917870666196941,0.0
District145,1957,0,5.920991687416102,-0.27966700509386516,0.25380450216410655,5.961767963900666,2.285411292614615,0.0
District145,1958,0,5.920991687416102,-0.27966700509386516,0.25380450216410655,6.33508646454342,2.2275116425945596,0.0
District145,1959,0,5.920991687416102,-0.27966700509386516,0.25380450216410655,6.261929774265859,1.857271951253918,0.0
District145,1960,0,5.920991687416102,-0.27966700509386516,0.25380450216410655,5.235722162025208,2.039729390859708,0.0
District145,1961,0,5.920991687416102,-0.27966700509386516,0.25380450216410655,5.302277605940721,1.5400083225384198,0.0
District145,1962,1,5.920991687416102,-0.27966700509386516,0.25380450216410655,10.61022686422495,2.1029773217237198,5.920991687416102
District145,1963,1,5.920991687416102,-0.27966700509386516,0.25380450216410655,7.992250971446565,2.0892123222297245,5.920991687416102
District145,1964,1,5.920991687416102,-0.27966700509386516,0.25380450216410655,9.052658260257989,1.8820708988654598,5.920991687416102
District145,1965,1,5.920991687416102,-0.27966700509386516,0.25380450216410655,10.208913754503746,2.556495245218671,5.920991687416102
District145,1966,1,5.920991687416102,-0.27966700509386516,0.25380450216410655,10.9870386652857,2.491621826786927,5.920991687416102
District145,1967,1,5.920991687416102,-0.27966700509386516,0.25380450216410655,8.95214430685067,2.5066114237301393,5.920991687416102
District145,1968,1,5.920991687416102,-0.27966700509386516,0.25380450216410655,8.83176884077964,1.848998458602253,5.920991687416102
District145,1969,1,5.920991687416102,-0.27966700509386516,0.25380450216410655,10.099762871218477,2.1475525064838075,5.920991687416102
District145,1970,1,5.920991687416102,-0.27966700509386516,0.25380450216410655,10.160417265473422,2.1618792822883273,5.920991687416102
District145,1971,1,5.920991687416102,-0.27966700509386516,0.25380450216410655,7.881781036953678,2.0039550006319877,5.920991687416102
District145,1972,1,5.920991687416102,-0.27966700509386516,0.25380450216410655,9.361216736750906,2.4725313844675654,5.920991687416102
District145,1973,1,5.920991687416102,-0.27966700509386516,0.25380450216410655,9.409178297538926,1.9011832120232326,5.920991687416102
District145,1974,1,5.920991687416102,-0.27966700509386516,0.25380450216410655,9.519946125755308,2.579900574299925,5.920991687416102
District145,1975,1,5.920991687416102,-0.27966700509386516,0.25380450216410655,7.999455033940846,1.7387219151707975,5.920991687416102
District146,1950,0,7.6322063069979045,0.7102357067714111,0.5368924344355458,6.315954245898453,2.165166059132047,0.0
District146,1951,0,7.6322063069979045,0.7102357067714111,0.5368924344355458,6.718230074043416,1.9960557808150605,0.0
District146,1952,0,7.6322063069979045,0.7102357067714111,0.5368924344355458,5.593918647726728,1.4722474530378198,0.0
District146,1953,0,7.6322063069979045,0.7102357067714111,0.5368924344355458,7.70657774350658,2.341176975129883,0.0
District146,1954,0,7.6322063069979045,0.7102357067714111,0.5368924344355458,4.657680895464448,1.275694519774421,0.0
District146,1955,0,7.6322063069979045,0.7102357067714111,0.5368924344355458,6.730196527036758,1.88295877610244,0.0
District146,1956,0,7.6322063069979045,0.7102357067714111,0.5368924344355458,7.43414369793811,1.520441395529828,0.0
District146,1957,0,7.6322063069979045,0.7102357067714111,0.5368924344355458,5.610894069333384,1.7858964480957003,0.0
District146,1958,0,7.6322063069979045,0.7102357067714111,0.5368924344355458,4.971155859422678,2.0450369602631118,0.0
District146,1959,0,7.6322063069979045,0.7102357067714111,0.5368924344355458,7.025328311234448,1.902885277410103,0.0
District146,1960,0,7.6322063069979045,0.7102357067714111,0.5368924344355458,6.458477379311959,1.6099003826298475,0.0
District146,1961,0,7.6322063069979045,0.7102357067714111,0.5368924344355458,7.147256782661135,1.865840638678959,0.0
District146,1962,1,7.6322063069979045,0.7102357067714111,0.5368924344355458,10.86999368401772,2.453956187886348,7.6322063069979045
District146,1963,1,7.6322063069979045,0.7102357067714111,0.5368924344355458,10.185865868824212,1.7955101692106807,7.6322063069979045
District146,1964,1,7.6322063069979045,0.7102357067714111,0.5368924344355458,11.641139099839247,2.381745269882899,7.6322063069979045
District146,1965,1,7.6322063069979045,0.7102357067714111,0.5368924344355458,9.546689788972824,3.1345088392119465,7.6322063069979045
District146,1966,1,7.6322063069979045,0.7102357067714111,0.5368924344355458,11.906854509090296,1.920263051846955,7.6322063069979045
District146,1967,1,7.6322063069979045,0.7102357067714111,0.5368924344355458,11.763303362298942,2.416010729934546,7.6322063069979045
District146,1968,1,7.6322063069979045,0.7102357067714111,0.5368924344355458,10.97130071214619,2.3524312928471556,7.6322063069979045
District146,1969,1,7.6322063069979045,0.7102357067714111,0.5368924344355458,10.652509983314937,2.395346853002051,7.6322063069979045
District146,1970,1,7.6322063069979045,0.7102357067714111,0.5368924344355458,10.552781199218233,1.0372110750843813,7.6322063069979045
District146,1971,1,7.6322063069979045,0.7102357067714111,0.5368924344355458,10.323006029349992,1.9500005489837613,7.6322063069979045
District146,1972,1,7.6322063069979045,0.7102357067714111,0.5368924344355458,9.631662986665521,2.774006121586317,7.6322063069979045
District146,1973,1,7.6322063069979045,0.7102357067714111,0.5368924344355458,10.75566427696084,2.6910471988816353,7.6322063069979045
District146,1974,1,7.6322063069979045,0.7102357067714111,0.5368924344355458,10.088836396948642,2.202704790194666,7.6322063069979045
District146,1975,1,7.6322063069979045,0.7102357067714111,0.5368924344355458,9.949726110349447,2.4185920236916743,7.6322063069979045
District147,1950,0,3.3443391671871434,-2.3149877121613525,0.36826040301345636,5.216863513516028,1.25827341819507,0.0
District147,1951,0,3.3443391671871434,-2.3149877121613525,0.36826040301345636,4.310463404676254,1.2995425192426193,0.0
District147,1952,0,3.3443391671871434,-2.3149877121613525,0.36826040301345636,5.427285636039954,2.1541091559207186,0.0
District147,1953,0,3.3443391671871434,-2.3149877121613525,0.36826040301345636,5.637512716500405,0.8023206840990381,0.0
District147,1954,0,3.3443391671871434,-2.3149877121613525,0.36826040301345636,5.157179536654537,1.77563031925354,0.0
District147,1955,0,3.3443391671871434,-2.3149877121613525,0.36826040301345636,4.937253399939869,1.330795776316311,0.0
District147,1956,0,3.3443391671871434,-2.3149877121613525,0.36826040301345636,4.264762128787906,1.3946319432387073,0.0
District147,1957,0,3.3443391671871434,-2.3149877121613525,0.36826040301345636,3.5342758745853375,1.2050770481858495,0.0
District147,1958,0,3.3443391671871434,-2.3149877121613525,0.36826040301345636,5.636577885150842,1.9398007361376217,0.0
District147,1959,0,3.3443391671871434,-2.3149877121613525,0.36826040301345636,4.630312879689748,1.7257791175523152,0.0
District147,1960,0,3.3443391671871434,-2.3149877121613525,0.36826040301345636,4.6695105543528586,1.5140875182979556,0.0
District147,1961,0,3.3443391671871434,-2.3149877121613525,0.36826040301345636,5.5260917337708335,1.9191296021284945,0.0
District147,1962,1,3.3443391671871434,-2.3149877121613525,0.36826040301345636,7.260887939362813,2.0136889680462287,3.3443391671871434
District147,1963,1,3.3443391671871434,-2.3149877121613525,0.36826040301345636,5.689513816811371,1.7369703306733795,3.3443391671871434
District147,1964,1,3.3443391671871434,-2.3149877121613525,0.36826040301345636,5.879698846723471,2.0791394817749076,3.3443391671871434
District147,1965,1,3.3443391671871434,-2.3149877121613525,0.36826040301345636,5.653306825487919,2.305575601294295,3.3443391671871434
District147,1966,1,3.3443391671871434,-2.3149877121613525,0.36826040301345636,6.070471739566116,1.875410409753964,3.3443391671871434
District147,1967,1,3.3443391671871434,-2.3149877121613525,0.36826040301345636,7.795699940937462,1.8798787565514516,3.3443391671871434
District147,1968,1,3.3443391671871434,-2.3149877121613525,0.36826040301345636,5.8856163423526695,1.2748443300222418,3.3443391671871434
District147,1969,1,3.3443391671871434,-2.3149877121613525,0.36826040301345636,6.134907958624951,1.6882472147926209,3.3443391671871434
District147,1970,1,3.3443391671871434,-2.3149877121613525,0.36826040301345636,7.381332303790151,2.42135192071656,3.3443391671871434
District147,1971,1,3.3443391671871434,-2.3149877121613525,0.36826040301345636,6.664283137986766,1.8650694133737047,3.3443391671871434
District147,1972,1,3.3443391671871434,-2.3149877121613525,0.36826040301345636,5.359301249759316,1.5410508666321425,3.3443391671871434
District147,1973,1,3.3443391671871434,-2.3149877121613525,0.36826040301345636,6.543043437404436,1.8399182337409854,3.3443391671871434
District147,1974,1,3.3443391671871434,-2.3149877121613525,0.36826040301345636,6.061879129277109,1.789975248914802,3.3443391671871434
District147,1975,1,3.3443391671871434,-2.3149877121613525,0.36826040301345636,7.123825212876909,2.0757231161151553,3.3443391671871434
District148,1950,0,3.4428496536418187,0.7094919264470444,0.16993794492570988,6.29091745145834,1.7087711168101696,0.0
District148,1951,0,3.4428496536418187,0.7094919264470444,0.16993794492570988,7.772759693472164,2.2102769896727303,0.0
District148,1952,0,3.4428496536418187,0.7094919264470444,0.16993794492570988,4.7936585275591295,1.4927388075420518,0.0
District148,1953,0,3.4428496536418187,0.7094919264470444,0.16993794492570988,4.372365482406122,1.3927780363324385,0.0
District148,1954,0,3.4428496536418187,0.7094919264470444,0.16993794492570988,6.227219488159714,2.3136250456471656,0.0
District148,1955,0,3.4428496536418187,0.7094919264470444,0.16993794492570988,6.809387865200625,1.2679741315789008,0.0
District148,1956,0,3.4428496536418187,0.7094919264470444,0.16993794492570988,7.6677021857012075,1.7837183286904068,0.0
District148,1957,0,3.4428496536418187,0.7094919264470444,0.16993794492570988,6.517477641624399,1.5108090429239236,0.0
District148,1958,0,3.4428496536418187,0.7094919264470444,0.16993794492570988,5.547091304855605,2.039564966868245,0.0
District148,1959,0,3.4428496536418187,0.7094919264470444,0.16993794492570988,5.860536621529454,1.6428325075565882,0.0
District148,1960,0,3.4428496536418187,0.7094919264470444,0.16993794492570988,5.5990715628829095,2.0338586481330077,0.0
District148,1961,0,3.4428496536418187,0.7094919264470444,0.16993794492570988,6.395373395206501,1.4047191242600614,0.0
District148,1962,1,3.4428496536418187,0.7094919264470444,0.16993794492570988,9.336785283089888,1.8671023346927815,3.4428496536418187
District148,1963,1,3.4428496536418187,0.7094919264470444,0.16993794492570988,7.083314898175683,3.0459677069958655,3.4428496536418187
District148,1964,1,3.4428496536418187,0.7094919264470444,0.16993794492570988,7.316659672853412,1.825631471613218,3.4428496536418187
District148,1965,1,3.4428496536418187,0.7094919264470444,0.16993794492570988,9.673647887836255,2.3942755276876584,3.4428496536418187
District148,1966,1,3.4428496536418187,0.7094919264470444,0.16993794492570988,8.496151817509467,1.3921149145986549,3.4428496536418187
District148,1967,1,3.4428496536418187,0.7094919264470444,0.16993794492570988,8.055161661940794,2.096245148834343,3.4428496536418187
District148,1968,1,3.4428496536418187,0.7094919264470444,0.16993794492570988,8.307544946636328,2.580217124416404,3.4428496536418187
District148,1969,1,3.4428496536418187,0.7094919264470444,0.16993794492570988,7.745385927511077,1.450105963951637,3.4428496536418187
District148,1970,1,3.4428496536418187,0.7094919264470444,0.16993794492570988,8.06947620019442,1.6390212441428345,3.4428496536418187
District148,1971,1,3.4428496536418187,0.7094919264470444,0.16993794492570988,8.00716661444754,2.493686875847291,3.4428496536418187
District148,1972,1,3.4428496536418187,0.7094919264470444,0.16993794492570988,8.489977583982743,1.7090316969559622,3.4428496536418187
District148,1973,1,3.4428496536418187,0.7094919264470444,0.16993794492570988,6.182034742134749,1.8649032351857244,3.4428496536418187
District148,1974,1,3.4428496536418187,0.7094919264470444,0.16993794492570988,9.076027058494958,2.1485225599223106,3.4428496536418187
District148,1975,1,3.4428496536418187,0.7094919264470444,0.16993794492570988,8.349490051629331,1.9411001599661921,3.4428496536418187
District149,1950,0,2.827523944916662,1.0805683557334664,0.3836056264675361,4.709575730697745,1.879225489528804,0.0
District149,1951,0,2.827523944916662,1.0805683557334664,0.3836056264675361,7.728777390467753,1.6699487273157707,0.0
District149,1952,0,2.827523944916662,1.0805683557334664,0.3836056264675361,7.342008928737127,2.204411319103273,0.0
District149,1953,0,2.827523944916662,1.0805683557334664,0.3836056264675361,6.49855045145059,2.2412821192554775,0.0
District149,1954,0,2.827523944916662,1.0805683557334664,0.3836056264675361,5.679364236207547,1.352584834167613,0.0
District149,1955,0,2.827523944916662,1.0805683557334664,0.3836056264675361,7.573831228710134,2.0968739582099993,0.0
District149,1956,0,2.827523944916662,1.0805683557334664,0.3836056264675361,7.287502923369548,2.301607025635681,0.0
District149,1957,0,2.827523944916662,1.0805683557334664,0.3836056264675361,5.9502435741507025,2.0892412778887546,0.0
District149,1958,0,2.827523944916662,1.0805683557334664,0.3836056264675361,5.28138658390308,1.7413822343178333,0.0
District149,1959,0,2.827523944916662,1.0805683557334664,0.3836056264675361,7.38998061567412,1.8577001473168142,0.0
District149,1960,0,2.827523944916662,1.0805683557334664,0.3836056264675361,7.548974064283453,1.6221458052131317,0.0
District149,1961,0,2.827523944916662,1.0805683557334664,0.3836056264675361,5.446532858738461,1.6065435342899739,0.0
District149,1962,1,2.827523944916662,1.0805683557334664,0.3836056264675361,7.094819697238369,2.207450976888487,2.827523944916662
District149,1963,1,2.827523944916662,1.0805683557334664,0.3836056264675361,7.9805370993413876,2.428388782509915,2.827523944916662
District149,1964,1,2.827523944916662,1.0805683557334664,0.3836056264675361,6.734729106887336,2.155969724343132,2.827523944916662
District149,1965,1,2.827523944916662,1.0805683557334664,0.3836056264675361,9.645510164731926,2.3878055532299447,2.827523944916662
District149,1966,1,2.827523944916662,1.0805683557334664,0.3836056264675361,9.12873815542605,2.437874333588176,2.827523944916662
District149,1967,1,2.827523944916662,1.0805683557334664,0.3836056264675361,8.881396013053546,2.5287681856409794,2.827523944916662
District149,1968,1,2.827523944916662,1.0805683557334664,0.3836056264675361,8.678973199996282,2.359170497519565,2.827523944916662
District149,1969,1,2.827523944916662,1.0805683557334664,0.3836056264675361,8.430219564048473,1.8728491186271188,2.827523944916662
District149,1970,1,2.827523944916662,1.0805683557334664,0.3836056264675361,7.6839392531644855,2.1096833863079687,2.827523944916662
District149,1971,1,2.827523944916662,1.0805683557334664,0.3836056264675361,6.5499223314590065,1.301208720998506,2.827523944916662
District149,1972,1,2.827523944916662,1.0805683557334664,0.3836056264675361,9.370370430384877,2.3113369618525543,2.827523944916662
District149,1973,1,2.827523944916662,1.0805683557334664,0.3836056264675361,9.025417122104725,1.9720249990365852,2.827523944916662
District149,1974,1,2.827523944916662,1.0805683557334664,0.3836056264675361,6.320279213260992,2.1967932930120266,2.827523944916662
District149,1975,1,2.827523944916662,1.0805683557334664,0.3836056264675361,8.33850926334127,1.8068755073265308,2.827523944916662
District150,1950,0,2.8025253557916363,-1.901913331698868,0.5289363119399613,5.403850108711382,1.91405634832692,0.0
District150,1951,0,2.8025253557916363,-1.901913331698868,0.5289363119399613,4.865669329245362,1.909265228921532,0.0
District150,1952,0,2.8025253557916363,-1.901913331698868,0.5289363119399613,6.2768643933419845,2.2765732237168526,0.0
District150,1953,0,2.8025253557916363,-1.901913331698868,0.5289363119399613,5.210672617557575,1.8874665669643667,0.0
District150,1954,0,2.8025253557916363,-1.901913331698868,0.5289363119399613,4.342650405150459,1.8531125298906401,0.0
District150,1955,0,2.8025253557916363,-1.901913331698868,0.5289363119399613,6.265216087490116,2.1812309176475657,0.0
District150,1956,0,2.8025253557916363,-1.901913331698868,0.5289363119399613,6.628691620828198,1.9844032135348,0.0
District150,1957,0,2.8025253557916363,-1.901913331698868,0.5289363119399613,5.852839471460653,1.56399779261202,0.0
District150,1958,0,2.8025253557916363,-1.901913331698868,0.5289363119399613,4.303218828060939,1.7448481026572409,0.0
District150,1959,0,2.8025253557916363,-1.901913331698868,0.5289363119399613,4.145570653358981,1.6174649264442498,0.0
District150,1960,0,2.8025253557916363,-1.901913331698868,0.5289363119399613,6.4966797420296745,1.9415720823561888,0.0
District150,1961,0,2.8025253557916363,-1.901913331698868,0.5289363119399613,3.484416967796489,2.1015595970252665,0.0
District150,1962,1,2.8025253557916363,-1.901913331698868,0.5289363119399613,6.787631213480796,2.0448826352713563,2.8025253557916363
District150,1963,1,2.8025253557916363,-1.901913331698868,0.5289363119399613,7.280830682483427,1.9506196322389875,2.8025253557916363
District150,1964,1,2.8025253557916363,-1.901913331698868,0.5289363119399613,8.51411788537587,1.5557270778601224,2.8025253557916363
District150,1965,1,2.8025253557916363,-1.901913331698868,0.5289363119399613,7.300703381204663,1.8535998850684543,2.8025253557916363
District150,1966,1,2.8025253557916363,-1.901913331698868,0.5289363119399613,7.327803402236001,1.6099006489312933,2.8025253557916363
District150,1967,1,2.8025253557916363,-1.901913331698868,0.5289363119399613,6.081626575239892,1.994376744026841,2.8025253557916363
District150,1968,1,2.8025253557916363,-1.901913331698868,0.5289363119399613,7.44211986620355,1.6889654842167894,2.8025253557916363
District150,1969,1,2.8025253557916363,-1.901913331698868,0.5289363119399613,6.311686542666701,1.9833940602510953,2.8025253557916363
District150,1970,1,2.8025253557916363,-1.901913331698868,0.5289363119399613,7.628878781735144,2.5372827304458814,2.8025253557916363
District150,1971,1,2.8025253557916363,-1.901913331698868,0.5289363119399613,5.714292661961217,1.740849075286694,2.8025253557916363
District150,1972,1,2.8025253557916363,-1.901913331698868,0.5289363119399613,7.047691066959039,1.3103813853524093,2.8025253557916363
District150,1973,1,2.8025253557916363,-1.901913331698868,0.5289363119399613,5.9667545684185335,1.8480822508059944,2.8025253557916363
District150,1974,1,2.8025253557916363,-1.901913331698868,0.5289363119399613,4.473151204074494,2.320243456246065,2.8025253557916363
District150,1975,1,2.8025253557916363,-1.901913331698868,0.5289363119399613,6.002124756110727,1.0388159789233669,2.8025253557916363
District151,1950,0,1.4120245795078743,-0.005998465786662631,0.2654257651430148,7.693276071055002,1.3174691158445553,0.0
District151,1951,0,1.4120245795078743,-0.005998465786662631,0.2654257651430148,6.89050034002393,1.628851074063507,0.0
District151,1952,0,1.4120245795078743,-0.005998465786662631,0.2654257651430148,6.48798693496867,1.375266412285332,0.0
District151,1953,0,1.4120245795078743,-0.005998465786662631,0.2654257651430148,5.8397447820092045,1.905204345346658,0.0
District151,1954,0,1.4120245795078743,-0.005998465786662631,0.2654257651430148,7.649816707941248,1.784031234348389,0.0
District151,1955,0,1.4120245795078743,-0.005998465786662631,0.2654257651430148,5.972746734292172,2.066236090009227,0.0
District151,1956,0,1.4120245795078743,-0.005998465786662631,0.2654257651430148,5.523831482585164,1.5756085657722827,0.0
District151,1957,0,1.4120245795078743,-0.005998465786662631,0.2654257651430148,6.78189838275057,1.4951038225397435,0.0
District151,1958,0,1.4120245795078743,-0.005998465786662631,0.2654257651430148,5.677254217456907,1.7992532881118597,0.0
District151,1959,0,1.4120245795078743,-0.005998465786662631,0.2654257651430148,5.93623011520508,1.566989668554442,0.0
District151,1960,0,1.4120245795078743,-0.005998465786662631,0.2654257651430148,5.252899478564814,2.0069763120685,0.0
District151,1961,0,1.4120245795078743,-0.005998465786662631,0.2654257651430148,4.949049216498041,1.590114886992499,0.0
District151,1962,1,1.4120245795078743,-0.005998465786662631,0.2654257651430148,6.147305957860531,2.0627953133627086,1.4120245795078743
District151,1963,1,1.4120245795078743,-0.005998465786662631,0.2654257651430148,6.378624474820654,2.1720962706531366,1.4120245795078743
District151,1964,1,1.4120245795078743,-0.005998465786662631,0.2654257651430148,5.7695052655628,1.7771423220579678,1.4120245795078743
District151,1965,1,1.4120245795078743,-0.005998465786662631,0.2654257651430148,5.264608656057375,1.4913502214323786,1.4120245795078743
District151,1966,1,1.4120245795078743,-0.005998465786662631,0.2654257651430148,5.642863150060344,1.6700392306313572,1.4120245795078743
District151,1967,1,1.4120245795078743,-0.005998465786662631,0.2654257651430148,8.971691895590006,1.8212953809278374,1.4120245795078743
District151,1968,1,1.4120245795078743,-0.005998465786662631,0.2654257651430148,5.916948703996688,2.7192168472374534,1.4120245795078743
District151,1969,1,1.4120245795078743,-0.005998465786662631,0.2654257651430148,8.226017404594305,2.506027311709188,1.4120245795078743
District151,1970,1,1.4120245795078743,-0.005998465786662631,0.2654257651430148,6.9835037165047815,1.8400420320080149,1.4120245795078743
District151,1971,1,1.4120245795078743,-0.005998465786662631,0.2654257651430148,7.58409725058848,2.0229199861638274,1.4120245795078743
District151,1972,1,1.4120245795078743,-0.005998465786662631,0.2654257651430148,5.78332597370261,2.208914546649125,1.4120245795078743
District151,1973,1,1.4120245795078743,-0.005998465786662631,0.2654257651430148,6.907144045627709,2.4181174025155476,1.4120245795078743
District151,1974,1,1.4120245795078743,-0.005998465786662631,0.2654257651430148,7.542406644950654,2.170342031368085,1.4120245795078743
District151,1975,1,1.4120245795078743,-0.005998465786662631,0.2654257651430148,6.116111957194379,1.2893946181567606,1.4120245795078743
District152,1950,0,1.7291644600655773,1.5133143713630015,0.19203684585275632,7.177639327536506,1.5881214829261605,0.0
District152,1951,0,1.7291644600655773,1.5133143713630015,0.19203684585275632,7.4071887045423805,2.113142050292083,0.0
District152,1952,0,1.7291644600655773,1.5133143713630015,0.19203684585275632,8.78502116182029,2.450808945359368,0.0
District152,1953,0,1.7291644600655773,1.5133143713630015,0.19203684585275632,7.380913741593848,2.308569224720292,0.0
District152,1954,0,1.7291644600655773,1.5133143713630015,0.19203684585275632,6.544289167702598,1.8093062469484193,0.0
District152,1955,0,1.7291644600655773,1.5133143713630015,0.19203684585275632,7.12330735789295,1.9621964368689528,0.0
District152,1956,0,1.7291644600655773,1.5133143713630015,0.19203684585275632,4.980688362299796,1.548655727954636,0.0
District152,1957,0,1.7291644600655773,1.5133143713630015,0.19203684585275632,6.234075537263398,1.194024580593819,0.0
District152,1958,0,1.7291644600655773,1.5133143713630015,0.19203684585275632,7.07724092001935,1.8741335123371554,0.0
District152,1959,0,1.7291644600655773,1.5133143713630015,0.19203684585275632,7.608706845163934,1.7640522274134967,0.0
District152,1960,0,1.7291644600655773,1.5133143713630015,0.19203684585275632,6.461048829757788,1.8424746296726646,0.0
District152,1961,0,1.7291644600655773,1.5133143713630015,0.19203684585275632,9.14175910148046,1.904279416548794,0.0
District152,1962,1,1.7291644600655773,1.5133143713630015,0.19203684585275632,6.153523441068865,2.1362441071027467,1.7291644600655773
District152,1963,1,1.7291644600655773,1.5133143713630015,0.19203684585275632,7.648782585880298,2.467062246829606,1.7291644600655773
District152,1964,1,1.7291644600655773,1.5133143713630015,0.19203684585275632,7.645191611891225,2.4753744184572635,1.7291644600655773
District152,1965,1,1.7291644600655773,1.5133143713630015,0.19203684585275632,7.1307217041403455,1.5378852638670342,1.7291644600655773
District152,1966,1,1.7291644600655773,1.5133143713630015,0.19203684585275632,7.665155432020829,2.5565438039323762,1.7291644600655773
District152,1967,1,1.7291644600655773,1.5133143713630015,0.19203684585275632,7.964490888426143,1.2883258305039789,1.7291644600655773
District152,1968,1,1.7291644600655773,1.5133143713630015,0.19203684585275632,7.4486785143253,2.618451819797124,1.7291644600655773
District152,1969,1,1.7291644600655773,1.5133143713630015,0.19203684585275632,6.864485901273709,1.1651423715460618,1.7291644600655773
District152,1970,1,1.7291644600655773,1.5133143713630015,0.19203684585275632,8.414461018286465,1.974813353003162,1.7291644600655773
District152,1971,1,1.7291644600655773,1.5133143713630015,0.19203684585275632,8.254123409429077,2.272043702666012,1.7291644600655773
District152,1972,1,1.7291644600655773,1.5133143713630015,0.19203684585275632,7.692803851064847,2.5507264034215753,1.7291644600655773
District152,1973,1,1.7291644600655773,1.5133143713630015,0.19203684585275632,6.286633108136387,1.9458705387346071,1.7291644600655773
District152,1974,1,1.7291644600655773,1.5133143713630015,0.19203684585275632,7.353255546241045,2.42474376640821,1.7291644600655773
District152,1975,1,1.7291644600655773,1.5133143713630015,0.19203684585275632,7.922762233184072,1.681720975870541,1.7291644600655773
District153,1950,0,0.6515399008160481,0.5543088915419098,0.3986199026355374,4.450524706448853,1.9025223818715187,0.0
District153,1951,0,0.6515399008160481,0.5543088915419098,0.3986199026355374,5.841545654529479,1.5017961904950374,0.0
District153,1952,0,0.6515399008160481,0.5543088915419098,0.3986199026355374,6.6033964634105455,1.7892719864643674,0.0
District153,1953,0,0.6515399008160481,0.5543088915419098,0.3986199026355374,5.833621614822797,1.5296184674781923,0.0
District153,1954,0,0.6515399008160481,0.5543088915419098,0.3986199026355374,6.9845998938923195,2.014119295075573,0.0
District153,1955,0,0.6515399008160481,0.5543088915419098,0.3986199026355374,7.1628126062991555,2.32633193887001,0.0
District153,1956,0,0.6515399008160481,0.5543088915419098,0.3986199026355374,7.115839193586537,2.129367595114278,0.0
District153,1957,0,0.6515399008160481,0.5543088915419098,0.3986199026355374,7.06730399535436,2.1954366258734086,0.0
District153,1958,0,0.6515399008160481,0.5543088915419098,0.3986199026355374,6.199643331093485,1.8268550773697507,0.0
District153,1959,0,0.6515399008160481,0.5543088915419098,0.3986199026355374,7.275718092140543,2.235499352983832,0.0
District153,1960,0,0.6515399008160481,0.5543088915419098,0.3986199026355374,7.815065008345767,2.2014790921112035,0.0
District153,1961,0,0.6515399008160481,0.5543088915419098,0.3986199026355374,7.131119298685628,1.332184426991764,0.0
District153,1962,1,0.6515399008160481,0.5543088915419098,0.3986199026355374,7.49469206746348,1.9793758523424767,0.6515399008160481
District153,1963,1,0.6515399008160481,0.5543088915419098,0.3986199026355374,5.545049464049472,1.4491373406934662,0.6515399008160481
District153,1964,1,0.6515399008160481,0.5543088915419098,0.3986199026355374,6.600861926302443,1.7106528933956682,0.6515399008160481
District153,1965,1,0.6515399008160481,0.5543088915419098,0.3986199026355374,6.816463318304279,1.9470271652757833,0.6515399008160481
District153,1966,1,0.6515399008160481,0.5543088915419098,0.3986199026355374,6.232398621484943,1.9408564301992677,0.6515399008160481
District153,1967,1,0.6515399008160481,0.5543088915419098,0.3986199026355374,8.671548974916341,1.954158846248705,0.6515399008160481
District153,1968,1,0.6515399008160481,0.5543088915419098,0.3986199026355374,7.388496035714689,1.8958628718696648,0.6515399008160481
District153,1969,1,0.6515399008160481,0.5543088915419098,0.3986199026355374,5.392107070360438,2.1618039129977165,0.6515399008160481
District153,1970,1,0.6515399008160481,0.5543088915419098,0.3986199026355374,5.056618665813903,1.7801673958869533,0.6515399008160481
District153,1971,1,0.6515399008160481,0.5543088915419098,0.3986199026355374,6.866272111527547,1.6616666751147688,0.6515399008160481
District153,1972,1,0.6515399008160481,0.5543088915419098,0.3986199026355374,6.951170373892119,1.5847086756538222,0.6515399008160481
District153,1973,1,0.6515399008160481,0.5543088915419098,0.3986199026355374,6.463487027656036,1.9928239963826748,0.6515399008160481
District153,1974,1,0.6515399008160481,0.5543088915419098,0.3986199026355374,6.430683759786172,1.9294999486660642,0.6515399008160481
District153,1975,1,0.6515399008160481,0.5543088915419098,0.3986199026355374,7.218612473761209,1.1968634629111008,0.6515399008160481
District154,1950,0,3.585875821473003,-0.21784765065352538,0.11794312502847862,4.965788907835024,1.5062034503404793,0.0
District154,1951,0,3.585875821473003,-0.21784765065352538,0.11794312502847862,3.7692927434108943,1.061003951170471,0.0
District154,1952,0,3.585875821473003,-0.21784765065352538,0.11794312502847862,5.581831164070932,2.4715641880434873,0.0
District154,1953,0,3.585875821473003,-0.21784765065352538,0.11794312502847862,5.307030977003549,1.9837266085193297,0.0
District154,1954,0,3.585875821473003,-0.21784765065352538,0.11794312502847862,4.1989494967453345,1.9234918314725409,0.0
District154,1955,0,3.585875821473003,-0.21784765065352538,0.11794312502847862,6.010638614328814,2.095521820419739,0.0
District154,1956,0,3.585875821473003,-0.21784765065352538,0.11794312502847862,4.131671358685881,2.3693849141132803,0.0
District154,1957,0,3.585875821473003,-0.21784765065352538,0.11794312502847862,5.607840277262152,2.5491080084397155,0.0
District154,1958,0,3.585875821473003,-0.21784765065352538,0.11794312502847862,5.414696067660167,2.06518194676576,0.0
District154,1959,0,3.585875821473003,-0.21784765065352538,0.11794312502847862,7.363195529094307,2.1892372852379993,0.0
District154,1960,0,3.585875821473003,-0.21784765065352538,0.11794312502847862,7.230409563892872,2.5599005097344705,0.0
District154,1961,0,3.585875821473003,-0.21784765065352538,0.11794312502847862,6.963768120756263,1.5338290381516333,0.0
District154,1962,1,3.585875821473003,-0.21784765065352538,0.11794312502847862,5.572862575693173,2.1984376389408875,3.585875821473003
District154,1963,1,3.585875821473003,-0.21784765065352538,0.11794312502847862,7.4780240687073505,2.041377478976065,3.585875821473003
District154,1964,1,3.585875821473003,-0.21784765065352538,0.11794312502847862,6.268432553570166,1.831389482599864,3.585875821473003
District154,1965,1,3.585875821473003,-0.21784765065352538,0.11794312502847862,7.1296680205274,1.2541297749766966,3.585875821473003
District154,1966,1,3.585875821473003,-0.21784765065352538,0.11794312502847862,8.383644932483543,2.0634141465264686,3.585875821473003
District154,1967,1,3.585875821473003,-0.21784765065352538,0.11794312502847862,8.763128930331092,1.7348474732096197,3.585875821473003
District154,1968,1,3.585875821473003,-0.21784765065352538,0.11794312502847862,8.143911810555377,1.9906659695064919,3.585875821473003
District154,1969,1,3.585875821473003,-0.21784765065352538,0.11794312502847862,7.183604881162735,2.5223788851760336,3.585875821473003
District154,1970,1,3.585875821473003,-0.21784765065352538,0.11794312502847862,7.132602537442237,2.2116411886793337,3.585875821473003
District154,1971,1,3.585875821473003,-0.21784765065352538,0.11794312502847862,7.700148868620401,1.5176455476194377,3.585875821473003
District154,1972,1,3.585875821473003,-0.21784765065352538,0.11794312502847862,7.7197392473999376,2.2029498276352606,3.585875821473003
District154,1973,1,3.585875821473003,-0.21784765065352538,0.11794312502847862,5.9120356933119895,2.0558401784573794,3.585875821473003
District154,1974,1,3.585875821473003,-0.21784765065352538,0.11794312502847862,7.432632953154067,1.4612221983086802,3.585875821473003
District154,1975,1,3.585875821473003,-0.21784765065352538,0.11794312502847862,6.427442422029134,1.6553585880057866,3.585875821473003
District155,1950,0,1.9039390573920365,-1.67575307871699,0.464804800431502,5.995874892272796,1.7714237869542673,0.0
District155,1951,0,1.9039390573920365,-1.67575307871699,0.464804800431502,4.928927902860243,1.5634688974303224,0.0
District155,1952,0,1.9039390573920365,-1.67575307871699,0.464804800431502,4.666303919186264,1.7022244854666864,0.0
District155,1953,0,1.9039390573920365,-1.67575307871699,0.464804800431502,3.7170493493463796,1.3481372374638174,0.0
District155,1954,0,1.9039390573920365,-1.67575307871699,0.464804800431502,4.3633577827033605,1.1130620709081638,0.0
District155,1955,0,1.9039390573920365,-1.67575307871699,0.464804800431502,4.264906296441497,1.699878928903145,0.0
District155,1956,0,1.9039390573920365,-1.67575307871699,0.464804800431502,4.467921518762656,1.7379394530410999,0.0
District155,1957,0,1.9039390573920365,-1.67575307871699,0.464804800431502,5.000779240469209,1.1724750186429358,0.0
District155,1958,0,1.9039390573920365,-1.67575307871699,0.464804800431502,5.697307775309694,2.138896694486637,0.0
District155,1959,0,1.9039390573920365,-1.67575307871699,0.464804800431502,4.851250708910628,1.9004201098449565,0.0
District155,1960,0,1.9039390573920365,-1.67575307871699,0.464804800431502,4.179165864823283,0.9006974098350852,0.0
District155,1961,0,1.9039390573920365,-1.67575307871699,0.464804800431502,4.8838737730290225,1.540832004668779,0.0
District155,1962,1,1.9039390573920365,-1.67575307871699,0.464804800431502,7.047225701938579,2.0938023802906067,1.9039390573920365
District155,1963,1,1.9039390573920365,-1.67575307871699,0.464804800431502,6.440958949396149,1.3137708997090327,1.9039390573920365
District155,1964,1,1.9039390573920365,-1.67575307871699,0.464804800431502,4.7371626791053565,2.1831044596200653,1.9039390573920365
District155,1965,1,1.9039390573920365,-1.67575307871699,0.464804800431502,6.506888681408977,1.83449878172335,1.9039390573920365
District155,1966,1,1.9039390573920365,-1.67575307871699,0.464804800431502,4.207875135919238,1.5292654294721724,1.9039390573920365
District155,1967,1,1.9039390573920365,-1.67575307871699,0.464804800431502,5.491913038375315,1.7374969557088613,1.9039390573920365
District155,1968,1,1.9039390573920365,-1.67575307871699,0.464804800431502,6.121316094483652,1.3503916777410259,1.9039390573920365
District155,1969,1,1.9039390573920365,-1.67575307871699,0.464804800431502,6.743188211080118,1.8452582370990556,1.9039390573920365
District155,1970,1,1.9039390573920365,-1.67575307871699,0.464804800431502,5.340358603265266,1.6764776025610513,1.9039390573920365
District155,1971,1,1.9039390573920365,-1.67575307871699,0.464804800431502,5.01904354616387,1.7096195718859526,1.9039390573920365
District155,1972,1,1.9039390573920365,-1.67575307871699,0.464804800431502,5.589364756576391,2.132180141257297,1.9039390573920365
District155,1973,1,1.9039390573920365,-1.67575307871699,0.464804800431502,6.178268038990309,1.5606115242347962,1.9039390573920365
District155,1974,1,1.9039390573920365,-1.67575307871699,0.464804800431502,6.373260531948975,2.1189414924216265,1.9039390573920365
District155,1975,1,1.9039390573920365,-1.67575307871699,0.464804800431502,6.238840417087138,2.230330820140466,1.9039390573920365
District156,1950,0,6.060862317078094,-0.88849973414855,0.2752631969201736,5.409866155618221,1.2797762757221283,0.0
District156,1951,0,6.060862317078094,-0.88849973414855,0.2752631969201736,6.047682679873344,1.9746156815886076,0.0
District156,1952,0,6.060862317078094,-0.88849973414855,0.2752631969201736,4.424079864508362,0.9580361885741743,0.0
District156,1953,0,6.060862317078094,-0.88849973414855,0.2752631969201736,6.37601232805747,1.3569107009988362,0.0
District156,1954,0,6.060862317078094,-0.88849973414855,0.2752631969201736,7.5917389430186315,2.386642919262077,0.0
District156,1955,0,6.060862317078094,-0.88849973414855,0.2752631969201736,5.262485609348301,1.442908342414344,0.0
District156,1956,0,6.060862317078094,-0.88849973414855,0.2752631969201736,5.263730767607172,1.6885354474317857,0.0
District156,1957,0,6.060862317078094,-0.88849973414855,0.2752631969201736,5.655360102941407,1.5024550457441754,0.0
District156,1958,0,6.060862317078094,-0.88849973414855,0.2752631969201736,6.259401093771662,2.235811791369382,0.0
District156,1959,0,6.060862317078094,-0.88849973414855,0.2752631969201736,5.114572309133306,2.155164780802891,0.0
District156,1960,0,6.060862317078094,-0.88849973414855,0.2752631969201736,4.643502160672514,1.956945000546871,0.0
District156,1961,0,6.060862317078094,-0.88849973414855,0.2752631969201736,5.641610178796989,1.5186815266368856,0.0
District156,1962,1,6.060862317078094,-0.88849973414855,0.2752631969201736,7.367945386592922,2.1141215667603914,6.060862317078094
District156,1963,1,6.060862317078094,-0.88849973414855,0.2752631969201736,9.982695517812807,2.0861210006241726,6.060862317078094
District156,1964,1,6.060862317078094,-0.88849973414855,0.2752631969201736,9.231972400575954,2.1855622460790607,6.060862317078094
District156,1965,1,6.060862317078094,-0.88849973414855,0.2752631969201736,9.92240344734041,1.9376533222968813,6.060862317078094
District156,1966,1,6.060862317078094,-0.88849973414855,0.2752631969201736,8.214310578195413,1.9374886150833306,6.060862317078094
District156,1967,1,6.060862317078094,-0.88849973414855,0.2752631969201736,8.615699423893851,2.3276496507790294,6.060862317078094
District156,1968,1,6.060862317078094,-0.88849973414855,0.2752631969201736,9.341681992849214,2.0001952686907787,6.060862317078094
District156,1969,1,6.060862317078094,-0.88849973414855,0.2752631969201736,9.655040487933553,1.7118541128276432,6.060862317078094
District156,1970,1,6.060862317078094,-0.88849973414855,0.2752631969201736,9.91968773738325,2.4538692575091776,6.060862317078094
District156,1971,1,6.060862317078094,-0.88849973414855,0.2752631969201736,7.916379080462045,2.746190575933131,6.060862317078094
District156,1972,1,6.060862317078094,-0.88849973414855,0.2752631969201736,9.704335719148615,2.3212138753413862,6.060862317078094
District156,1973,1,6.060862317078094,-0.88849973414855,0.2752631969201736,9.364220275621081,2.2059493157214534,6.060862317078094
District156,1974,1,6.060862317078094,-0.88849973414855,0.2752631969201736,8.146742557340787,2.9908206586008568,6.060862317078094
District156,1975,1,6.060862317078094,-0.88849973414855,0.2752631969201736,9.22403710498003,2.249368493124557,6.060862317078094
District157,1950,0,3.0542840184354025,0.09437281434441673,0.02,4.536797655463877,1.5390033509742234,0.0
District157,1951,0,3.0542840184354025,0.09437281434441673,0.02,4.290532570942412,1.6184631060303107,0.0
District157,1952,0,3.0542840184354025,0.09437281434441673,0.02,5.628312514689728,1.4643261827982474,0.0
District157,1953,0,3.0542840184354025,0.09437281434441673,0.02,5.905091715261796,1.9277159775080523,0.0
District157,1954,0,3.0542840184354025,0.09437281434441673,0.02,5.48067404222431,1.8406194603476276,0.0
District157,1955,0,3.0542840184354025,0.09437281434441673,0.02,5.7802276641185015,1.7365523426311158,0.0
District157,1956,0,3.0542840184354025,0.09437281434441673,0.02,4.781813961894854,1.4801823689158704,0.0
District157,1957,0,3.0542840184354025,0.09437281434441673,0.02,5.307005564620358,1.6135116224905186,0.0
District157,1958,0,3.0542840184354025,0.09437281434441673,0.02,5.1704815040546395,1.4582300400400117,0.0
District157,1959,0,3.0542840184354025,0.09437281434441673,0.02,5.853206112638072,1.7920631559408644,0.0
District157,1960,0,3.0542840184354025,0.09437281434441673,0.02,5.321609213185071,2.071877031576953,0.0
District157,1961,0,3.0542840184354025,0.09437281434441673,0.02,6.172441949955112,1.5332177054563796,0.0
District157,1962,1,3.0542840184354025,0.09437281434441673,0.02,7.87094317277527,2.41614718625204,3.0542840184354025
District157,1963,1,3.0542840184354025,0.09437281434441673,0.02,7.766564509941474,1.6354800968305954,3.0542840184354025
District157,1964,1,3.0542840184354025,0.09437281434441673,0.02,6.323218571307148,1.720991078382871,3.0542840184354025
District157,1965,1,3.0542840184354025,0.09437281434441673,0.02,7.1094922815175225,1.9780948592079544,3.0542840184354025
District157,1966,1,3.0542840184354025,0.09437281434441673,0.02,8.323342136765636,1.925562960734179,3.0542840184354025
District157,1967,1,3.0542840184354025,0.09437281434441673,0.02,7.600731817153434,1.2372007385928594,3.0542840184354025
District157,1968,1,3.0542840184354025,0.09437281434441673,0.02,8.092708627701638,1.8778099400715837,3.0542840184354025
District157,1969,1,3.0542840184354025,0.09437281434441673,0.02,7.196583929565916,1.441687189610935,3.0542840184354025
District157,1970,1,3.0542840184354025,0.09437281434441673,0.02,5.973775830594265,2.322383898095789,3.0542840184354025
District157,1971,1,3.0542840184354025,0.09437281434441673,0.02,5.49730168811793,1.2278048802866492,3.0542840184354025
District157,1972,1,3.0542840184354025,0.09437281434441673,0.02,8.718405294643054,1.8648590271666259,3.0542840184354025
District157,1973,1,3.0542840184354025,0.09437281434441673,0.02,7.177660027432674,2.1629306640333334,3.0542840184354025
District157,1974,1,3.0542840184354025,0.09437281434441673,0.02,8.233645837778239,1.6902029497006577,3.0542840184354025
District157,1975,1,3.0542840184354025,0.09437281434441673,0.02,8.305227450885868,1.6231230322836856,3.0542840184354025
District158,1950,0,2.519830714228868,-0.4982650298504982,0.1730785248316961,5.455813948180345,1.9890592907566143,0.0
District158,1951,0,2.519830714228868,-0.4982650298504982,0.1730785248316961,7.060243796357048,1.679982507317523,0.0
District158,1952,0,2.519830714228868,-0.4982650298504982,0.1730785248316961,4.177038529987415,1.5657112145358463,0.0
District158,1953,0,2.519830714228868,-0.4982650298504982,0.1730785248316961,6.082613391071751,2.081137848975314,0.0
District158,1954,0,2.519830714228868,-0.4982650298504982,0.1730785248316961,4.795496373114773,1.5980776448345901,0.0
District158,1955,0,2.519830714228868,-0.4982650298504982,0.1730785248316961,4.767473838056392,1.558426744056224,0.0
District158,1956,0,2.519830714228868,-0.4982650298504982,0.1730785248316961,5.380671522281739,1.6828571860965773,0.0
District158,1957,0,2.519830714228868,-0.4982650298504982,0.1730785248316961,5.217794687165729,1.6047302330388598,0.0
District158,1958,0,2.519830714228868,-0.4982650298504982,0.1730785248316961,3.020114774245533,1.7977322222038143,0.0
District158,1959,0,2.519830714228868,-0.4982650298504982,0.1730785248316961,6.520771900128291,2.2001396366790646,0.0
District158,1960,0,2.519830714228868,-0.4982650298504982,0.1730785248316961,4.071006723554761,1.4321575327283214,0.0
District158,1961,0,2.519830714228868,-0.4982650298504982,0.1730785248316961,4.037948620596599,1.9677981426914954,0.0
District158,1962,1,2.519830714228868,-0.4982650298504982,0.1730785248316961,8.355897891276298,2.9488291686873387,2.519830714228868
District158,1963,1,2.519830714228868,-0.4982650298504982,0.1730785248316961,6.737377161412411,1.8284615160596855,2.519830714228868
District158,1964,1,2.519830714228868,-0.4982650298504982,0.1730785248316961,6.553064904335384,2.35650871333421,2.519830714228868
District158,1965,1,2.519830714228868,-0.4982650298504982,0.1730785248316961,6.699996651378515,1.7722085235254448,2.519830714228868
District158,1966,1,2.519830714228868,-0.4982650298504982,0.1730785248316961,6.247951833210916,1.7686558272575625,2.519830714228868
District158,1967,1,2.519830714228868,-0.4982650298504982,0.1730785248316961,5.959090822719432,1.793852237562152,2.519830714228868
District158,1968,1,2.519830714228868,-0.4982650298504982,0.1730785248316961,7.991240574804277,1.6471032443295646,2.519830714228868
District158,1969,1,2.519830714228868,-0.4982650298504982,0.1730785248316961,8.307141828733839,2.5125832604327507,2.519830714228868
District158,1970,1,2.519830714228868,-0.4982650298504982,0.1730785248316961,6.266582460118151,1.152419131822819,2.519830714228868
District158,1971,1,2.519830714228868,-0.4982650298504982,0.1730785248316961,7.556318194503475,2.31124539280164,2.519830714228868
District158,1972,1,2.519830714228868,-0.4982650298504982,0.1730785248316961,5.9611947799736695,1.9450533922517044,2.519830714228868
District158,1973,1,2.519830714228868,-0.4982650298504982,0.1730785248316961,5.387460575465413,1.8252162685613287,2.519830714228868
District158,1974,1,2.519830714228868,-0.4982650298504982,0.1730785248316961,7.190344253542068,1.7062817445175507,2.519830714228868
District158,1975,1,2.519830714228868,-0.4982650298504982,0.1730785248316961,6.189800455505922,1.826402904812618,2.519830714228868
District159,1950,0,2.5338524982476898,-1.7695941544094218,0.22471551482976815,5.3860076313717515,2.1565267184198036,0.0
District159,1951,0,2.5338524982476898,-1.7695941544094218,0.22471551482976815,4.689053500082179,1.9938163509229336,0.0
District159,1952,0,2.5338524982476898,-1.7695941544094218,0.22471551482976815,4.753845267571439,1.7554876152842385,0.0
District159,1953,0,2.5338524982476898,-1.7695941544094218,0.22471551482976815,5.2108561205467625,1.8557546412444592,0.0
District159,1954,0,2.5338524982476898,-1.7695941544094218,0.22471551482976815,5.950554439903018,1.6768831382180722,0.0
District159,1955,0,2.5338524982476898,-1.7695941544094218,0.22471551482976815,5.4431009262439565,1.7448323912663226,0.0
District159,1956,0,2.5338524982476898,-1.7695941544094218,0.22471551482976815,4.922938336763953,1.9972093426339153,0.0
District159,1957,0,2.5338524982476898,-1.7695941544094218,0.22471551482976815,5.076072421999059,1.8131868601293601,0.0
District159,1958,0,2.5338524982476898,-1.7695941544094218,0.22471551482976815,4.022579706341905,1.56721035864968,0.0
District159,1959,0,2.5338524982476898,-1.7695941544094218,0.22471551482976815,3.577169875358812,1.97094766431366,0.0
District159,1960,0,2.5338524982476898,-1.7695941544094218,0.22471551482976815,5.955276304304244,1.559816652523619,0.0
District159,1961,0,2.5338524982476898,-1.7695941544094218,0.22471551482976815,4.442782002204396,1.5067024010971521,0.0
District159,1962,1,2.5338524982476898,-1.7695941544094218,0.22471551482976815,6.33892326629128,1.695763886899471,2.5338524982476898
District159,1963,1,2.5338524982476898,-1.7695941544094218,0.22471551482976815,5.476663549933842,1.4487562695407055,2.5338524982476898
District159,1964,1,2.5338524982476898,-1.7695941544094218,0.22471551482976815,4.6530979959602785,1.9498566872776877,2.5338524982476898
District159,1965,1,2.5338524982476898,-1.7695941544094218,0.22471551482976815,5.034702617335233,1.9104839967133769,2.5338524982476898
District159,1966,1,2.5338524982476898,-1.7695941544094218,0.22471551482976815,5.084867718814587,2.1653215392442404,2.5338524982476898
District159,1967,1,2.5338524982476898,-1.7695941544094218,0.22471551482976815,5.073364648592043,1.750046470732802,2.5338524982476898
District159,1968,1,2.5338524982476898,-1.7695941544094218,0.22471551482976815,5.09422630386655,2.3546643387246373,2.5338524982476898
District159,1969,1,2.5338524982476898,-1.7695941544094218,0.22471551482976815,6.364982859089264,1.6506619402522347,2.5338524982476898
District159,1970,1,2.5338524982476898,-1.7695941544094218,0.22471551482976815,5.944064027463508,2.0833662347369213,2.5338524982476898
District159,1971,1,2.5338524982476898,-1.7695941544094218,0.22471551482976815,6.704842815659206,1.9417313854872553,2.5338524982476898
District159,1972,1,2.5338524982476898,-1.7695941544094218,0.22471551482976815,6.115314230563727,1.8023114207776514,2.5338524982476898
District159,1973,1,2.5338524982476898,-1.7695941544094218,0.22471551482976815,5.547089837790016,1.7848982244850582,2.5338524982476898
District159,1974,1,2.5338524982476898,-1.7695941544094218,0.22471551482976815,7.229600959877615,1.9595075350237623,2.5338524982476898
District159,1975,1,2.5338524982476898,-1.7695941544094218,0.22471551482976815,6.016936819644864,1.546090101888457,2.5338524982476898
District160,1950,0,2.91469632745009,-1.6911440183998625,0.2522121835537021,4.3110264396239115,1.621157620320888,0.0
District160,1951,0,2.91469632745009,-1.6911440183998625,0.2522121835537021,3.5672995731800157,2.051411533107105,0.0
District160,1952,0,2.91469632745009,-1.6911440183998625,0.2522121835537021,3.185298257974181,2.2826012544772127,0.0
District160,1953,0,2.91469632745009,-1.6911440183998625,0.2522121835537021,6.086692781751388,1.8807635442643524,0.0
District160,1954,0,2.91469632745009,-1.6911440183998625,0.2522121835537021,5.307019382695036,1.72871851684311,0.0
District160,1955,0,2.91469632745009,-1.6911440183998625,0.2522121835537021,4.604783508735562,2.311342527055057,0.0
District160,1956,0,2.91469632745009,-1.6911440183998625,0.2522121835537021,4.808600351885731,1.8785027408098547,0.0
District160,1957,0,2.91469632745009,-1.6911440183998625,0.2522121835537021,5.659209972665318,2.3434261301356485,0.0
District160,1958,0,2.91469632745009,-1.6911440183998625,0.2522121835537021,3.3211314905994875,1.2910929998510507,0.0
District160,1959,0,2.91469632745009,-1.6911440183998625,0.2522121835537021,5.282454566507675,2.3327946171566003,0.0
District160,1960,0,2.91469632745009,-1.6911440183998625,0.2522121835537021,4.292541397185801,1.7915210124817667,0.0
District160,1961,0,2.91469632745009,-1.6911440183998625,0.2522121835537021,3.7131907668267905,1.1309231122417782,0.0
District160,1962,1,2.91469632745009,-1.6911440183998625,0.2522121835537021,6.2273320961680545,1.7222167112979345,2.91469632745009
District160,1963,1,2.91469632745009,-1.6911440183998625,0.2522121835537021,5.230234844083032,1.8603431370165586,2.91469632745009
District160,1964,1,2.91469632745009,-1.6911440183998625,0.2522121835537021,7.011761802565747,1.6094430646767268,2.91469632745009
District160,1965,1,2.91469632745009,-1.6911440183998625,0.2522121835537021,5.746102174854485,1.3747788635971758,2.91469632745009
District160,1966,1,2.91469632745009,-1.6911440183998625,0.2522121835537021,8.106664048282191,1.9528632275343958,2.91469632745009
District160,1967,1,2.91469632745009,-1.6911440183998625,0.2522121835537021,6.061427949413569,1.8858093195851902,2.91469632745009
District160,1968,1,2.91469632745009,-1.6911440183998625,0.2522121835537021,7.007812063643904,1.64570258393971,2.91469632745009
District160,1969,1,2.91469632745009,-1.6911440183998625,0.2522121835537021,5.9530077970369915,1.601582689834891,2.91469632745009
District160,1970,1,2.91469632745009,-1.6911440183998625,0.2522121835537021,5.5272192858712765,1.9432617826154228,2.91469632745009
District160,1971,1,2.91469632745009,-1.6911440183998625,0.2522121835537021,6.552955601093443,1.9836517258996345,2.91469632745009
District160,1972,1,2.91469632745009,-1.6911440183998625,0.2522121835537021,6.912122913655563,2.2150334515230896,2.91469632745009
District160,1973,1,2.91469632745009,-1.6911440183998625,0.2522121835537021,6.934240353441053,1.7954202417160952,2.91469632745009
District160,1974,1,2.91469632745009,-1.6911440183998625,0.2522121835537021,6.506291335649359,1.4801647424487705,2.91469632745009
District160,1975,1,2.91469632745009,-1.6911440183998625,0.2522121835537021,4.746262977848955,1.0295180129782227,2.91469632745009
District161,1950,0,3.5716045626323183,-0.5261061879155645,0.6550539701368202,6.952480987717887,1.9899197790888568,0.0
District161,1951,0,3.5716045626323183,-0.5261061879155645,0.6550539701368202,5.334156923039506,2.326571262309433,0.0
District161,1952,0,3.5716045626323183,-0.5261061879155645,0.6550539701368202,4.311680238485597,2.073604340625711,0.0
District161,1953,0,3.5716045626323183,-0.5261061879155645,0.6550539701368202,4.6401970803917925,1.0955749882613195,0.0
District161,1954,0,3.5716045626323183,-0.5261061879155645,0.6550539701368202,6.2267285591495085,1.8791983757214716,0.0
District161,1955,0,3.5716045626323183,-0.5261061879155645,0.6550539701368202,5.80338455294521,1.6560567072843744,0.0
District161,1956,0,3.5716045626323183,-0.5261061879155645,0.6550539701368202,6.65406870032158,1.4938964352223465,0.0
District161,1957,0,3.5716045626323183,-0.5261061879155645,0.6550539701368202,5.187489915274493,1.5444062874918618,0.0
District161,1958,0,3.5716045626323183,-0.5261061879155645,0.6550539701368202,5.34165506573204,1.705471229606483,0.0
District161,1959,0,3.5716045626323183,-0.5261061879155645,0.6550539701368202,6.099770344291793,1.556398795584043,0.0
District161,1960,0,3.5716045626323183,-0.5261061879155645,0.6550539701368202,5.411809832475462,1.6604213454112917,0.0
District161,1961,0,3.5716045626323183,-0.5261061879155645,0.6550539701368202,6.708231616470691,1.3412481687239346,0.0
District161,1962,1,3.5716045626323183,-0.5261061879155645,0.6550539701368202,8.674189172086134,2.044212054339245,3.5716045626323183
District161,1963,1,3.5716045626323183,-0.5261061879155645,0.6550539701368202,7.372830462475249,1.666208583345373,3.5716045626323183
District161,1964,1,3.5716045626323183,-0.5261061879155645,0.6550539701368202,9.46675994377687,1.6400815990228037,3.5716045626323183
District161,1965,1,3.5716045626323183,-0.5261061879155645,0.6550539701368202,7.681518243492353,1.6661533387510772,3.5716045626323183
District161,1966,1,3.5716045626323183,-0.5261061879155645,0.6550539701368202,9.749614517209844,2.194147594887996,3.5716045626323183
District161,1967,1,3.5716045626323183,-0.5261061879155645,0.6550539701368202,8.57948099198084,2.1122885781263827,3.5716045626323183
District161,1968,1,3.5716045626323183,-0.5261061879155645,0.6550539701368202,6.371009527220899,2.2218758661994182,3.5716045626323183
District161,1969,1,3.5716045626323183,-0.5261061879155645,0.6550539701368202,7.4043173952705015,1.8527332536471897,3.5716045626323183
District161,1970,1,3.5716045626323183,-0.5261061879155645,0.6550539701368202,8.809546988099644,1.7826071310524274,3.5716045626323183
District161,1971,1,3.5716045626323183,-0.5261061879155645,0.6550539701368202,8.807757729146122,2.5760728071131105,3.5716045626323183
District161,1972,1,3.5716045626323183,-0.5261061879155645,0.6550539701368202,8.53246245673719,2.5302793906881567,3.5716045626323183
District161,1973,1,3.5716045626323183,-0.5261061879155645,0.6550539701368202,8.401482368646123,1.8983850022264055,3.5716045626323183
District161,1974,1,3.5716045626323183,-0.5261061879155645,0.6550539701368202,7.045055002400598,1.9355676814856688,3.5716045626323183
District161,1975,1,3.5716045626323183,-0.5261061879155645,0.6550539701368202,7.25737786280056,1.7042475364309564,3.5716045626323183
District162,1950,0,4.701304461132971,-0.7216600461182179,0.2913413315659681,4.511829818383957,2.198721475556264,0.0
District162,1951,0,4.701304461132971,-0.7216600461182179,0.2913413315659681,5.67284859051789,1.8541541995067958,0.0
District162,1952,0,4.701304461132971,-0.7216600461182179,0.2913413315659681,5.825036491088926,1.368091879862701,0.0
District162,1953,0,4.701304461132971,-0.7216600461182179,0.2913413315659681,4.5907242096167495,1.9501500084149144,0.0
District162,1954,0,4.701304461132971,-0.7216600461182179,0.2913413315659681,6.3362231363482895,1.4675688008957681,0.0
District162,1955,0,4.701304461132971,-0.7216600461182179,0.2913413315659681,5.139916752201701,1.7914993664168122,0.0
District162,1956,0,4.701304461132971,-0.7216600461182179,0.2913413315659681,4.67246694357514,1.2648280804202336,0.0
District162,1957,0,4.701304461132971,-0.7216600461182179,0.2913413315659681,4.802263296396827,2.004916564768207,0.0
District162,1958,0,4.701304461132971,-0.7216600461182179,0.2913413315659681,5.261427888700849,1.5392018513739656,0.0
District162,1959,0,4.701304461132971,-0.7216600461182179,0.2913413315659681,5.35023500787846,2.028031437751615,0.0
District162,1960,0,4.701304461132971,-0.7216600461182179,0.2913413315659681,6.602849542161673,1.8298441378427475,0.0
District162,1961,0,4.701304461132971,-0.7216600461182179,0.2913413315659681,5.262961035711091,2.1005360549500227,0.0
District162,1962,1,4.701304461132971,-0.7216600461182179,0.2913413315659681,7.820909155784542,1.6740627728243496,4.701304461132971
District162,1963,1,4.701304461132971,-0.7216600461182179,0.2913413315659681,8.91377028825848,2.074484138454855,4.701304461132971
District162,1964,1,4.701304461132971,-0.7216600461182179,0.2913413315659681,8.53242624796688,2.2590646096663387,4.701304461132971
District162,1965,1,4.701304461132971,-0.7216600461182179,0.2913413315659681,9.264175355528572,2.034210552389651,4.701304461132971
District162,1966,1,4.701304461132971,-0.7216600461182179,0.2913413315659681,8.253102470085382,2.091559960616114,4.701304461132971
District162,1967,1,4.701304461132971,-0.7216600461182179,0.2913413315659681,8.06946923844545,1.3024920560464643,4.701304461132971
District162,1968,1,4.701304461132971,-0.7216600461182179,0.2913413315659681,8.34584092271597,2.161708891010463,4.701304461132971
District162,1969,1,4.701304461132971,-0.7216600461182179,0.2913413315659681,7.923078483468087,1.6947601614636683,4.701304461132971
District162,1970,1,4.701304461132971,-0.7216600461182179,0.2913413315659681,7.179102144448113,1.9522666366734656,4.701304461132971
District162,1971,1,4.701304461132971,-0.7216600461182179,0.2913413315659681,6.805469607624559,1.541789192899253,4.701304461132971
District162,1972,1,4.701304461132971,-0.7216600461182179,0.2913413315659681,8.625630388775424,2.18132094081514,4.701304461132971
District162,1973,1,4.701304461132971,-0.7216600461182179,0.2913413315659681,7.641569842543926,1.8314061956804344,4.701304461132971
District162,1974,1,4.701304461132971,-0.7216600461182179,0.2913413315659681,8.736037579739929,2.5288677468354717,4.701304461132971
District162,1975,1,4.701304461132971,-0.7216600461182179,0.2913413315659681,9.49587069465784,2.5180649947247566,4.701304461132971
District163,1950,0,3.0369444314425995,-1.4958469773760334,0.43616863274429996,4.637077104096889,1.8600757439157127,0.0
District163,1951,0,3.0369444314425995,-1.4958469773760334,0.43616863274429996,6.045345417630687,1.3137337098757123,0.0
District163,1952,0,3.0369444314425995,-1.4958469773760334,0.43616863274429996,5.134258459496535,1.7678149353513615,0.0
District163,1953,0,3.0369444314425995,-1.4958469773760334,0.43616863274429996,5.321295319509999,1.8317781983754273,0.0
District163,1954,0,3.0369444314425995,-1.4958469773760334,0.43616863274429996,5.340357036238079,1.3019574717358138,0.0
District163,1955,0,3.0369444314425995,-1.4958469773760334,0.43616863274429996,6.005235050699755,1.271899181101003,0.0
District163,1956,0,3.0369444314425995,-1.4958469773760334,0.43616863274429996,4.005958690220224,1.30255942595641,0.0
District163,1957,0,3.0369444314425995,-1.4958469773760334,0.43616863274429996,6.113877995628392,2.243169089583579,0.0
District163,1958,0,3.0369444314425995,-1.4958469773760334,0.43616863274429996,5.201908493008051,1.9067978483463863,0.0
District163,1959,0,3.0369444314425995,-1.4958469773760334,0.43616863274429996,5.079643221089684,2.1388219238286186,0.0
District163,1960,0,3.0369444314425995,-1.4958469773760334,0.43616863274429996,4.671997455593973,1.979154237270878,0.0
District163,1961,0,3.0369444314425995,-1.4958469773760334,0.43616863274429996,4.229974518294279,2.441472017240585,0.0
District163,1962,1,3.0369444314425995,-1.4958469773760334,0.43616863274429996,5.75680163858164,1.7709605605264853,3.0369444314425995
District163,1963,1,3.0369444314425995,-1.4958469773760334,0.43616863274429996,6.918614329090312,1.4123047157268747,3.0369444314425995
District163,1964,1,3.0369444314425995,-1.4958469773760334,0.43616863274429996,6.8082378545962206,1.9919801886015465,3.0369444314425995
District163,1965,1,3.0369444314425995,-1.4958469773760334,0.43616863274429996,7.810536921974643,1.6507928021040135,3.0369444314425995
District163,1966,1,3.0369444314425995,-1.4958469773760334,0.43616863274429996,5.848747847598908,1.4329165719409551,3.0369444314425995
District163,1967,1,3.0369444314425995,-1.4958469773760334,0.43616863274429996,8.60518923434058,2.107727101539325,3.0369444314425995
District163,1968,1,3.0369444314425995,-1.4958469773760334,0.43616863274429996,8.463881190169392,2.0307301047658854,3.0369444314425995
District163,1969,1,3.0369444314425995,-1.4958469773760334,0.43616863274429996,6.705433277309169,1.4419304012990832,3.0369444314425995
District163,1970,1,3.0369444314425995,-1.4958469773760334,0.43616863274429996,6.795110577591513,1.4931521535564727,3.0369444314425995
District163,1971,1,3.0369444314425995,-1.4958469773760334,0.43616863274429996,7.008514416624722,1.5978710672433185,3.0369444314425995
District163,1972,1,3.0369444314425995,-1.4958469773760334,0.43616863274429996,7.363567491455,2.6342730652426285,3.0369444314425995
District163,1973,1,3.0369444314425995,-1.4958469773760334,0.43616863274429996,7.658369141132164,1.8547387767138261,3.0369444314425995
District163,1974,1,3.0369444314425995,-1.4958469773760334,0.43616863274429996,8.55469623933041,2.092279486973393,3.0369444314425995
District163,1975,1,3.0369444314425995,-1.4958469773760334,0.43616863274429996,6.969946289209925,1.8291479550192449,3.0369444314425995
District164,1950,0,0.6296777794983353,0.8464081528524043,0.4176283693577616,5.853480633101826,1.8882214949662433,0.0
District164,1951,0,0.6296777794983353,0.8464081528524043,0.4176283693577616,5.791541107634635,1.390047022786621,0.0
District164,1952,0,0.6296777794983353,0.8464081528524043,0.4176283693577616,7.013690005786826,2.651491105164588,0.0
District164,1953,0,0.6296777794983353,0.8464081528524043,0.4176283693577616,6.341673562230078,1.7581942489396267,0.0
District164,1954,0,0.6296777794983353,0.8464081528524043,0.4176283693577616,7.659786345476155,2.5364727660071744,0.0
District164,1955,0,0.6296777794983353,0.8464081528524043,0.4176283693577616,5.947372282355242,2.0501752363378998,0.0
District164,1956,0,0.6296777794983353,0.8464081528524043,0.4176283693577616,5.768212502607783,1.8268717821483549,0.0
District164,1957,0,0.6296777794983353,0.8464081528524043,0.4176283693577616,5.913128328805929,1.7696804951081277,0.0
District164,1958,0,0.6296777794983353,0.8464081528524043,0.4176283693577616,6.345642446739519,2.73237984488252,0.0
District164,1959,0,0.6296777794983353,0.8464081528524043,0.4176283693577616,6.831781733094432,1.9137526929200814,0.0
District164,1960,0,0.6296777794983353,0.8464081528524043,0.4176283693577616,5.439403909511008,2.198230587909544,0.0
District164,1961,0,0.6296777794983353,0.8464081528524043,0.4176283693577616,7.200251741146491,2.033030838833359,0.0
District164,1962,1,0.6296777794983353,0.8464081528524043,0.4176283693577616,6.907800167921233,1.4428506781639654,0.6296777794983353
District164,1963,1,0.6296777794983353,0.8464081528524043,0.4176283693577616,6.568745868446658,2.0060524045705264,0.6296777794983353
District164,1964,1,0.6296777794983353,0.8464081528524043,0.4176283693577616,7.554337991078901,2.1782754112542637,0.6296777794983353
District164,1965,1,0.6296777794983353,0.8464081528524043,0.4176283693577616,6.9872663302792795,2.3571113665883563,0.6296777794983353
District164,1966,1,0.6296777794983353,0.8464081528524043,0.4176283693577616,7.45061493637269,2.035624404751392,0.6296777794983353
District164,1967,1,0.6296777794983353,0.8464081528524043,0.4176283693577616,7.436976636667624,2.2461028803009646,0.6296777794983353
District164,1968,1,0.6296777794983353,0.8464081528524043,0.4176283693577616,5.441505610422866,1.6464306718785031,0.6296777794983353
District164,1969,1,0.6296777794983353,0.8464081528524043,0.4176283693577616,7.56179209318841,1.3554711150313477,0.6296777794983353
District164,1970,1,0.6296777794983353,0.8464081528524043,0.4176283693577616,7.953081647910988,2.140326205744264,0.6296777794983353
District164,1971,1,0.6296777794983353,0.8464081528524043,0.4176283693577616,6.4948114690662315,2.204948124642446,0.6296777794983353
District164,1972,1,0.6296777794983353,0.8464081528524043,0.4176283693577616,6.514036274848564,2.0029324511733906,0.6296777794983353
District164,1973,1,0.6296777794983353,0.8464081528524043,0.4176283693577616,5.577547290416836,1.685544424642724,0.6296777794983353
District164,1974,1,0.6296777794983353,0.8464081528524043,0.4176283693577616,8.146971623556619,1.933728962133806,0.6296777794983353
District164,1975,1,0.6296777794983353,0.8464081528524043,0.4176283693577616,7.205881881865551,2.3162100219892423,0.6296777794983353
District165,1950,0,3.7459736225486893,-0.052263459013609716,0.2696928571165541,8.719090492136637,2.104242319416222,0.0
District165,1951,0,3.7459736225486893,-0.052263459013609716,0.2696928571165541,5.622557311897452,1.9207723384978201,0.0
District165,1952,0,3.7459736225486893,-0.052263459013609716,0.2696928571165541,5.833998151558033,1.7322765347932627,0.0
District165,1953,0,3.7459736225486893,-0.052263459013609716,0.2696928571165541,5.686304007759958,2.396318031594785,0.0
District165,1954,0,3.7459736225486893,-0.052263459013609716,0.2696928571165541,6.890879699555493,1.6257366483779803,0.0
District165,1955,0,3.7459736225486893,-0.052263459013609716,0.2696928571165541,3.962583174866566,1.8640068370966418,0.0
District165,1956,0,3.7459736225486893,-0.052263459013609716,0.2696928571165541,5.81149529204481,1.8420811315434473,0.0
District165,1957,0,3.7459736225486893,-0.052263459013609716,0.2696928571165541,5.834592481275599,2.4263262214858545,0.0
District165,1958,0,3.7459736225486893,-0.052263459013609716,0.2696928571165541,5.287570180844393,1.7238260804195833,0.0
District165,1959,0,3.7459736225486893,-0.052263459013609716,0.2696928571165541,5.548814722230058,1.4150611387610303,0.0
District165,1960,0,3.7459736225486893,-0.052263459013609716,0.2696928571165541,6.603818184474393,1.995673652066816,0.0
District165,1961,0,3.7459736225486893,-0.052263459013609716,0.2696928571165541,4.80186446460746,1.5824848205458615,0.0
District165,1962,1,3.7459736225486893,-0.052263459013609716,0.2696928571165541,7.100283261821398,2.0624140539275833,3.7459736225486893
District165,1963,1,3.7459736225486893,-0.052263459013609716,0.2696928571165541,8.110747793352553,2.3586193484251496,3.7459736225486893
District165,1964,1,3.7459736225486893,-0.052263459013609716,0.2696928571165541,7.2532864577947604,1.6528907451862127,3.7459736225486893
District165,1965,1,3.7459736225486893,-0.052263459013609716,0.2696928571165541,7.708334365423319,2.1834401143862356,3.7459736225486893
District165,1966,1,3.7459736225486893,-0.052263459013609716,0.2696928571165541,8.294640457811393,2.033486699354322,3.7459736225486893
District165,1967,1,3.7459736225486893,-0.052263459013609716,0.2696928571165541,7.28352590378926,1.6568436496916417,3.7459736225486893
District165,1968,1,3.7459736225486893,-0.052263459013609716,0.2696928571165541,7.3261081090063405,2.5084714200631826,3.7459736225486893
District165,1969,1,3.7459736225486893,-0.052263459013609716,0.2696928571165541,7.407379760496248,2.3540146237969486,3.7459736225486893
District165,1970,1,3.7459736225486893,-0.052263459013609716,0.2696928571165541,6.788674943457459,1.5923161728973316,3.7459736225486893
District165,1971,1,3.7459736225486893,-0.052263459013609716,0.2696928571165541,7.406781305136847,2.0846430807603715,3.7459736225486893
District165,1972,1,3.7459736225486893,-0.052263459013609716,0.2696928571165541,7.000188198321145,1.7784300237561537,3.7459736225486893
District165,1973,1,3.7459736225486893,-0.052263459013609716,0.2696928571165541,5.261945628445952,1.0137427073399294,3.7459736225486893
District165,1974,1,3.7459736225486893,-0.052263459013609716,0.2696928571165541,5.918009888453368,2.3660060051504894,3.7459736225486893
District165,1975,1,3.7459736225486893,-0.052263459013609716,0.2696928571165541,6.822634895532372,1.7906024759491623,3.7459736225486893
District166,1950,0,1.7182742728452707,-1.7739562128807325,0.26737317054416615,5.67774288295837,1.2115868777176897,0.0
District166,1951,0,1.7182742728452707,-1.7739562128807325,0.26737317054416615,5.183816934799379,1.4541060306624296,0.0
District166,1952,0,1.7182742728452707,-1.7739562128807325,0.26737317054416615,3.542079167886514,1.4194078218802746,0.0
District166,1953,0,1.7182742728452707,-1.7739562128807325,0.26737317054416615,6.422786614948368,1.9658658204425363,0.0
District166,1954,0,1.7182742728452707,-1.7739562128807325,0.26737317054416615,4.616636797679251,1.8424251553702116,0.0
District166,1955,0,1.7182742728452707,-1.7739562128807325,0.26737317054416615,3.958319672322117,1.7509481030439646,0.0
District166,1956,0,1.7182742728452707,-1.7739562128807325,0.26737317054416615,4.20573054685371,1.3648797751191166,0.0
District166,1957,0,1.7182742728452707,-1.7739562128807325,0.26737317054416615,5.101206676679883,1.9954368246368865,0.0
District166,1958,0,1.7182742728452707,-1.7739562128807325,0.26737317054416615,4.697199805964252,1.2618089953741833,0.0
District166,1959,0,1.7182742728452707,-1.7739562128807325,0.26737317054416615,4.270825368111495,1.148623454545982,0.0
District166,1960,0,1.7182742728452707,-1.7739562128807325,0.26737317054416615,4.112236928071949,2.0969959743432347,0.0
District166,1961,0,1.7182742728452707,-1.7739562128807325,0.26737317054416615,3.8318974389192313,1.5289970227857699,0.0
District166,1962,1,1.7182742728452707,-1.7739562128807325,0.26737317054416615,4.925805441607475,2.5905905382866874,1.7182742728452707
District166,1963,1,1.7182742728452707,-1.7739562128807325,0.26737317054416615,8.74669692774408,2.4104585534398186,1.7182742728452707
District166,1964,1,1.7182742728452707,-1.7739562128807325,0.26737317054416615,6.019056010135172,1.6123079215840113,1.7182742728452707
District166,1965,1,1.7182742728452707,-1.7739562128807325,0.26737317054416615,5.715897187134665,1.8376451063121724,1.7182742728452707
District166,1966,1,1.7182742728452707,-1.7739562128807325,0.26737317054416615,5.436474963557864,1.5990055969000316,1.7182742728452707
District166,1967,1,1.7182742728452707,-1.7739562128807325,0.26737317054416615,5.297129691204396,0.7745324472383994,1.7182742728452707
District166,1968,1,1.7182742728452707,-1.7739562128807325,0.26737317054416615,7.621437623430582,2.2313692158368723,1.7182742728452707
District166,1969,1,1.7182742728452707,-1.7739562128807325,0.26737317054416615,4.414750852837075,1.5488366753036944,1.7182742728452707
District166,1970,1,1.7182742728452707,-1.7739562128807325,0.26737317054416615,6.170805233909382,2.380839278912492,1.7182742728452707
District166,1971,1,1.7182742728452707,-1.7739562128807325,0.26737317054416615,6.7307506804168185,1.978670607465723,1.7182742728452707
District166,1972,1,1.7182742728452707,-1.7739562128807325,0.26737317054416615,5.61986764331094,2.1127883348532945,1.7182742728452707
District166,1973,1,1.7182742728452707,-1.7739562128807325,0.26737317054416615,5.211112357195403,1.8581510218498332,1.7182742728452707
District166,1974,1,1.7182742728452707,-1.7739562128807325,0.26737317054416615,5.772620534835347,1.559558082280423,1.7182742728452707
District166,1975,1,1.7182742728452707,-1.7739562128807325,0.26737317054416615,4.310369316697265,1.0136764802498857,1.7182742728452707
District167,1950,0,2.6312257749505155,0.8432121387448578,0.17071021491837385,5.948446973430752,1.8549503570819175,0.0
District167,1951,0,2.6312257749505155,0.8432121387448578,0.17071021491837385,6.242556394495966,2.053894364028422,0.0
District167,1952,0,2.6312257749505155,0.8432121387448578,0.17071021491837385,5.631064188957878,2.3226038455373343,0.0
District167,1953,0,2.6312257749505155,0.8432121387448578,0.17071021491837385,6.549153255762101,2.3661148975056494,0.0
District167,1954,0,2.6312257749505155,0.8432121387448578,0.17071021491837385,7.726368885508804,2.2014116161961637,0.0
District167,1955,0,2.6312257749505155,0.8432121387448578,0.17071021491837385,5.5549185623157635,1.5504820515220261,0.0
District167,1956,0,2.6312257749505155,0.8432121387448578,0.17071021491837385,5.988865165498889,2.1607303670128024,0.0
District167,1957,0,2.6312257749505155,0.8432121387448578,0.17071021491837385,6.281121082250977,2.1439581939195,0.0
District167,1958,0,2.6312257749505155,0.8432121387448578,0.17071021491837385,5.706039732069191,1.891149468350063,0.0
District167,1959,0,2.6312257749505155,0.8432121387448578,0.17071021491837385,6.371409117377907,2.74804296431315,0.0
District167,1960,0,2.6312257749505155,0.8432121387448578,0.17071021491837385,5.545582183760084,2.3081680339760466,0.0
District167,1961,0,2.6312257749505155,0.8432121387448578,0.17071021491837385,5.965305370548458,1.8403961975894425,0.0
District167,1962,1,2.6312257749505155,0.8432121387448578,0.17071021491837385,7.613831227801162,1.96674793538074,2.6312257749505155
District167,1963,1,2.6312257749505155,0.8432121387448578,0.17071021491837385,7.332394107971972,2.1041036275429916,2.6312257749505155
District167,1964,1,2.6312257749505155,0.8432121387448578,0.17071021491837385,7.748554182889368,1.79619613010729,2.6312257749505155
District167,1965,1,2.6312257749505155,0.8432121387448578,0.17071021491837385,7.09577872303055,2.238745776619653,2.6312257749505155
District167,1966,1,2.6312257749505155,0.8432121387448578,0.17071021491837385,8.133033510856055,2.228936218557679,2.6312257749505155
District167,1967,1,2.6312257749505155,0.8432121387448578,0.17071021491837385,8.637671092801765,2.015966882964924,2.6312257749505155
District167,1968,1,2.6312257749505155,0.8432121387448578,0.17071021491837385,8.665285809414918,1.8591689543758638,2.6312257749505155
District167,1969,1,2.6312257749505155,0.8432121387448578,0.17071021491837385,7.860071364456429,2.3486322422661647,2.6312257749505155
District167,1970,1,2.6312257749505155,0.8432121387448578,0.17071021491837385,7.387589711933514,2.1269268545742714,2.6312257749505155
District167,1971,1,2.6312257749505155,0.8432121387448578,0.17071021491837385,8.892284693077704,1.6786613499588874,2.6312257749505155
District167,1972,1,2.6312257749505155,0.8432121387448578,0.17071021491837385,8.045765342670231,2.380042570882059,2.6312257749505155
District167,1973,1,2.6312257749505155,0.8432121387448578,0.17071021491837385,7.967342105317899,2.672063166398389,2.6312257749505155
District167,1974,1,2.6312257749505155,0.8432121387448578,0.17071021491837385,8.265866182860174,1.808818462724889,2.6312257749505155
District167,1975,1,2.6312257749505155,0.8432121387448578,0.17071021491837385,7.988867103944614,1.6661887409703184,2.6312257749505155
District168,1950,0,4.322512476559691,-0.7201448517964593,0.4395979591987489,5.820977518664388,1.7376989340725935,0.0
District168,1951,0,4.322512476559691,-0.7201448517964593,0.4395979591987489,5.1202173333977825,1.492216926023305,0.0
District168,1952,0,4.322512476559691,-0.7201448517964593,0.4395979591987489,4.967110502045566,1.5547517044033303,0.0
District168,1953,0,4.322512476559691,-0.7201448517964593,0.4395979591987489,4.849590500184552,1.4237122769699688,0.0
District168,1954,0,4.322512476559691,-0.7201448517964593,0.4395979591987489,6.277540644293631,1.2962040616526234,0.0
District168,1955,0,4.322512476559691,-0.7201448517964593,0.4395979591987489,5.075172880199408,1.3323261895175822,0.0
District168,1956,0,4.322512476559691,-0.7201448517964593,0.4395979591987489,5.7815428901125125,2.0031129123058156,0.0
District168,1957,0,4.322512476559691,-0.7201448517964593,0.4395979591987489,6.021224805541553,1.258078166577453,0.0
District168,1958,0,4.322512476559691,-0.7201448517964593,0.4395979591987489,7.0830361338995536,2.061102032082757,0.0
District168,1959,0,4.322512476559691,-0.7201448517964593,0.4395979591987489,5.432461114602187,2.171972738544251,0.0
District168,1960,0,4.322512476559691,-0.7201448517964593,0.4395979591987489,6.079179286665517,1.8884507240894672,0.0
District168,1961,0,4.322512476559691,-0.7201448517964593,0.4395979591987489,6.492257182606037,1.5168021553894646,0.0
District168,1962,1,4.322512476559691,-0.7201448517964593,0.4395979591987489,7.385543264929772,2.2520694088555,4.322512476559691
District168,1963,1,4.322512476559691,-0.7201448517964593,0.4395979591987489,8.839512954583727,1.9573770938603419,4.322512476559691
District168,1964,1,4.322512476559691,-0.7201448517964593,0.4395979591987489,9.290501810930001,2.1716337031955817,4.322512476559691
District168,1965,1,4.322512476559691,-0.7201448517964593,0.4395979591987489,9.737089012445471,2.495058813123552,4.322512476559691
District168,1966,1,4.322512476559691,-0.7201448517964593,0.4395979591987489,8.42587611901803,2.018980398554409,4.322512476559691
District168,1967,1,4.322512476559691,-0.7201448517964593,0.4395979591987489,8.182008639504149,2.194169541695963,4.322512476559691
District168,1968,1,4.322512476559691,-0.7201448517964593,0.4395979591987489,9.328567091566512,2.3733309708368147,4.322512476559691
District168,1969,1,4.322512476559691,-0.7201448517964593,0.4395979591987489,9.12760356905612,2.627050692600517,4.322512476559691
District168,1970,1,4.322512476559691,-0.7201448517964593,0.4395979591987489,8.810687056143271,2.531696829239256,4.322512476559691
District168,1971,1,4.322512476559691,-0.7201448517964593,0.4395979591987489,7.6807614446972,2.5525788816398434,4.322512476559691
District168,1972,1,4.322512476559691,-0.7201448517964593,0.4395979591987489,7.013924945695106,2.2193794703378287,4.322512476559691
District168,1973,1,4.322512476559691,-0.7201448517964593,0.4395979591987489,8.053225209488476,1.9085267462506323,4.322512476559691
District168,1974,1,4.322512476559691,-0.7201448517964593,0.4395979591987489,9.051629996457669,1.8765412781707629,4.322512476559691
District168,1975,1,4.322512476559691,-0.7201448517964593,0.4395979591987489,8.18801245332757,2.2014051412672475,4.322512476559691
District169,1950,0,1.8771697373891338,-1.334069664875846,0.4613363498176876,6.9694010035086364,1.8763017645576978,0.0
District169,1951,0,1.8771697373891338,-1.334069664875846,0.4613363498176876,5.894040491292287,1.3901589762073534,0.0
District169,1952,0,1.8771697373891338,-1.334069664875846,0.4613363498176876,5.270254680181102,1.6382488762598766,0.0
District169,1953,0,1.8771697373891338,-1.334069664875846,0.4613363498176876,6.032556911327821,1.4902691690065777,0.0
District169,1954,0,1.8771697373891338,-1.334069664875846,0.4613363498176876,5.085769386443925,1.7619885172878453,0.0
District169,1955,0,1.8771697373891338,-1.334069664875846,0.4613363498176876,5.640718105132256,1.8717994326198744,0.0
District169,1956,0,1.8771697373891338,-1.334069664875846,0.4613363498176876,4.508900946833355,2.1377073364229653,0.0
District169,1957,0,1.8771697373891338,-1.334069664875846,0.4613363498176876,5.336587688424203,1.4058152432406912,0.0
District169,1958,0,1.8771697373891338,-1.334069664875846,0.4613363498176876,4.456662709427917,1.6944370043081913,0.0
District169,1959,0,1.8771697373891338,-1.334069664875846,0.4613363498176876,3.4475420055295567,1.5824477514638693,0.0
District169,1960,0,1.8771697373891338,-1.334069664875846,0.4613363498176876,3.475475102855536,1.7835379984208215,0.0
District169,1961,0,1.8771697373891338,-1.334069664875846,0.4613363498176876,5.582131023701514,1.1440585284230833,0.0
District169,1962,1,1.8771697373891338,-1.334069664875846,0.4613363498176876,4.610605860261298,1.7674869046127037,1.8771697373891338
District169,1963,1,1.8771697373891338,-1.334069664875846,0.4613363498176876,7.542929502407658,1.1885019539135302,1.8771697373891338
District169,1964,1,1.8771697373891338,-1.334069664875846,0.4613363498176876,6.672769906508649,2.5142095175201504,1.8771697373891338
District169,1965,1,1.8771697373891338,-1.334069664875846,0.4613363498176876,7.01314648914838,1.7827164396426807,1.8771697373891338
District169,1966,1,1.8771697373891338,-1.334069664875846,0.4613363498176876,6.2057824222606,2.1700778669536924,1.8771697373891338
District169,1967,1,1.8771697373891338,-1.334069664875846,0.4613363498176876,6.696067522120165,1.541942256460826,1.8771697373891338
District169,1968,1,1.8771697373891338,-1.334069664875846,0.4613363498176876,5.755306036084359,1.210401707561653,1.8771697373891338
District169,1969,1,1.8771697373891338,-1.334069664875846,0.4613363498176876,6.131515195612269,2.5332426426829624,1.8771697373891338
District169,1970,1,1.8771697373891338,-1.334069664875846,0.4613363498176876,7.157765675819034,1.017047530953323,1.8771697373891338
District169,1971,1,1.8771697373891338,-1.334069664875846,0.4613363498176876,4.597775194343263,1.5289248169847505,1.8771697373891338
District169,1972,1,1.8771697373891338,-1.334069664875846,0.4613363498176876,6.3753582282633285,1.95838145541544,1.8771697373891338
District169,1973,1,1.8771697373891338,-1.334069664875846,0.4613363498176876,5.664353988775919,1.7875888877722859,1.8771697373891338
District169,1974,1,1.8771697373891338,-1.334069664875846,0.4613363498176876,5.783755469029601,1.5380173913559367,1.8771697373891338
District169,1975,1,1.8771697373891338,-1.334069664875846,0.4613363498176876,4.790541435208969,1.8096402256361315,1.8771697373891338
District170,1950,0,0.46017121315399345,-0.6940987564960689,0.45557418171302116,5.106876230393563,1.7462039329067767,0.0
District170,1951,0,0.46017121315399345,-0.6940987564960689,0.45557418171302116,4.051128657104034,1.377682792011565,0.0
District170,1952,0,0.46017121315399345,-0.6940987564960689,0.45557418171302116,7.025096782192936,2.2636798667417746,0.0
District170,1953,0,0.46017121315399345,-0.6940987564960689,0.45557418171302116,5.504471580552321,2.2661922825483263,0.0
District170,1954,0,0.46017121315399345,-0.6940987564960689,0.45557418171302116,4.077195397994491,1.7861514353634378,0.0
District170,1955,0,0.46017121315399345,-0.6940987564960689,0.45557418171302116,6.968834281970601,1.7981784437777664,0.0
District170,1956,0,0.46017121315399345,-0.6940987564960689,0.45557418171302116,5.210248846334516,1.7636607519254768,0.0
District170,1957,0,0.46017121315399345,-0.6940987564960689,0.45557418171302116,4.746688994669602,1.5150264068035149,0.0
District170,1958,0,0.46017121315399345,-0.6940987564960689,0.45557418171302116,4.632348265797571,1.6226474519470167,0.0
District170,1959,0,0.46017121315399345,-0.6940987564960689,0.45557418171302116,8.560263958975067,2.0881343775556913,0.0
District170,1960,0,0.46017121315399345,-0.6940987564960689,0.45557418171302116,5.257339412300075,0.9715497756242746,0.0
District170,1961,0,0.46017121315399345,-0.6940987564960689,0.45557418171302116,5.483812653927608,2.0132984620550474,0.0
District170,1962,1,0.46017121315399345,-0.6940987564960689,0.45557418171302116,5.9006917477837835,1.4499554796612348,0.46017121315399345
District170,1963,1,0.46017121315399345,-0.6940987564960689,0.45557418171302116,7.185768912274708,2.0595360756849543,0.46017121315399345
District170,1964,1,0.46017121315399345,-0.6940987564960689,0.45557418171302116,5.648388612181967,1.5087286029223177,0.46017121315399345
District170,1965,1,0.46017121315399345,-0.6940987564960689,0.45557418171302116,7.458372606574096,1.4121694475814826,0.46017121315399345
District170,1966,1,0.46017121315399345,-0.6940987564960689,0.45557418171302116,6.182708763471846,2.1617997208129256,0.46017121315399345
District170,1967,1,0.46017121315399345,-0.6940987564960689,0.45557418171302116,5.3711386356836455,1.715461693489039,0.46017121315399345
District170,1968,1,0.46017121315399345,-0.6940987564960689,0.45557418171302116,5.008611702473533,1.6698076450225283,0.46017121315399345
District170,1969,1,0.46017121315399345,-0.6940987564960689,0.45557418171302116,5.275367633734098,2.059627897000359,0.46017121315399345
District170,1970,1,0.46017121315399345,-0.6940987564960689,0.45557418171302116,6.5913586617991635,0.8151625758711476,0.46017121315399345
District170,1971,1,0.46017121315399345,-0.6940987564960689,0.45557418171302116,5.971641115293162,2.082359437858554,0.46017121315399345
District170,1972,1,0.46017121315399345,-0.6940987564960689,0.45557418171302116,5.491853160059265,2.1965579991141615,0.46017121315399345
District170,1973,1,0.46017121315399345,-0.6940987564960689,0.45557418171302116,5.701030286200903,1.5624042061629142,0.46017121315399345
District170,1974,1,0.46017121315399345,-0.6940987564960689,0.45557418171302116,5.854351451049512,2.008616394116926,0.46017121315399345
District170,1975,1,0.46017121315399345,-0.6940987564960689,0.45557418171302116,6.770104692542274,2.337072879335841,0.46017121315399345
District171,1950,0,3.7017021305255184,0.41542270720888796,0.6066343950175255,5.740387609419123,1.471636393752641,0.0
District171,1951,0,3.7017021305255184,0.41542270720888796,0.6066343950175255,6.2752703027603625,1.9082408791261074,0.0
District171,1952,0,3.7017021305255184,0.41542270720888796,0.6066343950175255,4.481925596482969,1.5955445064507185,0.0
District171,1953,0,3.7017021305255184,0.41542270720888796,0.6066343950175255,7.030570105599214,2.674367353033454,0.0
District171,1954,0,3.7017021305255184,0.41542270720888796,0.6066343950175255,7.178879296842707,2.350873306626024,0.0
District171,1955,0,3.7017021305255184,0.41542270720888796,0.6066343950175255,6.380337513745566,1.599347938084121,0.0
District171,1956,0,3.7017021305255184,0.41542270720888796,0.6066343950175255,6.928290660358753,1.5746995285072707,0.0
District171,1957,0,3.7017021305255184,0.41542270720888796,0.6066343950175255,5.396939683536831,2.494390444098169,0.0
District171,1958,0,3.7017021305255184,0.41542270720888796,0.6066343950175255,7.016664572850493,1.7123165927718473,0.0
District171,1959,0,3.7017021305255184,0.41542270720888796,0.6066343950175255,7.141713255782559,2.1765266291579892,0.0
District171,1960,0,3.7017021305255184,0.41542270720888796,0.6066343950175255,6.844471747995055,1.5884558748648614,0.0
District171,1961,0,3.7017021305255184,0.41542270720888796,0.6066343950175255,8.383868743811629,1.9685345287581528,0.0
District171,1962,1,3.7017021305255184,0.41542270720888796,0.6066343950175255,9.159212495178245,1.9352706794004044,3.7017021305255184
District171,1963,1,3.7017021305255184,0.41542270720888796,0.6066343950175255,8.116099931239237,2.145922272795258,3.7017021305255184
District171,1964,1,3.7017021305255184,0.41542270720888796,0.6066343950175255,8.63883951178969,1.8842874946192314,3.7017021305255184
District171,1965,1,3.7017021305255184,0.41542270720888796,0.6066343950175255,6.356380021872596,1.729524046834839,3.7017021305255184
District171,1966,1,3.7017021305255184,0.41542270720888796,0.6066343950175255,7.816434375469699,2.345622819637809,3.7017021305255184
District171,1967,1,3.7017021305255184,0.41542270720888796,0.6066343950175255,8.81681715983584,2.140620036938343,3.7017021305255184
District171,1968,1,3.7017021305255184,0.41542270720888796,0.6066343950175255,8.996813433911761,1.8630449366413724,3.7017021305255184
District171,1969,1,3.7017021305255184,0.41542270720888796,0.6066343950175255,8.959909108537348,2.1186996576725265,3.7017021305255184
District171,1970,1,3.7017021305255184,0.41542270720888796,0.6066343950175255,7.794320525717274,2.388841156474619,3.7017021305255184
District171,1971,1,3.7017021305255184,0.41542270720888796,0.6066343950175255,7.051239988090974,2.301644444643644,3.7017021305255184
District171,1972,1,3.7017021305255184,0.41542270720888796,0.6066343950175255,7.767908342635313,1.9510920785722619,3.7017021305255184
District171,1973,1,3.7017021305255184,0.41542270720888796,0.6066343950175255,7.810678624218817,1.5101009396944838,3.7017021305255184
District171,1974,1,3.7017021305255184,0.41542270720888796,0.6066343950175255,7.850418213204302,2.0614701129544013,3.7017021305255184
District171,1975,1,3.7017021305255184,0.41542270720888796,0.6066343950175255,7.927990593330935,2.465175297722378,3.7017021305255184
District172,1950,0,4.566217780209804,0.22827852007231753,0.5751251948011437,7.005063002234139,1.8677794847341904,0.0
District172,1951,0,4.566217780209804,0.22827852007231753,0.5751251948011437,5.468314282148172,1.639939410915073,0.0
District172,1952,0,4.566217780209804,0.22827852007231753,0.5751251948011437,7.648669177442038,1.9245090700697727,0.0
District172,1953,0,4.566217780209804,0.22827852007231753,0.5751251948011437,5.0005209235689545,1.5613470617905945,0.0
District172,1954,0,4.566217780209804,0.22827852007231753,0.5751251948011437,7.492251874514565,1.5514272520164085,0.0
District172,1955,0,4.566217780209804,0.22827852007231753,0.5751251948011437,5.821673044857407,2.1455083157269907,0.0
District172,1956,0,4.566217780209804,0.22827852007231753,0.5751251948011437,7.930625263677496,2.2746064150348744,0.0
District172,1957,0,4.566217780209804,0.22827852007231753,0.5751251948011437,6.2237969660729116,2.209677090454014,0.0
District172,1958,0,4.566217780209804,0.22827852007231753,0.5751251948011437,7.53530857104422,2.271644115838807,0.0
District172,1959,0,4.566217780209804,0.22827852007231753,0.5751251948011437,6.52729949047155,2.2062107569328915,0.0
District172,1960,0,4.566217780209804,0.22827852007231753,0.5751251948011437,5.780009707716696,1.7383154119615896,0.0
District172,1961,0,4.566217780209804,0.22827852007231753,0.5751251948011437,4.782122424303459,1.237885361068964,0.0
District172,1962,1,4.566217780209804,0.22827852007231753,0.5751251948011437,7.6500557690442506,1.9902319566888649,4.566217780209804
District172,1963,1,4.566217780209804,0.22827852007231753,0.5751251948011437,8.632961128943316,2.1504318328154755,4.566217780209804
District172,1964,1,4.566217780209804,0.22827852007231753,0.5751251948011437,8.66532974871519,1.9051396912918148,4.566217780209804
District172,1965,1,4.566217780209804,0.22827852007231753,0.5751251948011437,8.381088253127672,2.4317336166965973,4.566217780209804
District172,1966,1,4.566217780209804,0.22827852007231753,0.5751251948011437,9.278304887903422,1.8932228916338034,4.566217780209804
District172,1967,1,4.566217780209804,0.22827852007231753,0.5751251948011437,8.603015917205463,2.035682242595139,4.566217780209804
District172,1968,1,4.566217780209804,0.22827852007231753,0.5751251948011437,8.79833342650505,2.3121004953828885,4.566217780209804
District172,1969,1,4.566217780209804,0.22827852007231753,0.5751251948011437,8.439902004723422,1.799442358547819,4.566217780209804
District172,1970,1,4.566217780209804,0.22827852007231753,0.5751251948011437,8.46667269752858,2.328880605782099,4.566217780209804
District172,1971,1,4.566217780209804,0.22827852007231753,0.5751251948011437,8.11474966692499,1.9845837988493058,4.566217780209804
District172,1972,1,4.566217780209804,0.22827852007231753,0.5751251948011437,8.64600410684738,2.7808963155976887,4.566217780209804
District172,1973,1,4.566217780209804,0.22827852007231753,0.5751251948011437,8.239175521851237,2.3323040216714657,4.566217780209804
District172,1974,1,4.566217780209804,0.22827852007231753,0.5751251948011437,10.049954209661283,2.7658033382455973,4.566217780209804
District172,1975,1,4.566217780209804,0.22827852007231753,0.5751251948011437,9.117789958462208,2.668200167554697,4.566217780209804
District173,1950,0,3.378216707333498,-0.8068039299616341,0.31321745577553495,4.674495548164346,1.9631145541748527,0.0
District173,1951,0,3.378216707333498,-0.8068039299616341,0.31321745577553495,5.864546480025799,2.4000173833797445,0.0
District173,1952,0,3.378216707333498,-0.8068039299616341,0.31321745577553495,5.797496230638897,2.091807178820203,0.0
District173,1953,0,3.378216707333498,-0.8068039299616341,0.31321745577553495,4.675405282373867,1.8023565402817443,0.0
District173,1954,0,3.378216707333498,-0.8068039299616341,0.31321745577553495,4.549422036370241,2.3096440624624672,0.0
District173,1955,0,3.378216707333498,-0.8068039299616341,0.31321745577553495,5.7890987038446005,1.1578417843478634,0.0
District173,1956,0,3.378216707333498,-0.8068039299616341,0.31321745577553495,6.055213745348324,2.2823928172631467,0.0
District173,1957,0,3.378216707333498,-0.8068039299616341,0.31321745577553495,6.553468784613251,2.235073430296433,0.0
District173,1958,0,3.378216707333498,-0.8068039299616341,0.31321745577553495,5.675697339974587,1.5671055111062198,0.0
District173,1959,0,3.378216707333498,-0.8068039299616341,0.31321745577553495,7.35192990359704,1.559225238386714,0.0
District173,1960,0,3.378216707333498,-0.8068039299616341,0.31321745577553495,5.102781692296623,2.1138431274242553,0.0
District173,1961,0,3.378216707333498,-0.8068039299616341,0.31321745577553495,5.301144431988696,1.6537419802994524,0.0
District173,1962,1,3.378216707333498,-0.8068039299616341,0.31321745577553495,5.62427839422481,1.8317017729311669,3.378216707333498
District173,1963,1,3.378216707333498,-0.8068039299616341,0.31321745577553495,7.654171379964448,2.5751297288242068,3.378216707333498
District173,1964,1,3.378216707333498,-0.8068039299616341,0.31321745577553495,7.2033878906199815,2.477204844398469,3.378216707333498
District173,1965,1,3.378216707333498,-0.8068039299616341,0.31321745577553495,7.3959134976663,1.2888134099346047,3.378216707333498
District173,1966,1,3.378216707333498,-0.8068039299616341,0.31321745577553495,7.127459935624722,2.2270513985456786,3.378216707333498
District173,1967,1,3.378216707333498,-0.8068039299616341,0.31321745577553495,5.647281910560091,1.2927409046980856,3.378216707333498
District173,1968,1,3.378216707333498,-0.8068039299616341,0.31321745577553495,7.80479554476623,2.1503432956758584,3.378216707333498
District173,1969,1,3.378216707333498,-0.8068039299616341,0.31321745577553495,5.87450056497163,2.2130438302088202,3.378216707333498
District173,1970,1,3.378216707333498,-0.8068039299616341,0.31321745577553495,7.157342272452219,2.3772592696605317,3.378216707333498
District173,1971,1,3.378216707333498,-0.8068039299616341,0.31321745577553495,6.298022618140652,2.5083787459316036,3.378216707333498
District173,1972,1,3.378216707333498,-0.8068039299616341,0.31321745577553495,6.742154039295231,1.7626994386175963,3.378216707333498
District173,1973,1,3.378216707333498,-0.8068039299616341,0.31321745577553495,7.110098230294745,2.652407015058062,3.378216707333498
District173,1974,1,3.378216707333498,-0.8068039299616341,0.31321745577553495,7.045488064026658,2.4717548418855406,3.378216707333498
District173,1975,1,3.378216707333498,-0.8068039299616341,0.31321745577553495,8.64529110482044,1.9393370268777101,3.378216707333498
District174,1950,0,2.0659337286930195,-0.28568555940495727,0.055765305143670285,6.554520162945644,1.6487216457940916,0.0
District174,1951,0,2.0659337286930195,-0.28568555940495727,0.055765305143670285,5.759898026170986,1.4046330713730995,0.0
District174,1952,0,2.0659337286930195,-0.28568555940495727,0.055765305143670285,5.451145439360051,1.7479037693733313,0.0
District174,1953,0,2.0659337286930195,-0.28568555940495727,0.055765305143670285,7.604947846330624,1.263733591273256,0.0
District174,1954,0,2.0659337286930195,-0.28568555940495727,0.055765305143670285,6.114417508916629,1.9876476852341167,0.0
District174,1955,0,2.0659337286930195,-0.28568555940495727,0.055765305143670285,5.1760581329613355,2.1598291662639664,0.0
District174,1956,0,2.0659337286930195,-0.28568555940495727,0.055765305143670285,6.118930859070779,2.1876360919132574,0.0
District174,1957,0,2.0659337286930195,-0.28568555940495727,0.055765305143670285,6.1031490554614765,2.653000919979039,0.0
District174,1958,0,2.0659337286930195,-0.28568555940495727,0.055765305143670285,5.8805179111610855,1.7270942575199058,0.0
District174,1959,0,2.0659337286930195,-0.28568555940495727,0.055765305143670285,4.139107930185224,1.845156813265511,0.0
District174,1960,0,2.0659337286930195,-0.28568555940495727,0.055765305143670285,4.968385129578445,1.5620875188444927,0.0
District174,1961,0,2.0659337286930195,-0.28568555940495727,0.055765305143670285,7.708192610536122,1.8236858075183524,0.0
District174,1962,1,2.0659337286930195,-0.28568555940495727,0.055765305143670285,6.339040998705663,2.120469860950055,2.0659337286930195
District174,1963,1,2.0659337286930195,-0.28568555940495727,0.055765305143670285,5.309038069690165,2.144923470913579,2.0659337286930195
District174,1964,1,2.0659337286930195,-0.28568555940495727,0.055765305143670285,6.970514215136154,1.4147842924667948,2.0659337286930195
District174,1965,1,2.0659337286930195,-0.28568555940495727,0.055765305143670285,6.9725024696453,1.9177933990797718,2.0659337286930195
District174,1966,1,2.0659337286930195,-0.28568555940495727,0.055765305143670285,4.898624871809002,2.047603294983277,2.0659337286930195
District174,1967,1,2.0659337286930195,-0.28568555940495727,0.055765305143670285,5.372476463325843,1.8861115717710173,2.0659337286930195
District174,1968,1,2.0659337286930195,-0.28568555940495727,0.055765305143670285,5.85476108773457,2.0852632137731226,2.0659337286930195
District174,1969,1,2.0659337286930195,-0.28568555940495727,0.055765305143670285,6.950308863084337,2.243375789951472,2.0659337286930195
District174,1970,1,2.0659337286930195,-0.28568555940495727,0.055765305143670285,7.123801735607415,2.0809463181992727,2.0659337286930195
District174,1971,1,2.0659337286930195,-0.28568555940495727,0.055765305143670285,5.1739600290964,1.8527214646442742,2.0659337286930195
District174,1972,1,2.0659337286930195,-0.28568555940495727,0.055765305143670285,8.07094125407768,1.485569526733027,2.0659337286930195
District174,1973,1,2.0659337286930195,-0.28568555940495727,0.055765305143670285,6.3627386820445135,2.254782969274622,2.0659337286930195
District174,1974,1,2.0659337286930195,-0.28568555940495727,0.055765305143670285,6.79221979180447,2.1001724130506028,2.0659337286930195
District174,1975,1,2.0659337286930195,-0.28568555940495727,0.055765305143670285,7.280153503767746,1.9333973811764114,2.0659337286930195
District175,1950,0,3.6071110373248585,2.185389204662717,0.3298316738473724,6.6703766764941985,1.5292243652692548,0.0
District175,1951,0,3.6071110373248585,2.185389204662717,0.3298316738473724,7.095449612923867,1.8417912029366157,0.0
District175,1952,0,3.6071110373248585,2.185389204662717,0.3298316738473724,7.0090942471679964,2.1160330762451136,0.0
District175,1953,0,3.6071110373248585,2.185389204662717,0.3298316738473724,7.715822118578641,2.2222953104302148,0.0
District175,1954,0,3.6071110373248585,2.185389204662717,0.3298316738473724,5.7571586748403565,2.3630307435068487,0.0
District175,1955,0,3.6071110373248585,2.185389204662717,0.3298316738473724,6.646449007558438,1.724755210510816,0.0
District175,1956,0,3.6071110373248585,2.185389204662717,0.3298316738473724,6.090716247948475,1.9677882532038053,0.0
District175,1957,0,3.6071110373248585,2.185389204662717,0.3298316738473724,9.329855638154937,1.8731311375316286,0.0
District175,1958,0,3.6071110373248585,2.185389204662717,0.3298316738473724,8.183183659369266,2.2633500815701084,0.0
District175,1959,0,3.6071110373248585,2.185389204662717,0.3298316738473724,8.106806535764534,1.3898666981348908,0.0
District175,1960,0,3.6071110373248585,2.185389204662717,0.3298316738473724,6.956627623265702,1.9678053025760345,0.0
District175,1961,0,3.6071110373248585,2.185389204662717,0.3298316738473724,7.0368408379150935,1.9667707934797392,0.0
District175,1962,1,3.6071110373248585,2.185389204662717,0.3298316738473724,9.905876868972133,1.945250147873578,3.6071110373248585
District175,1963,1,3.6071110373248585,2.185389204662717,0.3298316738473724,8.715871067166734,2.3339621818420446,3.6071110373248585
District175,1964,1,3.6071110373248585,2.185389204662717,0.3298316738473724,10.77006139748914,2.217919165457423,3.6071110373248585
District175,1965,1,3.6071110373248585,2.185389204662717,0.3298316738473724,9.783063222781138,2.022127173619259,3.6071110373248585
District175,1966,1,3.6071110373248585,2.185389204662717,0.3298316738473724,10.104291936099367,1.8687069541921972,3.6071110373248585
District175,1967,1,3.6071110373248585,2.185389204662717,0.3298316738473724,9.423351699494486,2.288351643823094,3.6071110373248585
District175,1968,1,3.6071110373248585,2.185389204662717,0.3298316738473724,9.719664087073939,2.351313036891508,3.6071110373248585
District175,1969,1,3.6071110373248585,2.185389204662717,0.3298316738473724,7.576399841788696,2.198744506268557,3.6071110373248585
District175,1970,1,3.6071110373248585,2.185389204662717,0.3298316738473724,9.99653006278162,2.0998656403928138,3.6071110373248585
District175,1971,1,3.6071110373248585,2.185389204662717,0.3298316738473724,7.931252213923667,2.3638006907511957,3.6071110373248585
District175,1972,1,3.6071110373248585,2.185389204662717,0.3298316738473724,8.209759242848046,1.95058258252511,3.6071110373248585
District175,1973,1,3.6071110373248585,2.185389204662717,0.3298316738473724,7.868205673559321,2.2228579952926864,3.6071110373248585
District175,1974,1,3.6071110373248585,2.185389204662717,0.3298316738473724,8.333573578105588,2.430556598276777,3.6071110373248585
District175,1975,1,3.6071110373248585,2.185389204662717,0.3298316738473724,7.1992703157976985,2.244502805062088,3.6071110373248585
District176,1950,0,2.120150259390345,0.00798645950087883,0.43080377143091286,5.799845271014462,1.4325076428908736,0.0
District176,1951,0,2.120150259390345,0.00798645950087883,0.43080377143091286,5.470973947082433,1.4124292979533561,0.0
District176,1952,0,2.120150259390345,0.00798645950087883,0.43080377143091286,5.949540678099892,1.8500357699385317,0.0
District176,1953,0,2.120150259390345,0.00798645950087883,0.43080377143091286,4.771888158223096,2.067526253780759,0.0
District176,1954,0,2.120150259390345,0.00798645950087883,0.43080377143091286,6.066076405530805,1.3964803785412128,0.0
District176,1955,0,2.120150259390345,0.00798645950087883,0.43080377143091286,5.4530210517082285,1.4315098030371352,0.0
District176,1956,0,2.120150259390345,0.00798645950087883,0.43080377143091286,7.305338653379969,1.8877342973285556,0.0
District176,1957,0,2.120150259390345,0.00798645950087883,0.43080377143091286,6.383678685587656,1.9526078892768302,0.0
District176,1958,0,2.120150259390345,0.00798645950087883,0.43080377143091286,5.404704264018391,1.6432793570654805,0.0
District176,1959,0,2.120150259390345,0.00798645950087883,0.43080377143091286,5.393996728774036,1.904446871282958,0.0
District176,1960,0,2.120150259390345,0.00798645950087883,0.43080377143091286,5.85973672286095,1.7608327080756674,0.0
District176,1961,0,2.120150259390345,0.00798645950087883,0.43080377143091286,5.7007548578838465,1.3735988656819793,0.0
District176,1962,1,2.120150259390345,0.00798645950087883,0.43080377143091286,6.88838580314754,2.066813221039913,2.120150259390345
District176,1963,1,2.120150259390345,0.00798645950087883,0.43080377143091286,5.680179626127758,1.3780977240558654,2.120150259390345
District176,1964,1,2.120150259390345,0.00798645950087883,0.43080377143091286,4.706348881213323,1.7024150056935818,2.120150259390345
District176,1965,1,2.120150259390345,0.00798645950087883,0.43080377143091286,8.847459383765564,3.1341031715368324,2.120150259390345
District176,1966,1,2.120150259390345,0.00798645950087883,0.43080377143091286,7.3904068287841485,2.2324698088573887,2.120150259390345
District176,1967,1,2.120150259390345,0.00798645950087883,0.43080377143091286,7.783583363613067,2.1082246704340277,2.120150259390345
District176,1968,1,2.120150259390345,0.00798645950087883,0.43080377143091286,8.369852808850453,2.249691288984815,2.120150259390345
District176,1969,1,2.120150259390345,0.00798645950087883,0.43080377143091286,7.548105481931577,2.6032166845818105,2.120150259390345
District176,1970,1,2.120150259390345,0.00798645950087883,0.43080377143091286,7.953129438662183,1.7272972227446735,2.120150259390345
District176,1971,1,2.120150259390345,0.00798645950087883,0.43080377143091286,7.927293681185958,1.8615937969832337,2.120150259390345
District176,1972,1,2.120150259390345,0.00798645950087883,0.43080377143091286,6.58119602852954,2.3289175753482714,2.120150259390345
District176,1973,1,2.120150259390345,0.00798645950087883,0.43080377143091286,7.206232654079242,1.9216505719824122,2.120150259390345
District176,1974,1,2.120150259390345,0.00798645950087883,0.43080377143091286,6.241907382546958,2.6547971307270837,2.120150259390345
District176,1975,1,2.120150259390345,0.00798645950087883,0.43080377143091286,6.632634893208372,2.247904124249923,2.120150259390345
District177,1950,0,3.071741984920105,0.5601470776300591,0.306581154514665,6.369808846729092,2.1715137458075464,0.0
District177,1951,0,3.071741984920105,0.5601470776300591,0.306581154514665,5.98781209978289,1.930931212946407,0.0
District177,1952,0,3.071741984920105,0.5601470776300591,0.306581154514665,6.546431309467407,2.2357675126556105,0.0
District177,1953,0,3.071741984920105,0.5601470776300591,0.306581154514665,7.070573675397792,1.954682137553513,0.0
District177,1954,0,3.071741984920105,0.5601470776300591,0.306581154514665,6.816514776150049,1.7687939370138763,0.0
District177,1955,0,3.071741984920105,0.5601470776300591,0.306581154514665,6.705770967931035,0.7571371417347295,0.0
District177,1956,0,3.071741984920105,0.5601470776300591,0.306581154514665,4.034355771541244,1.9298254160296613,0.0
District177,1957,0,3.071741984920105,0.5601470776300591,0.306581154514665,6.886220982884134,2.2504415284741204,0.0
District177,1958,0,3.071741984920105,0.5601470776300591,0.306581154514665,5.209301009040611,1.6678330865458972,0.0
District177,1959,0,3.071741984920105,0.5601470776300591,0.306581154514665,6.163967132041822,2.1127019154816806,0.0
District177,1960,0,3.071741984920105,0.5601470776300591,0.306581154514665,7.016714155491111,1.9651801518158172,0.0
District177,1961,0,3.071741984920105,0.5601470776300591,0.306581154514665,6.014795979201201,1.8841193811661434,0.0
District177,1962,1,3.071741984920105,0.5601470776300591,0.306581154514665,7.219274756705307,2.300649336874212,3.071741984920105
District177,1963,1,3.071741984920105,0.5601470776300591,0.306581154514665,7.917294496339033,2.2285978611500155,3.071741984920105
District177,1964,1,3.071741984920105,0.5601470776300591,0.306581154514665,7.72214286405934,1.7380472185484865,3.071741984920105
District177,1965,1,3.071741984920105,0.5601470776300591,0.306581154514665,9.356781586800876,1.9721444083279986,3.071741984920105
District177,1966,1,3.071741984920105,0.5601470776300591,0.306581154514665,6.790487335070304,2.106135693418992,3.071741984920105
District177,1967,1,3.071741984920105,0.5601470776300591,0.306581154514665,8.073634008281093,1.7658448972076817,3.071741984920105
District177,1968,1,3.071741984920105,0.5601470776300591,0.306581154514665,9.790124546536285,2.453988899477805,3.071741984920105
District177,1969,1,3.071741984920105,0.5601470776300591,0.306581154514665,7.477058346365123,2.060040495275974,3.071741984920105
District177,1970,1,3.071741984920105,0.5601470776300591,0.306581154514665,7.063843706759353,1.8865891673687132,3.071741984920105
District177,1971,1,3.071741984920105,0.5601470776300591,0.306581154514665,8.27678867412985,2.1952358642806256,3.071741984920105
District177,1972,1,3.071741984920105,0.5601470776300591,0.306581154514665,7.98137552728041,2.228618392760787,3.071741984920105
District177,1973,1,3.071741984920105,0.5601470776300591,0.306581154514665,6.404951227247785,1.6789451975147867,3.071741984920105
District177,1974,1,3.071741984920105,0.5601470776300591,0.306581154514665,8.14661230095796,2.173348342551866,3.071741984920105
District177,1975,1,3.071741984920105,0.5601470776300591,0.306581154514665,8.243983006159034,2.6118906698370603,3.071741984920105
District178,1950,0,2.712186359424538,-0.060412329786807675,0.25935705652075347,7.948494119416713,2.0681209292233493,0.0
District178,1951,0,2.712186359424538,-0.060412329786807675,0.25935705652075347,4.4499582546432155,1.4850503221500535,0.0
District178,1952,0,2.712186359424538,-0.060412329786807675,0.25935705652075347,5.385006953733296,1.3684262540551795,0.0
District178,1953,0,2.712186359424538,-0.060412329786807675,0.25935705652075347,6.171956375244699,1.417508546632678,0.0
District178,1954,0,2.712186359424538,-0.060412329786807675,0.25935705652075347,6.209566947266282,1.6608591787652363,0.0
District178,1955,0,2.712186359424538,-0.060412329786807675,0.25935705652075347,6.173399070938316,1.854301230252129,0.0
District178,1956,0,2.712186359424538,-0.060412329786807675,0.25935705652075347,7.157486430113987,1.8075310211533129,0.0
District178,1957,0,2.712186359424538,-0.060412329786807675,0.25935705652075347,5.345458123638145,1.976892596668295,0.0
District178,1958,0,2.712186359424538,-0.060412329786807675,0.25935705652075347,6.139592851922094,2.1148898798638434,0.0
District178,1959,0,2.712186359424538,-0.060412329786807675,0.25935705652075347,6.059981660848053,1.7766999126182526,0.0
District178,1960,0,2.712186359424538,-0.060412329786807675,0.25935705652075347,7.670789592782746,2.4676659863400676,0.0
District178,1961,0,2.712186359424538,-0.060412329786807675,0.25935705652075347,6.502089618573296,2.4771951134899513,0.0
District178,1962,1,2.712186359424538,-0.060412329786807675,0.25935705652075347,8.849805672819661,2.870654533974874,2.712186359424538
District178,1963,1,2.712186359424538,-0.060412329786807675,0.25935705652075347,7.349385191699473,1.9477006925955054,2.712186359424538
District178,1964,1,2.712186359424538,-0.060412329786807675,0.25935705652075347,8.700313895202308,1.5368687244001622,2.712186359424538
District178,1965,1,2.712186359424538,-0.060412329786807675,0.25935705652075347,7.063574527097333,1.7131648156298738,2.712186359424538
District178,1966,1,2.712186359424538,-0.060412329786807675,0.25935705652075347,6.865391531356191,1.877032821386547,2.712186359424538
District178,1967,1,2.712186359424538,-0.060412329786807675,0.25935705652075347,7.429952591766555,1.350617134172046,2.712186359424538
District178,1968,1,2.712186359424538,-0.060412329786807675,0.25935705652075347,6.6411800666032725,2.341768578075462,2.712186359424538
District178,1969,1,2.712186359424538,-0.060412329786807675,0.25935705652075347,7.804983961109931,2.0099943076045954,2.712186359424538
District178,1970,1,2.712186359424538,-0.060412329786807675,0.25935705652075347,6.9467538505011515,1.9859455118996006,2.712186359424538
District178,1971,1,2.712186359424538,-0.060412329786807675,0.25935705652075347,6.830863732863771,1.196865053234741,2.712186359424538
District178,1972,1,2.712186359424538,-0.060412329786807675,0.25935705652075347,8.024262634644295,1.827658755384574,2.712186359424538
District178,1973,1,2.712186359424538,-0.060412329786807675,0.25935705652075347,7.366603357499841,1.6058116313324446,2.712186359424538
District178,1974,1,2.712186359424538,-0.060412329786807675,0.25935705652075347,6.774317445250848,1.7325234437985109,2.712186359424538
District178,1975,1,2.712186359424538,-0.060412329786807675,0.25935705652075347,9.60429399193996,1.939029118076344,2.712186359424538
District179,1950,0,4.7417726977739685,0.843703317754068,0.351808910986508,6.413761658795201,2.284105357770606,0.0
District179,1951,0,4.7417726977739685,0.843703317754068,0.351808910986508,6.351915474490113,2.0609588855099763,0.0
District179,1952,0,4.7417726977739685,0.843703317754068,0.351808910986508,6.621461689266666,2.193340355959613,0.0
District179,1953,0,4.7417726977739685,0.843703317754068,0.351808910986508,6.1748084982814175,1.2375443713215664,0.0
District179,1954,0,4.7417726977739685,0.843703317754068,0.351808910986508,8.472120226165819,1.8056565203064494,0.0
District179,1955,0,4.7417726977739685,0.843703317754068,0.351808910986508,7.46510332632533,1.54287436018793,0.0
District179,1956,0,4.7417726977739685,0.843703317754068,0.351808910986508,6.315692171166512,2.02133360374005,0.0
District179,1957,0,4.7417726977739685,0.843703317754068,0.351808910986508,5.9758380325189515,2.2789381444321255,0.0
District179,1958,0,4.7417726977739685,0.843703317754068,0.351808910986508,5.336211454656754,1.2230016458350095,0.0
District179,1959,0,4.7417726977739685,0.843703317754068,0.351808910986508,7.100606679643334,2.2907057864558356,0.0
District179,1960,0,4.7417726977739685,0.843703317754068,0.351808910986508,7.779147342902012,1.388916575162967,0.0
District179,1961,0,4.7417726977739685,0.843703317754068,0.351808910986508,7.272070862414449,2.28046245333743,0.0
District179,1962,1,4.7417726977739685,0.843703317754068,0.351808910986508,9.20173075366983,2.688509363672443,4.7417726977739685
District179,1963,1,4.7417726977739685,0.843703317754068,0.351808910986508,8.905195680342464,2.4399029270317953,4.7417726977739685
District179,1964,1,4.7417726977739685,0.843703317754068,0.351808910986508,8.966012554888895,2.1735644846654707,4.7417726977739685
District179,1965,1,4.7417726977739685,0.843703317754068,0.351808910986508,8.323373499868367,2.319428408517941,4.7417726977739685
District179,1966,1,4.7417726977739685,0.843703317754068,0.351808910986508,8.437256582920519,2.639792207388084,4.7417726977739685
District179,1967,1,4.7417726977739685,0.843703317754068,0.351808910986508,10.167547358120814,1.6568297984491611,4.7417726977739685
District179,1968,1,4.7417726977739685,0.843703317754068,0.351808910986508,10.447165125654703,2.2306034411107833,4.7417726977739685
District179,1969,1,4.7417726977739685,0.843703317754068,0.351808910986508,8.582135918572916,2.110714006679022,4.7417726977739685
District179,1970,1,4.7417726977739685,0.843703317754068,0.351808910986508,7.649730699308492,1.7944051926994091,4.7417726977739685
District179,1971,1,4.7417726977739685,0.843703317754068,0.351808910986508,8.984228104504526,2.0580791972605494,4.7417726977739685
District179,1972,1,4.7417726977739685,0.843703317754068,0.351808910986508,8.574983649096934,2.573671857764146,4.7417726977739685
District179,1973,1,4.7417726977739685,0.843703317754068,0.351808910986508,10.873012507714147,2.207903389539653,4.7417726977739685
District179,1974,1,4.7417726977739685,0.843703317754068,0.351808910986508,8.880896122393752,2.0795964294560987,4.7417726977739685
District179,1975,1,4.7417726977739685,0.843703317754068,0.351808910986508,9.116995417098877,2.4378137797751678,4.7417726977739685
District180,1950,0,3.808795144960938,0.04483456428075653,0.1812943277362863,6.458890789345077,2.3200290473026,0.0
District180,1951,0,3.808795144960938,0.04483456428075653,0.1812943277362863,7.17745800128036,2.0520795777136986,0.0
District180,1952,0,3.808795144960938,0.04483456428075653,0.1812943277362863,6.136757415937282,1.9751498789643418,0.0
District180,1953,0,3.808795144960938,0.04483456428075653,0.1812943277362863,5.853729326770388,1.7268919765072914,0.0
District180,1954,0,3.808795144960938,0.04483456428075653,0.1812943277362863,7.480602033321077,2.0877190178314406,0.0
District180,1955,0,3.808795144960938,0.04483456428075653,0.1812943277362863,6.260352765548207,2.101150328365513,0.0
District180,1956,0,3.808795144960938,0.04483456428075653,0.1812943277362863,4.6307126671514975,1.8912959507884322,0.0
District180,1957,0,3.808795144960938,0.04483456428075653,0.1812943277362863,7.0496068387141495,2.093791864580452,0.0
District180,1958,0,3.808795144960938,0.04483456428075653,0.1812943277362863,5.879076998787898,1.798363846367062,0.0
District180,1959,0,3.808795144960938,0.04483456428075653,0.1812943277362863,5.25254788525867,1.423230462049892,0.0
District180,1960,0,3.808795144960938,0.04483456428075653,0.1812943277362863,5.262955069579028,2.4503354656377767,0.0
District180,1961,0,3.808795144960938,0.04483456428075653,0.1812943277362863,5.827570724578253,1.1524237588989557,0.0
District180,1962,1,3.808795144960938,0.04483456428075653,0.1812943277362863,7.351787508526078,1.7131900537034448,3.808795144960938
District180,1963,1,3.808795144960938,0.04483456428075653,0.1812943277362863,7.379297500012136,1.6292754925911908,3.808795144960938
District180,1964,1,3.808795144960938,0.04483456428075653,0.1812943277362863,6.856069896419264,2.4127883204055025,3.808795144960938
District180,1965,1,3.808795144960938,0.04483456428075653,0.1812943277362863,8.826723873593226,2.4229230720924173,3.808795144960938
District180,1966,1,3.808795144960938,0.04483456428075653,0.1812943277362863,6.36497027662621,2.267591212658516,3.808795144960938
District180,1967,1,3.808795144960938,0.04483456428075653,0.1812943277362863,6.141432600644629,1.4491927195223502,3.808795144960938
District180,1968,1,3.808795144960938,0.04483456428075653,0.1812943277362863,8.420896107815722,1.9535282448402473,3.808795144960938
District180,1969,1,3.808795144960938,0.04483456428075653,0.1812943277362863,8.126287321641533,1.152255500653378,3.808795144960938
District180,1970,1,3.808795144960938,0.04483456428075653,0.1812943277362863,6.696452483587412,2.160445320534006,3.808795144960938
District180,1971,1,3.808795144960938,0.04483456428075653,0.1812943277362863,7.44825367605103,1.6652841655560668,3.808795144960938
District180,1972,1,3.808795144960938,0.04483456428075653,0.1812943277362863,8.38029586464638,2.5790115418303925,3.808795144960938
District180,1973,1,3.808795144960938,0.04483456428075653,0.1812943277362863,10.104935222420934,2.257785267710356,3.808795144960938
District180,1974,1,3.808795144960938,0.04483456428075653,0.1812943277362863,8.161143578329593,2.3487817878790564,3.808795144960938
District180,1975,1,3.808795144960938,0.04483456428075653,0.1812943277362863,8.930863195381487,2.0144173054257446,3.808795144960938
District181,1950,0,1.6818943333236989,0.006143808007197492,0.2492681552964632,5.005681698738352,2.1155843624472612,0.0
District181,1951,0,1.6818943333236989,0.006143808007197492,0.2492681552964632,6.045785943343846,1.7082598799162418,0.0
District181,1952,0,1.6818943333236989,0.006143808007197492,0.2492681552964632,5.669068483025797,1.8259558246804821,0.0
District181,1953,0,1.6818943333236989,0.006143808007197492,0.2492681552964632,6.9624017483296115,1.6425733971620464,0.0
District181,1954,0,1.6818943333236989,0.006143808007197492,0.2492681552964632,7.358958960057079,1.698724470677993,0.0
District181,1955,0,1.6818943333236989,0.006143808007197492,0.2492681552964632,6.158482520820783,1.6898742084733138,0.0
District181,1956,0,1.6818943333236989,0.006143808007197492,0.2492681552964632,6.086872319898062,1.8131291203831426,0.0
District181,1957,0,1.6818943333236989,0.006143808007197492,0.2492681552964632,6.125474445432393,1.8011163480365826,0.0
District181,1958,0,1.6818943333236989,0.006143808007197492,0.2492681552964632,5.524055612887468,1.1892010838643183,0.0
District181,1959,0,1.6818943333236989,0.006143808007197492,0.2492681552964632,5.150933522201898,2.1531847641047137,0.0
District181,1960,0,1.6818943333236989,0.006143808007197492,0.2492681552964632,5.022523243169472,1.9423831946219494,0.0
District181,1961,0,1.6818943333236989,0.006143808007197492,0.2492681552964632,5.711657390731573,1.6718645201329125,0.0
District181,1962,1,1.6818943333236989,0.006143808007197492,0.2492681552964632,4.887796410468521,1.8748881860837596,1.6818943333236989
District181,1963,1,1.6818943333236989,0.006143808007197492,0.2492681552964632,6.48286084012707,2.0921358262340513,1.6818943333236989
District181,1964,1,1.6818943333236989,0.006143808007197492,0.2492681552964632,5.840274613225334,2.069879325384064,1.6818943333236989
District181,1965,1,1.6818943333236989,0.006143808007197492,0.2492681552964632,6.898908762917623,1.8762313667928845,1.6818943333236989
District181,1966,1,1.6818943333236989,0.006143808007197492,0.2492681552964632,8.632962061273666,1.2554471229992088,1.6818943333236989
District181,1967,1,1.6818943333236989,0.006143808007197492,0.2492681552964632,6.027411505382658,2.1241330247746455,1.6818943333236989
District181,1968,1,1.6818943333236989,0.006143808007197492,0.2492681552964632,6.104370679453025,2.2481644763257287,1.6818943333236989
District181,1969,1,1.6818943333236989,0.006143808007197492,0.2492681552964632,7.758555686549257,2.1564122368521335,1.6818943333236989
District181,1970,1,1.6818943333236989,0.006143808007197492,0.2492681552964632,6.256117828928453,2.24903194215612,1.6818943333236989
District181,1971,1,1.6818943333236989,0.006143808007197492,0.2492681552964632,7.012410401408882,1.9990467211267744,1.6818943333236989
District181,1972,1,1.6818943333236989,0.006143808007197492,0.2492681552964632,5.607001218752714,1.8434826353363645,1.6818943333236989
District181,1973,1,1.6818943333236989,0.006143808007197492,0.2492681552964632,7.5456740184787465,1.6604501598108974,1.6818943333236989
District181,1974,1,1.6818943333236989,0.006143808007197492,0.2492681552964632,5.777651777355627,1.8139582536212726,1.6818943333236989
District181,1975,1,1.6818943333236989,0.006143808007197492,0.2492681552964632,6.18148659640243,2.354197927072731,1.6818943333236989
District182,1950,0,2.538687509568219,0.9936601435153259,0.3585689141713781,5.654841348515282,1.6528462935256414,0.0
District182,1951,0,2.538687509568219,0.9936601435153259,0.3585689141713781,6.464879608880603,2.060655241436707,0.0
District182,1952,0,2.538687509568219,0.9936601435153259,0.3585689141713781,7.513038667037007,2.027038746833928,0.0
District182,1953,0,2.538687509568219,0.9936601435153259,0.3585689141713781,6.241537910791105,2.1833057701998793,0.0
District182,1954,0,2.538687509568219,0.9936601435153259,0.3585689141713781,6.403558533055353,1.778218540840206,0.0
District182,1955,0,2.538687509568219,0.9936601435153259,0.3585689141713781,5.293281177906204,1.839296630856165,0.0
District182,1956,0,2.538687509568219,0.9936601435153259,0.3585689141713781,5.561960076407722,2.0658654442809357,0.0
District182,1957,0,2.538687509568219,0.9936601435153259,0.3585689141713781,6.146625422623631,1.5468206153985649,0.0
District182,1958,0,2.538687509568219,0.9936601435153259,0.3585689141713781,5.16910696256957,1.989142540475537,0.0
District182,1959,0,2.538687509568219,0.9936601435153259,0.3585689141713781,7.268406271381921,1.987288094618024,0.0
District182,1960,0,2.538687509568219,0.9936601435153259,0.3585689141713781,6.15967443322314,2.4242063199036825,0.0
District182,1961,0,2.538687509568219,0.9936601435153259,0.3585689141713781,7.1781719345621,1.3351414494436995,0.0
District182,1962,1,2.538687509568219,0.9936601435153259,0.3585689141713781,8.166448223906448,1.7455762967266089,2.538687509568219
District182,1963,1,2.538687509568219,0.9936601435153259,0.3585689141713781,8.857663579024129,2.2454502630523345,2.538687509568219
District182,1964,1,2.538687509568219,0.9936601435153259,0.3585689141713781,9.288486826554346,1.2525229924044325,2.538687509568219
District182,1965,1,2.538687509568219,0.9936601435153259,0.3585689141713781,6.928718839235655,2.0225403705388536,2.538687509568219
District182,1966,1,2.538687509568219,0.9936601435153259,0.3585689141713781,6.7406347099414745,2.0388215348049132,2.538687509568219
District182,1967,1,2.538687509568219,0.9936601435153259,0.3585689141713781,8.726905657740613,2.3554266699044817,2.538687509568219
District182,1968,1,2.538687509568219,0.9936601435153259,0.3585689141713781,8.820598629630654,1.89232663820451,2.538687509568219
District182,1969,1,2.538687509568219,0.9936601435153259,0.3585689141713781,9.24625529920308,1.9841350668367228,2.538687509568219
District182,1970,1,2.538687509568219,0.9936601435153259,0.3585689141713781,7.267005396308917,1.5916652316641944,2.538687509568219
District182,1971,1,2.538687509568219,0.9936601435153259,0.3585689141713781,7.896520035506362,1.870352782150321,2.538687509568219
District182,1972,1,2.538687509568219,0.9936601435153259,0.3585689141713781,8.587227960256183,2.326744480226133,2.538687509568219
District182,1973,1,2.538687509568219,0.9936601435153259,0.3585689141713781,7.7568375523734465,1.480328143352922,2.538687509568219
District182,1974,1,2.538687509568219,0.9936601435153259,0.3585689141713781,7.400922186725521,2.1099904445771593,2.538687509568219
District182,1975,1,2.538687509568219,0.9936601435153259,0.3585689141713781,7.555527529669365,2.526608295373079,2.538687509568219
District183,1950,0,1.3695978203435077,0.5857529978545188,0.45543306975661346,7.279263073059432,1.6542497288705778,0.0
District183,1951,0,1.3695978203435077,0.5857529978545188,0.45543306975661346,6.881007057242843,2.237074169183704,0.0
District183,1952,0,1.3695978203435077,0.5857529978545188,0.45543306975661346,5.012981902163352,2.3236995011456476,0.0
District183,1953,0,1.3695978203435077,0.5857529978545188,0.45543306975661346,5.314451629883126,2.839591735023072,0.0
District183,1954,0,1.3695978203435077,0.5857529978545188,0.45543306975661346,7.0128905530870975,2.1493122742972117,0.0
District183,1955,0,1.3695978203435077,0.5857529978545188,0.45543306975661346,6.394241726802053,1.6972076528045836,0.0
District183,1956,0,1.3695978203435077,0.5857529978545188,0.45543306975661346,5.445725321824817,1.4486811881918555,0.0
District183,1957,0,1.3695978203435077,0.5857529978545188,0.45543306975661346,6.907908253282662,2.0508986356659364,0.0
District183,1958,0,1.3695978203435077,0.5857529978545188,0.45543306975661346,6.6813385534492715,1.814797077719258,0.0
District183,1959,0,1.3695978203435077,0.5857529978545188,0.45543306975661346,7.11343278791822,2.0895406822197047,0.0
District183,1960,0,1.3695978203435077,0.5857529978545188,0.45543306975661346,6.600856026710477,2.1278294051821516,0.0
District183,1961,0,1.3695978203435077,0.5857529978545188,0.45543306975661346,8.020199775888983,1.9875533287059528,0.0
District183,1962,1,1.3695978203435077,0.5857529978545188,0.45543306975661346,9.77541238105842,2.1991446000078336,1.3695978203435077
District183,1963,1,1.3695978203435077,0.5857529978545188,0.45543306975661346,7.16871175707084,2.1431981394685597,1.3695978203435077
District183,1964,1,1.3695978203435077,0.5857529978545188,0.45543306975661346,6.213263655449613,1.9590259443036395,1.3695978203435077
District183,1965,1,1.3695978203435077,0.5857529978545188,0.45543306975661346,6.105938585065081,2.172206933978615,1.3695978203435077
District183,1966,1,1.3695978203435077,0.5857529978545188,0.45543306975661346,7.959637155842302,2.2883710983465098,1.3695978203435077
District183,1967,1,1.3695978203435077,0.5857529978545188,0.45543306975661346,7.201104849865988,1.7504291192313353,1.3695978203435077
District183,1968,1,1.3695978203435077,0.5857529978545188,0.45543306975661346,6.638465953009045,1.7433329162123627,1.3695978203435077
District183,1969,1,1.3695978203435077,0.5857529978545188,0.45543306975661346,6.950224295347993,1.5435350453973085,1.3695978203435077
District183,1970,1,1.3695978203435077,0.5857529978545188,0.45543306975661346,5.087495416488282,1.4904161613109954,1.3695978203435077
District183,1971,1,1.3695978203435077,0.5857529978545188,0.45543306975661346,8.281640303839234,2.517744868951007,1.3695978203435077
District183,1972,1,1.3695978203435077,0.5857529978545188,0.45543306975661346,8.510988145298112,2.4876822411458197,1.3695978203435077
District183,1973,1,1.3695978203435077,0.5857529978545188,0.45543306975661346,7.68249291727682,2.166987983113552,1.3695978203435077
District183,1974,1,1.3695978203435077,0.5857529978545188,0.45543306975661346,8.687287674007676,2.704219029577705,1.3695978203435077
District183,1975,1,1.3695978203435077,0.5857529978545188,0.45543306975661346,6.2386288371903955,1.8889418055114282,1.3695978203435077
District184,1950,0,4.717443599831809,0.9056011384394579,0.28918056376381895,5.8588522301449695,2.541463335237185,0.0
District184,1951,0,4.717443599831809,0.9056011384394579,0.28918056376381895,6.932039970030821,1.6691038867317147,0.0
District184,1952,0,4.717443599831809,0.9056011384394579,0.28918056376381895,6.556773258327968,1.946208229996407,0.0
District184,1953,0,4.717443599831809,0.9056011384394579,0.28918056376381895,7.148634857215518,2.0401281619183735,0.0
District184,1954,0,4.717443599831809,0.9056011384394579,0.28918056376381895,5.421231717485008,2.6420854986435436,0.0
District184,1955,0,4.717443599831809,0.9056011384394579,0.28918056376381895,6.48132277693061,1.9711102986069429,0.0
District184,1956,0,4.717443599831809,0.9056011384394579,0.28918056376381895,5.993084986596383,2.3663515128782224,0.0
District184,1957,0,4.717443599831809,0.9056011384394579,0.28918056376381895,5.809311196889193,1.560986913871244,0.0
District184,1958,0,4.717443599831809,0.9056011384394579,0.28918056376381895,7.293647812196626,2.371852342867429,0.0
District184,1959,0,4.717443599831809,0.9056011384394579,0.28918056376381895,5.819626920418392,1.765134400063252,0.0
District184,1960,0,4.717443599831809,0.9056011384394579,0.28918056376381895,5.803805794058604,1.6773506974326904,0.0
District184,1961,0,4.717443599831809,0.9056011384394579,0.28918056376381895,7.043404322961342,1.074751467929955,0.0
District184,1962,1,4.717443599831809,0.9056011384394579,0.28918056376381895,9.640551495691733,1.6519795789541525,4.717443599831809
District184,1963,1,4.717443599831809,0.9056011384394579,0.28918056376381895,9.570701657942438,1.6233520963945776,4.717443599831809
District184,1964,1,4.717443599831809,0.9056011384394579,0.28918056376381895,7.91190801182244,1.9450162723021904,4.717443599831809
District184,1965,1,4.717443599831809,0.9056011384394579,0.28918056376381895,8.572633709110741,1.4944202868715564,4.717443599831809
District184,1966,1,4.717443599831809,0.9056011384394579,0.28918056376381895,10.120332786889755,2.6129661009970775,4.717443599831809
District184,1967,1,4.717443599831809,0.9056011384394579,0.28918056376381895,9.514906560431806,3.337188678166364,4.717443599831809
District184,1968,1,4.717443599831809,0.9056011384394579,0.28918056376381895,8.90088455829395,2.4544291067689437,4.717443599831809
District184,1969,1,4.717443599831809,0.9056011384394579,0.28918056376381895,9.718421720382038,3.1632346727316873,4.717443599831809
District184,1970,1,4.717443599831809,0.9056011384394579,0.28918056376381895,9.495209638608056,2.1142891236461407,4.717443599831809
District184,1971,1,4.717443599831809,0.9056011384394579,0.28918056376381895,7.872517195886926,2.450761714721422,4.717443599831809
District184,1972,1,4.717443599831809,0.9056011384394579,0.28918056376381895,9.958599778080806,1.8508119923000654,4.717443599831809
District184,1973,1,4.717443599831809,0.9056011384394579,0.28918056376381895,8.91832945124101,3.0162534217114487,4.717443599831809
District184,1974,1,4.717443599831809,0.9056011384394579,0.28918056376381895,10.205062129056126,2.23393528353622,4.717443599831809
District184,1975,1,4.717443599831809,0.9056011384394579,0.28918056376381895,10.122100354931243,2.467964805346157,4.717443599831809
District185,1950,0,2.780900728418821,1.1195898641467952,0.3477225789811556,7.794957809753005,2.335280982144184,0.0
District185,1951,0,2.780900728418821,1.1195898641467952,0.3477225789811556,5.4976405219866,1.630078620658617,0.0
District185,1952,0,2.780900728418821,1.1195898641467952,0.3477225789811556,7.664166907627626,2.3651073292209253,0.0
District185,1953,0,2.780900728418821,1.1195898641467952,0.3477225789811556,7.42840382088268,1.657488706663742,0.0
District185,1954,0,2.780900728418821,1.1195898641467952,0.3477225789811556,6.961722589498367,1.8753580536440455,0.0
District185,1955,0,2.780900728418821,1.1195898641467952,0.3477225789811556,5.7109977391426945,1.7610677245544994,0.0
District185,1956,0,2.780900728418821,1.1195898641467952,0.3477225789811556,6.815035667684924,2.090438958605417,0.0
District185,1957,0,2.780900728418821,1.1195898641467952,0.3477225789811556,7.088126048871865,1.968573090804481,0.0
District185,1958,0,2.780900728418821,1.1195898641467952,0.3477225789811556,6.117920542080875,1.9956695807500269,0.0
District185,1959,0,2.780900728418821,1.1195898641467952,0.3477225789811556,5.671755653382566,1.8709715648366658,0.0
District185,1960,0,2.780900728418821,1.1195898641467952,0.3477225789811556,3.8924468999820574,1.7611677592695787,0.0
District185,1961,0,2.780900728418821,1.1195898641467952,0.3477225789811556,6.4278385165679826,2.3688760238452846,0.0
District185,1962,1,2.780900728418821,1.1195898641467952,0.3477225789811556,7.018045013836696,1.3944959271820125,2.780900728418821
District185,1963,1,2.780900728418821,1.1195898641467952,0.3477225789811556,7.762866981925905,2.5791580373522027,2.780900728418821
District185,1964,1,2.780900728418821,1.1195898641467952,0.3477225789811556,7.726800232122398,2.3766223118280436,2.780900728418821
District185,1965,1,2.780900728418821,1.1195898641467952,0.3477225789811556,8.689255801229955,1.873517139077674,2.780900728418821
District185,1966,1,2.780900728418821,1.1195898641467952,0.3477225789811556,7.644860272974313,1.6749505662682722,2.780900728418821
District185,1967,1,2.780900728418821,1.1195898641467952,0.3477225789811556,7.543040745480362,2.1467090745224304,2.780900728418821
District185,1968,1,2.780900728418821,1.1195898641467952,0.3477225789811556,7.537273439693678,2.1737606098203335,2.780900728418821
District185,1969,1,2.780900728418821,1.1195898641467952,0.3477225789811556,8.629120172066825,1.7377907772468064,2.780900728418821
District185,1970,1,2.780900728418821,1.1195898641467952,0.3477225789811556,8.650961317309084,2.4063609728511723,2.780900728418821
District185,1971,1,2.780900728418821,1.1195898641467952,0.3477225789811556,6.614153376397784,2.369391919610099,2.780900728418821
District185,1972,1,2.780900728418821,1.1195898641467952,0.3477225789811556,7.234407141341068,2.146357840770961,2.780900728418821
District185,1973,1,2.780900728418821,1.1195898641467952,0.3477225789811556,7.772842238934524,1.826308772985446,2.780900728418821
District185,1974,1,2.780900728418821,1.1195898641467952,0.3477225789811556,7.458006310996261,2.3434453990148305,2.780900728418821
District185,1975,1,2.780900728418821,1.1195898641467952,0.3477225789811556,7.883650276831493,2.0367372769065466,2.780900728418821
District186,1950,0,2.113221625112085,0.42163894526987783,0.12737979929159898,5.87892824791558,1.310762043611705,0.0
District186,1951,0,2.113221625112085,0.42163894526987783,0.12737979929159898,5.272922834403534,2.322468356219042,0.0
District186,1952,0,2.113221625112085,0.42163894526987783,0.12737979929159898,5.4781653802078605,1.5027577515997077,0.0
District186,1953,0,2.113221625112085,0.42163894526987783,0.12737979929159898,6.12382088421477,2.0856462476192967,0.0
District186,1954,0,2.113221625112085,0.42163894526987783,0.12737979929159898,7.094125221095025,1.7032078784393674,0.0
District186,1955,0,2.113221625112085,0.42163894526987783,0.12737979929159898,6.1126815899147555,1.9038721613974845,0.0
District186,1956,0,2.113221625112085,0.42163894526987783,0.12737979929159898,7.512843636306105,1.3415354780113211,0.0
District186,1957,0,2.113221625112085,0.42163894526987783,0.12737979929159898,5.797538729507906,1.9537541129964866,0.0
District186,1958,0,2.113221625112085,0.42163894526987783,0.12737979929159898,6.17500854951403,1.6358600798762932,0.0
District186,1959,0,2.113221625112085,0.42163894526987783,0.12737979929159898,5.942786134855748,2.5840995602443195,0.0
District186,1960,0,2.113221625112085,0.42163894526987783,0.12737979929159898,7.18899332948525,2.1547446892783966,0.0
District186,1961,0,2.113221625112085,0.42163894526987783,0.12737979929159898,5.8110576225365325,2.3197793735670285,0.0
District186,1962,1,2.113221625112085,0.42163894526987783,0.12737979929159898,7.609466692325422,2.0872350197495875,2.113221625112085
District186,1963,1,2.113221625112085,0.42163894526987783,0.12737979929159898,7.962666043211887,2.1927997084858015,2.113221625112085
District186,1964,1,2.113221625112085,0.42163894526987783,0.12737979929159898,6.641222349219333,2.015208417424287,2.113221625112085
District186,1965,1,2.113221625112085,0.42163894526987783,0.12737979929159898,5.932055122703842,1.7662974390165032,2.113221625112085
District186,1966,1,2.113221625112085,0.42163894526987783,0.12737979929159898,8.704722942636977,2.728111371156825,2.113221625112085
District186,1967,1,2.113221625112085,0.42163894526987783,0.12737979929159898,7.377668705368501,2.4536083428695554,2.113221625112085
District186,1968,1,2.113221625112085,0.42163894526987783,0.12737979929159898,6.975848239778435,2.213715794038296,2.113221625112085
District186,1969,1,2.113221625112085,0.42163894526987783,0.12737979929159898,7.391964442143438,2.5070036777156233,2.113221625112085
District186,1970,1,2.113221625112085,0.42163894526987783,0.12737979929159898,7.913835782141836,2.3800700146330613,2.113221625112085
District186,1971,1,2.113221625112085,0.42163894526987783,0.12737979929159898,5.99011219540007,2.000192396186147,2.113221625112085
District186,1972,1,2.113221625112085,0.42163894526987783,0.12737979929159898,6.536254377012514,2.166067683719576,2.113221625112085
District186,1973,1,2.113221625112085,0.42163894526987783,0.12737979929159898,8.100949350601816,1.920122284979832,2.113221625112085
District186,1974,1,2.113221625112085,0.42163894526987783,0.12737979929159898,7.171169572930882,1.8685339014043876,2.113221625112085
District186,1975,1,2.113221625112085,0.42163894526987783,0.12737979929159898,7.095983106897333,2.082399418972144,2.113221625112085
District187,1950,0,3.916290894542737,0.11060070403298314,0.2949933321532957,6.460165843501901,1.315933172347926,0.0
District187,1951,0,3.916290894542737,0.11060070403298314,0.2949933321532957,8.194467505094858,1.4617053214922864,0.0
District187,1952,0,3.916290894542737,0.11060070403298314,0.2949933321532957,7.1734451267791925,1.3992186478145068,0.0
District187,1953,0,3.916290894542737,0.11060070403298314,0.2949933321532957,7.38177564411295,1.5488264012325794,0.0
District187,1954,0,3.916290894542737,0.11060070403298314,0.2949933321532957,5.631290004801226,1.6008206201618327,0.0
District187,1955,0,3.916290894542737,0.11060070403298314,0.2949933321532957,5.922061172536491,1.9098804278448402,0.0
District187,1956,0,3.916290894542737,0.11060070403298314,0.2949933321532957,7.388945496721567,2.019901235486789,0.0
District187,1957,0,3.916290894542737,0.11060070403298314,0.2949933321532957,7.318688606173888,1.8279468140501836,0.0
District187,1958,0,3.916290894542737,0.11060070403298314,0.2949933321532957,4.704036558123891,2.0623820300014257,0.0
District187,1959,0,3.916290894542737,0.11060070403298314,0.2949933321532957,5.951045869032123,1.5983742443238782,0.0
District187,1960,0,3.916290894542737,0.11060070403298314,0.2949933321532957,4.228748321529337,1.8575250878311675,0.0
District187,1961,0,3.916290894542737,0.11060070403298314,0.2949933321532957,5.10221609257619,1.8274884322844729,0.0
District187,1962,1,3.916290894542737,0.11060070403298314,0.2949933321532957,7.986191763287886,1.8077815609155319,3.916290894542737
District187,1963,1,3.916290894542737,0.11060070403298314,0.2949933321532957,8.739795965199507,2.106635917455062,3.916290894542737
District187,1964,1,3.916290894542737,0.11060070403298314,0.2949933321532957,6.981250627583012,1.835345590810518,3.916290894542737
District187,1965,1,3.916290894542737,0.11060070403298314,0.2949933321532957,9.015610396545025,2.2126945460187697,3.916290894542737
District187,1966,1,3.916290894542737,0.11060070403298314,0.2949933321532957,6.36062789805721,1.6444187476076892,3.916290894542737
District187,1967,1,3.916290894542737,0.11060070403298314,0.2949933321532957,7.192629347711261,3.1616959345034417,3.916290894542737
District187,1968,1,3.916290894542737,0.11060070403298314,0.2949933321532957,8.113187616687023,2.447216794906979,3.916290894542737
District187,1969,1,3.916290894542737,0.11060070403298314,0.2949933321532957,8.01480132092615,1.6914720538690542,3.916290894542737
District187,1970,1,3.916290894542737,0.11060070403298314,0.2949933321532957,7.257674465697422,2.110236819614345,3.916290894542737
District187,1971,1,3.916290894542737,0.11060070403298314,0.2949933321532957,8.183501404871182,2.1597253821131597,3.916290894542737
District187,1972,1,3.916290894542737,0.11060070403298314,0.2949933321532957,9.091502123361956,2.585320575555667,3.916290894542737
District187,1973,1,3.916290894542737,0.11060070403298314,0.2949933321532957,7.056551084459816,1.5964839708468808,3.916290894542737
District187,1974,1,3.916290894542737,0.11060070403298314,0.2949933321532957,8.030552751642071,2.245717264748354,3.916290894542737
District187,1975,1,3.916290894542737,0.11060070403298314,0.2949933321532957,7.948179838172347,1.9999437998844367,3.916290894542737
District188,1950,0,4.183448910537284,1.1458496906318754,0.28509913137929127,6.416185760099986,1.8439245240803142,0.0
District188,1951,0,4.183448910537284,1.1458496906318754,0.28509913137929127,6.889597183949272,2.2360198056114666,0.0
District188,1952,0,4.183448910537284,1.1458496906318754,0.28509913137929127,7.250261706185758,1.6486666131935928,0.0
District188,1953,0,4.183448910537284,1.1458496906318754,0.28509913137929127,6.021983414276085,2.209866964566847,0.0
District188,1954,0,4.183448910537284,1.1458496906318754,0.28509913137929127,7.3718643840471385,1.857863583963821,0.0
District188,1955,0,4.183448910537284,1.1458496906318754,0.28509913137929127,5.86085823055269,2.324026147262803,0.0
District188,1956,0,4.183448910537284,1.1458496906318754,0.28509913137929127,6.746146688383409,2.1738165392270314,0.0
District188,1957,0,4.183448910537284,1.1458496906318754,0.28509913137929127,7.385568150731132,1.6849458819917742,0.0
District188,1958,0,4.183448910537284,1.1458496906318754,0.28509913137929127,6.687919117753139,2.3725872361475173,0.0
District188,1959,0,4.183448910537284,1.1458496906318754,0.28509913137929127,6.4669549479180235,2.559359645512221,0.0
District188,1960,0,4.183448910537284,1.1458496906318754,0.28509913137929127,7.184557617652841,2.0390770114542076,0.0
District188,1961,0,4.183448910537284,1.1458496906318754,0.28509913137929127,8.121598998427315,2.327442690090763,0.0
District188,1962,1,4.183448910537284,1.1458496906318754,0.28509913137929127,9.19673419947648,2.12185409401954,4.183448910537284
District188,1963,1,4.183448910537284,1.1458496906318754,0.28509913137929127,9.030573954316234,2.640351135161957,4.183448910537284
District188,1964,1,4.183448910537284,1.1458496906318754,0.28509913137929127,8.831877347578956,2.25312727990984,4.183448910537284
District188,1965,1,4.183448910537284,1.1458496906318754,0.28509913137929127,10.527300345975455,2.416489418255635,4.183448910537284
District188,1966,1,4.183448910537284,1.1458496906318754,0.28509913137929127,8.307891477747448,2.1033882197637617,4.183448910537284
District188,1967,1,4.183448910537284,1.1458496906318754,0.28509913137929127,8.967930942487596,2.455120321002443,4.183448910537284
District188,1968,1,4.183448910537284,1.1458496906318754,0.28509913137929127,9.569950432984724,2.036347993857576,4.183448910537284
District188,1969,1,4.183448910537284,1.1458496906318754,0.28509913137929127,10.22229085620242,2.5141337679114684,4.183448910537284
District188,1970,1,4.183448910537284,1.1458496906318754,0.28509913137929127,7.782876563436,2.491381417541952,4.183448910537284
District188,1971,1,4.183448910537284,1.1458496906318754,0.28509913137929127,9.904603612441454,1.6647553731086693,4.183448910537284
District188,1972,1,4.183448910537284,1.1458496906318754,0.28509913137929127,8.036305672870535,1.643508192879163,4.183448910537284
District188,1973,1,4.183448910537284,1.1458496906318754,0.28509913137929127,7.615984480580257,2.091886020869805,4.183448910537284
District188,1974,1,4.183448910537284,1.1458496906318754,0.28509913137929127,9.019189259672643,2.3977409911670495,4.183448910537284
District188,1975,1,4.183448910537284,1.1458496906318754,0.28509913137929127,7.761917692011224,2.8046831542392576,4.183448910537284
District189,1950,0,1.3119071976201713,-1.6353636745627917,0.14956087357974115,4.498636259233733,2.146360283930584,0.0
District189,1951,0,1.3119071976201713,-1.6353636745627917,0.14956087357974115,5.252989524531119,1.597341368383721,0.0
District189,1952,0,1.3119071976201713,-1.6353636745627917,0.14956087357974115,5.072131505305253,2.287552126905981,0.0
District189,1953,0,1.3119071976201713,-1.6353636745627917,0.14956087357974115,5.5589085933713305,1.6008998254520512,0.0
District189,1954,0,1.3119071976201713,-1.6353636745627917,0.14956087357974115,4.727252327563542,1.7329320924800684,0.0
District189,1955,0,1.3119071976201713,-1.6353636745627917,0.14956087357974115,5.428919122304576,1.9090180650957382,0.0
District189,1956,0,1.3119071976201713,-1.6353636745627917,0.14956087357974115,6.000125354415065,2.129828168316964,0.0
District189,1957,0,1.3119071976201713,-1.6353636745627917,0.14956087357974115,7.064695886173386,1.419730118399205,0.0
District189,1958,0,1.3119071976201713,-1.6353636745627917,0.14956087357974115,4.529922802308482,1.6649462453937842,0.0
District189,1959,0,1.3119071976201713,-1.6353636745627917,0.14956087357974115,4.968898891337085,1.913904800917896,0.0
District189,1960,0,1.3119071976201713,-1.6353636745627917,0.14956087357974115,5.033196271715218,1.6517091338867385,0.0
District189,1961,0,1.3119071976201713,-1.6353636745627917,0.14956087357974115,4.630535015411085,1.6691910500365998,0.0
District189,1962,1,1.3119071976201713,-1.6353636745627917,0.14956087357974115,4.800202105453212,1.6381103840921267,1.3119071976201713
District189,1963,1,1.3119071976201713,-1.6353636745627917,0.14956087357974115,6.278101084704391,1.0091711097316531,1.3119071976201713
District189,1964,1,1.3119071976201713,-1.6353636745627917,0.14956087357974115,5.282696234161806,1.6320776329461326,1.3119071976201713
District189,1965,1,1.3119071976201713,-1.6353636745627917,0.14956087357974115,4.705308004217715,0.9947239854742055,1.3119071976201713
District189,1966,1,1.3119071976201713,-1.6353636745627917,0.14956087357974115,5.602731566931344,2.0539570762466304,1.3119071976201713
District189,1967,1,1.3119071976201713,-1.6353636745627917,0.14956087357974115,5.564622163949157,2.0465534439080657,1.3119071976201713
District189,1968,1,1.3119071976201713,-1.6353636745627917,0.14956087357974115,5.439614531069203,1.9708867824706249,1.3119071976201713
District189,1969,1,1.3119071976201713,-1.6353636745627917,0.14956087357974115,6.5829767699713075,1.7847158470673459,1.3119071976201713
District189,1970,1,1.3119071976201713,-1.6353636745627917,0.14956087357974115,5.514272421960208,1.6941554606550286,1.3119071976201713
District189,1971,1,1.3119071976201713,-1.6353636745627917,0.14956087357974115,7.22058032701983,1.4354016451805804,1.3119071976201713
District189,1972,1,1.3119071976201713,-1.6353636745627917,0.14956087357974115,3.4634048317985044,1.5399547264792115,1.3119071976201713
District189,1973,1,1.3119071976201713,-1.6353636745627917,0.14956087357974115,6.995165717851517,2.2593301542640507,1.3119071976201713
District189,1974,1,1.3119071976201713,-1.6353636745627917,0.14956087357974115,4.30531127339551,1.7230557269110482,1.3119071976201713
District189,1975,1,1.3119071976201713,-1.6353636745627917,0.14956087357974115,6.853460496610911,1.9134614306490922,1.3119071976201713
District190,1950,0,1.8555728363367714,0.929947453091078,0.21553559293982472,8.453165646229932,2.215404559469188,0.0
District190,1951,0,1.8555728363367714,0.929947453091078,0.21553559293982472,7.892027136556669,1.457382324760503,0.0
District190,1952,0,1.8555728363367714,0.929947453091078,0.21553559293982472,7.530266267021021,1.6884912062902506,0.0
District190,1953,0,1.8555728363367714,0.929947453091078,0.21553559293982472,7.404670203425805,2.0082127497741715,0.0
District190,1954,0,1.8555728363367714,0.929947453091078,0.21553559293982472,6.502228178628819,1.7692089178797767,0.0
District190,1955,0,1.8555728363367714,0.929947453091078,0.21553559293982472,7.03633029285328,2.0292369567145565,0.0
District190,1956,0,1.8555728363367714,0.929947453091078,0.21553559293982472,6.184058509047462,1.2687310249584756,0.0
District190,1957,0,1.8555728363367714,0.929947453091078,0.21553559293982472,6.845707912244856,1.9769903962631432,0.0
District190,1958,0,1.8555728363367714,0.929947453091078,0.21553559293982472,5.927963862840061,2.229069616458755,0.0
District190,1959,0,1.8555728363367714,0.929947453091078,0.21553559293982472,6.197721870619532,2.507149953167157,0.0
District190,1960,0,1.8555728363367714,0.929947453091078,0.21553559293982472,5.911634446868263,1.6219896804889067,0.0
District190,1961,0,1.8555728363367714,0.929947453091078,0.21553559293982472,7.141791447694396,2.0265209268789177,0.0
District190,1962,1,1.8555728363367714,0.929947453091078,0.21553559293982472,7.236869957351644,2.3215793457854916,1.8555728363367714
District190,1963,1,1.8555728363367714,0.929947453091078,0.21553559293982472,8.19918902586205,1.848978862746805,1.8555728363367714
District190,1964,1,1.8555728363367714,0.929947453091078,0.21553559293982472,8.366378088887323,1.7936170576635386,1.8555728363367714
District190,1965,1,1.8555728363367714,0.929947453091078,0.21553559293982472,8.20460152299069,2.1654108610546015,1.8555728363367714
District190,1966,1,1.8555728363367714,0.929947453091078,0.21553559293982472,6.303376532200901,1.982043708022659,1.8555728363367714
District190,1967,1,1.8555728363367714,0.929947453091078,0.21553559293982472,8.594608260719356,2.4512169263826187,1.8555728363367714
District190,1968,1,1.8555728363367714,0.929947453091078,0.21553559293982472,5.775722412731504,2.2005569966941243,1.8555728363367714
District190,1969,1,1.8555728363367714,0.929947453091078,0.21553559293982472,8.216295373235242,2.0962470422525685,1.8555728363367714
District190,1970,1,1.8555728363367714,0.929947453091078,0.21553559293982472,5.37020505705819,1.5137801860543956,1.8555728363367714
District190,1971,1,1.8555728363367714,0.929947453091078,0.21553559293982472,7.021300782304208,2.489891025061673,1.8555728363367714
District190,1972,1,1.8555728363367714,0.929947453091078,0.21553559293982472,6.516449660221301,1.1793958838517826,1.8555728363367714
District190,1973,1,1.8555728363367714,0.929947453091078,0.21553559293982472,7.618870238704715,1.9614144707561991,1.8555728363367714
District190,1974,1,1.8555728363367714,0.929947453091078,0.21553559293982472,8.418957756262657,1.7905477182338534,1.8555728363367714
District190,1975,1,1.8555728363367714,0.929947453091078,0.21553559293982472,7.216399897630165,2.414279189098717,1.8555728363367714
District191,1950,0,2.9838515093274895,1.6070003905922199,0.02,6.538326970417392,1.7931284868542612,0.0
District191,1951,0,2.9838515093274895,1.6070003905922199,0.02,7.818521752339322,1.3340220398912068,0.0
District191,1952,0,2.9838515093274895,1.6070003905922199,0.02,5.942057143910575,1.4350568474509413,0.0
District191,1953,0,2.9838515093274895,1.6070003905922199,0.02,7.120285423613314,2.2807483078562854,0.0
District191,1954,0,2.9838515093274895,1.6070003905922199,0.02,6.657934104019802,2.699259397245874,0.0
District191,1955,0,2.9838515093274895,1.6070003905922199,0.02,7.678032596698994,1.8877121661197718,0.0
District191,1956,0,2.9838515093274895,1.6070003905922199,0.02,7.694595768577484,1.9663952077110403,0.0
District191,1957,0,2.9838515093274895,1.6070003905922199,0.02,6.848881317840497,2.0624213417741855,0.0
District191,1958,0,2.9838515093274895,1.6070003905922199,0.02,6.948067792680492,2.1128588550092626,0.0
District191,1959,0,2.9838515093274895,1.6070003905922199,0.02,8.25336011729725,2.487331695439424,0.0
District191,1960,0,2.9838515093274895,1.6070003905922199,0.02,5.30615517578807,1.4879437909234683,0.0
District191,1961,0,2.9838515093274895,1.6070003905922199,0.02,7.541625034571823,1.7887625170943053,0.0
District191,1962,1,2.9838515093274895,1.6070003905922199,0.02,9.291937984170804,2.0580602199778633,2.9838515093274895
District191,1963,1,2.9838515093274895,1.6070003905922199,0.02,7.4195513762137075,1.9816755697873727,2.9838515093274895
District191,1964,1,2.9838515093274895,1.6070003905922199,0.02,8.555449374290093,1.9298204749036425,2.9838515093274895
District191,1965,1,2.9838515093274895,1.6070003905922199,0.02,9.661185590355798,2.487103870896982,2.9838515093274895
District191,1966,1,2.9838515093274895,1.6070003905922199,0.02,9.607210049720889,2.3276250289987166,2.9838515093274895
District191,1967,1,2.9838515093274895,1.6070003905922199,0.02,10.337905784060476,2.270710858053073,2.9838515093274895
District191,1968,1,2.9838515093274895,1.6070003905922199,0.02,8.008460795215754,2.3797006172782815,2.9838515093274895
District191,1969,1,2.9838515093274895,1.6070003905922199,0.02,7.482250008424288,2.272139272059828,2.9838515093274895
District191,1970,1,2.9838515093274895,1.6070003905922199,0.02,9.913676624913347,2.225350725281291,2.9838515093274895
District191,1971,1,2.9838515093274895,1.6070003905922199,0.02,7.254506120971229,2.396695134661535,2.9838515093274895
District191,1972,1,2.9838515093274895,1.6070003905922199,0.02,9.079615258763944,1.7898540694727254,2.9838515093274895
District191,1973,1,2.9838515093274895,1.6070003905922199,0.02,7.983028769911324,2.2632736521417884,2.9838515093274895
District191,1974,1,2.9838515093274895,1.6070003905922199,0.02,6.682589491756118,1.660224992987454,2.9838515093274895
District191,1975,1,2.9838515093274895,1.6070003905922199,0.02,8.365784426871478,1.817009299829125,2.9838515093274895
District192,1950,0,4.06914031427816,0.5639219254107262,0.3970634045707271,7.490594437391021,1.809251814296889,0.0
District192,1951,0,4.06914031427816,0.5639219254107262,0.3970634045707271,6.973518918462142,1.863149689725992,0.0
District192,1952,0,4.06914031427816,0.5639219254107262,0.3970634045707271,7.244998995140198,1.9361924523593224,0.0
District192,1953,0,4.06914031427816,0.5639219254107262,0.3970634045707271,6.621412739536097,1.9488646243899332,0.0
District192,1954,0,4.06914031427816,0.5639219254107262,0.3970634045707271,5.264644495334474,1.7991099805158874,0.0
District192,1955,0,4.06914031427816,0.5639219254107262,0.3970634045707271,7.0446083391737755,2.0315852316371252,0.0
District192,1956,0,4.06914031427816,0.5639219254107262,0.3970634045707271,7.077230370388127,1.7149105852969488,0.0
District192,1957,0,4.06914031427816,0.5639219254107262,0.3970634045707271,7.160183286097392,1.6455532394454067,0.0
District192,1958,0,4.06914031427816,0.5639219254107262,0.3970634045707271,6.663757683406199,1.437147223005581,0.0
District192,1959,0,4.06914031427816,0.5639219254107262,0.3970634045707271,4.014451382780839,2.3680170154872435,0.0
District192,1960,0,4.06914031427816,0.5639219254107262,0.3970634045707271,6.474521249967272,2.1703959710738854,0.0
District192,1961,0,4.06914031427816,0.5639219254107262,0.3970634045707271,6.657766552340129,1.7601623400561044,0.0
District192,1962,1,4.06914031427816,0.5639219254107262,0.3970634045707271,9.46286680341601,2.161940671990266,4.06914031427816
District192,1963,1,4.06914031427816,0.5639219254107262,0.3970634045707271,8.25637678946351,1.8345002579620626,4.06914031427816
District192,1964,1,4.06914031427816,0.5639219254107262,0.3970634045707271,9.155578097778793,1.9544860867059501,4.06914031427816
District192,1965,1,4.06914031427816,0.5639219254107262,0.3970634045707271,8.192738566846824,1.6059788621063324,4.06914031427816
District192,1966,1,4.06914031427816,0.5639219254107262,0.3970634045707271,9.67507361343076,1.7575285527419762,4.06914031427816
District192,1967,1,4.06914031427816,0.5639219254107262,0.3970634045707271,7.796019086174117,2.49521235617272,4.06914031427816
District192,1968,1,4.06914031427816,0.5639219254107262,0.3970634045707271,7.243607678260606,2.075339280557384,4.06914031427816
District192,1969,1,4.06914031427816,0.5639219254107262,0.3970634045707271,10.786122776990295,2.539252624077973,4.06914031427816
District192,1970,1,4.06914031427816,0.5639219254107262,0.3970634045707271,8.144080698418623,1.6327683047788666,4.06914031427816
District192,1971,1,4.06914031427816,0.5639219254107262,0.3970634045707271,7.674483801178541,2.1772511942046786,4.06914031427816
District192,1972,1,4.06914031427816,0.5639219254107262,0.3970634045707271,8.4862548297233,2.105116825170629,4.06914031427816
District192,1973,1,4.06914031427816,0.5639219254107262,0.3970634045707271,9.022819570576987,2.307819505613337,4.06914031427816
District192,1974,1,4.06914031427816,0.5639219254107262,0.3970634045707271,8.602956929720648,2.3509462773868943,4.06914031427816
District192,1975,1,4.06914031427816,0.5639219254107262,0.3970634045707271,7.197507943386274,2.3239941199042984,4.06914031427816
District193,1950,0,3.2043563037691136,0.7518461724864344,0.5627335369480662,6.725893980767068,2.4375757150136024,0.0
District193,1951,0,3.2043563037691136,0.7518461724864344,0.5627335369480662,5.592225756536891,1.8694020740741926,0.0
District193,1952,0,3.2043563037691136,0.7518461724864344,0.5627335369480662,7.4900894166556125,2.3689343332308166,0.0
District193,1953,0,3.2043563037691136,0.7518461724864344,0.5627335369480662,6.3299397871471115,1.7344720217791416,0.0
District193,1954,0,3.2043563037691136,0.7518461724864344,0.5627335369480662,6.880754131279901,1.2210487662760774,0.0
District193,1955,0,3.2043563037691136,0.7518461724864344,0.5627335369480662,6.221822809576705,2.6104069618671817,0.0
District193,1956,0,3.2043563037691136,0.7518461724864344,0.5627335369480662,6.843796258212308,1.6554362130628149,0.0
District193,1957,0,3.2043563037691136,0.7518461724864344,0.5627335369480662,6.348022396133715,2.3340085973029208,0.0
District193,1958,0,3.2043563037691136,0.7518461724864344,0.5627335369480662,7.611558069967078,1.9418652424668221,0.0
District193,1959,0,3.2043563037691136,0.7518461724864344,0.5627335369480662,6.953857133321522,2.1198731294995277,0.0
District193,1960,0,3.2043563037691136,0.7518461724864344,0.5627335369480662,7.136537196770568,1.859940878924975,0.0
District193,1961,0,3.2043563037691136,0.7518461724864344,0.5627335369480662,7.274046689463073,1.8135317396003245,0.0
District193,1962,1,3.2043563037691136,0.7518461724864344,0.5627335369480662,8.853783090150907,2.162046734055324,3.2043563037691136
District193,1963,1,3.2043563037691136,0.7518461724864344,0.5627335369480662,7.9655176144115165,1.884305569042801,3.2043563037691136
District193,1964,1,3.2043563037691136,0.7518461724864344,0.5627335369480662,9.478309822695397,2.304467101379874,3.2043563037691136
District193,1965,1,3.2043563037691136,0.7518461724864344,0.5627335369480662,7.827390422638311,2.6046987469031166,3.2043563037691136
District193,1966,1,3.2043563037691136,0.7518461724864344,0.5627335369480662,7.686872036783982,1.790145222050989,3.2043563037691136
District193,1967,1,3.2043563037691136,0.7518461724864344,0.5627335369480662,7.805445538475203,1.612542376817403,3.2043563037691136
District193,1968,1,3.2043563037691136,0.7518461724864344,0.5627335369480662,7.272449340484743,2.257845377683157,3.2043563037691136
District193,1969,1,3.2043563037691136,0.7518461724864344,0.5627335369480662,7.608727744605603,1.8624905059228831,3.2043563037691136
District193,1970,1,3.2043563037691136,0.7518461724864344,0.5627335369480662,7.624215428170751,1.3157632166700377,3.2043563037691136
District193,1971,1,3.2043563037691136,0.7518461724864344,0.5627335369480662,7.320848377069231,2.219086485219748,3.2043563037691136
District193,1972,1,3.2043563037691136,0.7518461724864344,0.5627335369480662,9.795388889502513,2.48748626905674,3.2043563037691136
District193,1973,1,3.2043563037691136,0.7518461724864344,0.5627335369480662,7.3521028477432075,2.273990655960939,3.2043563037691136
District193,1974,1,3.2043563037691136,0.7518461724864344,0.5627335369480662,7.386730066609623,2.198102919229695,3.2043563037691136
District193,1975,1,3.2043563037691136,0.7518461724864344,0.5627335369480662,8.533706353113233,1.9254121538717164,3.2043563037691136
District194,1950,0,2.820934320787641,-0.7027950811506323,0.2795613763721718,6.166260600835899,1.7994052126890538,0.0
District194,1951,0,2.820934320787641,-0.7027950811506323,0.2795613763721718,4.996249622373528,1.1215108712265902,0.0
District194,1952,0,2.820934320787641,-0.7027950811506323,0.2795613763721718,6.5394382800528215,1.958167272160159,0.0
District194,1953,0,2.820934320787641,-0.7027950811506323,0.2795613763721718,5.460751197048648,1.5564014237313681,0.0
District194,1954,0,2.820934320787641,-0.7027950811506323,0.2795613763721718,4.882551391751871,1.958206271858797,0.0
District194,1955,0,2.820934320787641,-0.7027950811506323,0.2795613763721718,4.842553581522502,1.4393612218575527,0.0
District194,1956,0,2.820934320787641,-0.7027950811506323,0.2795613763721718,6.627792412522089,2.1063561974485863,0.0
District194,1957,0,2.820934320787641,-0.7027950811506323,0.2795613763721718,6.998210481190746,1.701266524146764,0.0
District194,1958,0,2.820934320787641,-0.7027950811506323,0.2795613763721718,4.638937903712914,1.8058910049566372,0.0
District194,1959,0,2.820934320787641,-0.7027950811506323,0.2795613763721718,7.301037141357066,2.5268510728164757,0.0
District194,1960,0,2.820934320787641,-0.7027950811506323,0.2795613763721718,7.316158258738957,2.0646969412289904,0.0
District194,1961,0,2.820934320787641,-0.7027950811506323,0.2795613763721718,5.010789995097677,1.6203460277393724,0.0
District194,1962,1,2.820934320787641,-0.7027950811506323,0.2795613763721718,7.834252484255814,2.155825877249076,2.820934320787641
District194,1963,1,2.820934320787641,-0.7027950811506323,0.2795613763721718,6.950876615600969,1.9720920117752054,2.820934320787641
District194,1964,1,2.820934320787641,-0.7027950811506323,0.2795613763721718,7.273583762154515,2.6680715513446294,2.820934320787641
District194,1965,1,2.820934320787641,-0.7027950811506323,0.2795613763721718,6.455496395849564,1.8898034240097605,2.820934320787641
District194,1966,1,2.820934320787641,-0.7027950811506323,0.2795613763721718,8.025154815246873,2.1101460064149022,2.820934320787641
District194,1967,1,2.820934320787641,-0.7027950811506323,0.2795613763721718,5.861825453585201,2.0304415687521775,2.820934320787641
District194,1968,1,2.820934320787641,-0.7027950811506323,0.2795613763721718,6.630349156907469,2.1139260440697645,2.820934320787641
District194,1969,1,2.820934320787641,-0.7027950811506323,0.2795613763721718,6.363370245348516,1.823182586765375,2.820934320787641
District194,1970,1,2.820934320787641,-0.7027950811506323,0.2795613763721718,7.511558251610851,1.6415924303440637,2.820934320787641
District194,1971,1,2.820934320787641,-0.7027950811506323,0.2795613763721718,6.138804298211221,2.2988873266433214,2.820934320787641
District194,1972,1,2.820934320787641,-0.7027950811506323,0.2795613763721718,7.068584594830075,1.5610646159376946,2.820934320787641
District194,1973,1,2.820934320787641,-0.7027950811506323,0.2795613763721718,8.323759878743815,1.3432152988194326,2.820934320787641
District194,1974,1,2.820934320787641,-0.7027950811506323,0.2795613763721718,6.690389650741005,2.159907834682055,2.820934320787641
District194,1975,1,2.820934320787641,-0.7027950811506323,0.2795613763721718,7.42700116269085,2.279710939781813,2.820934320787641
District195,1950,0,3.4789394921977133,0.4306637560165496,0.4716271617197747,7.043371471226786,1.6381422204505165,0.0
District195,1951,0,3.4789394921977133,0.4306637560165496,0.4716271617197747,6.7455170424423585,2.1234100470497856,0.0
District195,1952,0,3.4789394921977133,0.4306637560165496,0.4716271617197747,6.775379741483168,2.1129118590828737,0.0
District195,1953,0,3.4789394921977133,0.4306637560165496,0.4716271617197747,5.3092732355495595,1.886539156931886,0.0
District195,1954,0,3.4789394921977133,0.4306637560165496,0.4716271617197747,6.682113246674731,2.0072307177905677,0.0
District195,1955,0,3.4789394921977133,0.4306637560165496,0.4716271617197747,7.072074035009361,2.5111420676279574,0.0
District195,1956,0,3.4789394921977133,0.4306637560165496,0.4716271617197747,5.202310818877048,1.8025263229810082,0.0
District195,1957,0,3.4789394921977133,0.4306637560165496,0.4716271617197747,6.790332895148179,2.163652982866647,0.0
District195,1958,0,3.4789394921977133,0.4306637560165496,0.4716271617197747,5.856883535305511,1.6709496449494976,0.0
District195,1959,0,3.4789394921977133,0.4306637560165496,0.4716271617197747,5.433053556173665,1.6529186019234816,0.0
District195,1960,0,3.4789394921977133,0.4306637560165496,0.4716271617197747,7.100202172900446,1.9399241837118189,0.0
District195,1961,0,3.4789394921977133,0.4306637560165496,0.4716271617197747,7.788463726354634,2.068532375634983,0.0
District195,1962,1,3.4789394921977133,0.4306637560165496,0.4716271617197747,9.124378012540399,1.8881136954164213,3.4789394921977133
District195,1963,1,3.4789394921977133,0.4306637560165496,0.4716271617197747,8.517208739953569,1.9494795709389294,3.4789394921977133
District195,1964,1,3.4789394921977133,0.4306637560165496,0.4716271617197747,8.317207898369384,2.439016263339038,3.4789394921977133
District195,1965,1,3.4789394921977133,0.4306637560165496,0.4716271617197747,8.28288346117861,2.7482613820026827,3.4789394921977133
District195,1966,1,3.4789394921977133,0.4306637560165496,0.4716271617197747,7.874183518942838,2.634513260401641,3.4789394921977133
District195,1967,1,3.4789394921977133,0.4306637560165496,0.4716271617197747,7.819256241784491,2.2071621530648398,3.4789394921977133
District195,1968,1,3.4789394921977133,0.4306637560165496,0.4716271617197747,7.7929683996050825,1.8197646109384595,3.4789394921977133
District195,1969,1,3.4789394921977133,0.4306637560165496,0.4716271617197747,7.541223587548203,1.5222891349300807,3.4789394921977133
District195,1970,1,3.4789394921977133,0.4306637560165496,0.4716271617197747,8.731002460377404,2.611529236904449,3.4789394921977133
District195,1971,1,3.4789394921977133,0.4306637560165496,0.4716271617197747,7.666575575475761,1.9371417568382532,3.4789394921977133
District195,1972,1,3.4789394921977133,0.4306637560165496,0.4716271617197747,7.508941481557347,2.378652455713303,3.4789394921977133
District195,1973,1,3.4789394921977133,0.4306637560165496,0.4716271617197747,9.303236659394098,1.6984342940813988,3.4789394921977133
District195,1974,1,3.4789394921977133,0.4306637560165496,0.4716271617197747,7.298498618823241,2.1392504856808694,3.4789394921977133
District195,1975,1,3.4789394921977133,0.4306637560165496,0.4716271617197747,8.710417446690517,1.9079154034493793,3.4789394921977133
District196,1950,0,5.358828530392797,-1.2634976542641438,0.049858580250344786,4.077167561509288,1.9775377958556801,0.0
District196,1951,0,5.358828530392797,-1.2634976542641438,0.049858580250344786,4.704528343543488,1.6083439582014403,0.0
District196,1952,0,5.358828530392797,-1.2634976542641438,0.049858580250344786,4.195042169604657,1.5406895849914282,0.0
District196,1953,0,5.358828530392797,-1.2634976542641438,0.049858580250344786,4.724178053723836,1.5249907915671874,0.0
District196,1954,0,5.358828530392797,-1.2634976542641438,0.049858580250344786,4.327045035841328,1.533863542337576,0.0
District196,1955,0,5.358828530392797,-1.2634976542641438,0.049858580250344786,5.5814585428438175,1.733458188890043,0.0
District196,1956,0,5.358828530392797,-1.2634976542641438,0.049858580250344786,5.3468522695279805,2.4361593297843744,0.0
District196,1957,0,5.358828530392797,-1.2634976542641438,0.049858580250344786,4.277974118750939,1.648462685254935,0.0
District196,1958,0,5.358828530392797,-1.2634976542641438,0.049858580250344786,5.758591349250899,1.6849825425017853,0.0
District196,1959,0,5.358828530392797,-1.2634976542641438,0.049858580250344786,4.27818452185749,0.8928298767725794,0.0
District196,1960,0,5.358828530392797,-1.2634976542641438,0.049858580250344786,4.3757649971505135,2.251494080081834,0.0
District196,1961,0,5.358828530392797,-1.2634976542641438,0.049858580250344786,5.926464136208192,1.092298389646381,0.0
District196,1962,1,5.358828530392797,-1.2634976542641438,0.049858580250344786,6.911028379925711,2.3374841971463365,5.358828530392797
District196,1963,1,5.358828530392797,-1.2634976542641438,0.049858580250344786,7.915023031513175,1.4955560390173934,5.358828530392797
District196,1964,1,5.358828530392797,-1.2634976542641438,0.049858580250344786,7.1753202112946015,1.3126072111292344,5.358828530392797
District196,1965,1,5.358828530392797,-1.2634976542641438,0.049858580250344786,7.023131959635717,2.0517876727710602,5.358828530392797
District196,1966,1,5.358828530392797,-1.2634976542641438,0.049858580250344786,8.145681272519367,1.8760443662459338,5.358828530392797
District196,1967,1,5.358828530392797,-1.2634976542641438,0.049858580250344786,6.13066672067214,1.8726711028725247,5.358828530392797
District196,1968,1,5.358828530392797,-1.2634976542641438,0.049858580250344786,8.902382022694292,2.1195539341449052,5.358828530392797
District196,1969,1,5.358828530392797,-1.2634976542641438,0.049858580250344786,8.753142321608168,1.7631976669186227,5.358828530392797
District196,1970,1,5.358828530392797,-1.2634976542641438,0.049858580250344786,7.559519076964162,1.954214666193223,5.358828530392797
District196,1971,1,5.358828530392797,-1.2634976542641438,0.049858580250344786,6.775743318628637,3.026125020636994,5.358828530392797
District196,1972,1,5.358828530392797,-1.2634976542641438,0.049858580250344786,7.793027521427399,1.8005288284242424,5.358828530392797
District196,1973,1,5.358828530392797,-1.2634976542641438,0.049858580250344786,7.138206137451068,1.8385726347497364,5.358828530392797
District196,1974,1,5.358828530392797,-1.2634976542641438,0.049858580250344786,7.375564028046206,2.4251801329273923,5.358828530392797
District196,1975,1,5.358828530392797,-1.2634976542641438,0.049858580250344786,9.635860214742053,2.016382987218822,5.358828530392797
District197,1950,0,2.5345740080673043,-0.9559154001436622,0.04216295128776815,5.773686402197241,1.784297897720633,0.0
District197,1951,0,2.5345740080673043,-0.9559154001436622,0.04216295128776815,5.933359312867989,1.972870706810981,0.0
District197,1952,0,2.5345740080673043,-0.9559154001436622,0.04216295128776815,5.3086072816747185,1.940109001735953,0.0
District197,1953,0,2.5345740080673043,-0.9559154001436622,0.04216295128776815,6.99341203236344,2.078307881326856,0.0
District197,1954,0,2.5345740080673043,-0.9559154001436622,0.04216295128776815,4.896071678737843,1.2347651572455747,0.0
District197,1955,0,2.5345740080673043,-0.9559154001436622,0.04216295128776815,4.854042656771752,1.5160442136970544,0.0
District197,1956,0,2.5345740080673043,-0.9559154001436622,0.04216295128776815,5.706414577442257,1.8919129495615172,0.0
District197,1957,0,2.5345740080673043,-0.9559154001436622,0.04216295128776815,3.958923060943425,1.9640365134810045,0.0
District197,1958,0,2.5345740080673043,-0.9559154001436622,0.04216295128776815,4.86028870064634,1.985222235856035,0.0
District197,1959,0,2.5345740080673043,-0.9559154001436622,0.04216295128776815,3.9851223587446523,1.2144419528213346,0.0
District197,1960,0,2.5345740080673043,-0.9559154001436622,0.04216295128776815,5.210664062552881,1.6910756934097935,0.0
District197,1961,0,2.5345740080673043,-0.9559154001436622,0.04216295128776815,5.22108137342455,1.4282544459341235,0.0
District197,1962,1,2.5345740080673043,-0.9559154001436622,0.04216295128776815,6.067925050056379,1.4625916307218367,2.5345740080673043
District197,1963,1,2.5345740080673043,-0.9559154001436622,0.04216295128776815,6.938175063514124,2.3635437101077112,2.5345740080673043
District197,1964,1,2.5345740080673043,-0.9559154001436622,0.04216295128776815,7.535185400538382,2.023227972605407,2.5345740080673043
District197,1965,1,2.5345740080673043,-0.9559154001436622,0.04216295128776815,5.499807564750497,1.8103058047584417,2.5345740080673043
District197,1966,1,2.5345740080673043,-0.9559154001436622,0.04216295128776815,5.838997995763689,2.11464046412956,2.5345740080673043
District197,1967,1,2.5345740080673043,-0.9559154001436622,0.04216295128776815,6.224664281876366,2.1454103455741507,2.5345740080673043
District197,1968,1,2.5345740080673043,-0.9559154001436622,0.04216295128776815,7.919142480520153,2.086934269221198,2.5345740080673043
District197,1969,1,2.5345740080673043,-0.9559154001436622,0.04216295128776815,4.346290666091276,2.214532546443474,2.5345740080673043
District197,1970,1,2.5345740080673043,-0.9559154001436622,0.04216295128776815,6.552177879063276,2.6755825557811033,2.5345740080673043
District197,1971,1,2.5345740080673043,-0.9559154001436622,0.04216295128776815,5.814310711962932,2.268305827915148,2.5345740080673043
District197,1972,1,2.5345740080673043,-0.9559154001436622,0.04216295128776815,7.9824381039239425,2.038524568643967,2.5345740080673043
District197,1973,1,2.5345740080673043,-0.9559154001436622,0.04216295128776815,6.6670250590104,1.8248418352491187,2.5345740080673043
District197,1974,1,2.5345740080673043,-0.9559154001436622,0.04216295128776815,6.424282731668577,1.778166198064378,2.5345740080673043
District197,1975,1,2.5345740080673043,-0.9559154001436622,0.04216295128776815,6.1859883003183,1.8388321368866871,2.5345740080673043
District198,1950,0,0.7587435461108107,1.9066986041096619,0.4655018786550069,7.46547871508688,2.423914881439909,0.0
District198,1951,0,0.7587435461108107,1.9066986041096619,0.4655018786550069,8.031835912598556,1.9118865745967424,0.0
District198,1952,0,0.7587435461108107,1.9066986041096619,0.4655018786550069,5.983575997645017,2.4352991695059503,0.0
District198,1953,0,0.7587435461108107,1.9066986041096619,0.4655018786550069,6.847091943737929,2.1955516787454465,0.0
District198,1954,0,0.7587435461108107,1.9066986041096619,0.4655018786550069,6.9540470761102355,2.461515420765166,0.0
District198,1955,0,0.7587435461108107,1.9066986041096619,0.4655018786550069,5.612610892563152,1.5635855980291595,0.0
District198,1956,0,0.7587435461108107,1.9066986041096619,0.4655018786550069,7.209574244387889,1.8453605195039557,0.0
District198,1957,0,0.7587435461108107,1.9066986041096619,0.4655018786550069,6.0685282551412465,1.1577921915006233,0.0
District198,1958,0,0.7587435461108107,1.9066986041096619,0.4655018786550069,6.937915019145526,1.7471129751741108,0.0
District198,1959,0,0.7587435461108107,1.9066986041096619,0.4655018786550069,5.379463750945168,2.091466867129935,0.0
District198,1960,0,0.7587435461108107,1.9066986041096619,0.4655018786550069,6.4960352793169545,2.988354915582102,0.0
District198,1961,0,0.7587435461108107,1.9066986041096619,0.4655018786550069,6.972698829009303,2.195367452939189,0.0
District198,1962,1,0.7587435461108107,1.9066986041096619,0.4655018786550069,6.6589881348304445,2.2457528384428334,0.7587435461108107
District198,1963,1,0.7587435461108107,1.9066986041096619,0.4655018786550069,7.5473173174791315,1.7959380347985756,0.7587435461108107
District198,1964,1,0.7587435461108107,1.9066986041096619,0.4655018786550069,8.594732903972929,1.7130072211653955,0.7587435461108107
District198,1965,1,0.7587435461108107,1.9066986041096619,0.4655018786550069,7.550945049715301,2.261061984472283,0.7587435461108107
District198,1966,1,0.7587435461108107,1.9066986041096619,0.4655018786550069,7.048981703842375,1.2940720210132637,0.7587435461108107
District198,1967,1,0.7587435461108107,1.9066986041096619,0.4655018786550069,6.28890791049758,1.8386251042192716,0.7587435461108107
District198,1968,1,0.7587435461108107,1.9066986041096619,0.4655018786550069,6.847660631648722,2.24321876713082,0.7587435461108107
District198,1969,1,0.7587435461108107,1.9066986041096619,0.4655018786550069,7.374356958250827,2.5431582577887504,0.7587435461108107
District198,1970,1,0.7587435461108107,1.9066986041096619,0.4655018786550069,7.190861263121782,1.8741492983849084,0.7587435461108107
District198,1971,1,0.7587435461108107,1.9066986041096619,0.4655018786550069,7.717169821796337,2.2140363254473083,0.7587435461108107
District198,1972,1,0.7587435461108107,1.9066986041096619,0.4655018786550069,7.137359832147703,1.7234513342939386,0.7587435461108107
District198,1973,1,0.7587435461108107,1.9066986041096619,0.4655018786550069,7.4618125580493055,2.4842074697855416,0.7587435461108107
District198,1974,1,0.7587435461108107,1.9066986041096619,0.4655018786550069,7.739156981912121,2.663916864894383,0.7587435461108107
District198,1975,1,0.7587435461108107,1.9066986041096619,0.4655018786550069,6.473099691614588,2.066166542228509,0.7587435461108107
District199,1950,0,3.4875914295629356,-1.7207751485951657,0.10315691678572406,5.462340235396632,2.2208870305564026,0.0
District199,1951,0,3.4875914295629356,-1.7207751485951657,0.10315691678572406,5.569011340841705,1.469611375314137,0.0
District199,1952,0,3.4875914295629356,-1.7207751485951657,0.10315691678572406,5.582270754001636,2.6508994629040226,0.0
District199,1953,0,3.4875914295629356,-1.7207751485951657,0.10315691678572406,4.207993800168395,2.032792765880467,0.0
District199,1954,0,3.4875914295629356,-1.7207751485951657,0.10315691678572406,5.669621552734786,1.1864899037248466,0.0
District199,1955,0,3.4875914295629356,-1.7207751485951657,0.10315691678572406,5.359029969161896,1.5179498021567892,0.0
District199,1956,0,3.4875914295629356,-1.7207751485951657,0.10315691678572406,4.096572272286888,1.6985072600431923,0.0
District199,1957,0,3.4875914295629356,-1.7207751485951657,0.10315691678572406,3.4197536651253877,2.044746758861324,0.0
District199,1958,0,3.4875914295629356,-1.7207751485951657,0.10315691678572406,3.5806047871992703,1.7377262816332784,0.0
District199,1959,0,3.4875914295629356,-1.7207751485951657,0.10315691678572406,5.627249031159954,2.0657211287648676,0.0
District199,1960,0,3.4875914295629356,-1.7207751485951657,0.10315691678572406,4.638218805416132,1.6636500289150236,0.0
District199,1961,0,3.4875914295629356,-1.7207751485951657,0.10315691678572406,5.47138411419501,1.875156970448466,0.0
District199,1962,1,3.4875914295629356,-1.7207751485951657,0.10315691678572406,7.232463478248521,1.937458417329661,3.4875914295629356
District199,1963,1,3.4875914295629356,-1.7207751485951657,0.10315691678572406,6.120845850981015,1.704368899992005,3.4875914295629356
District199,1964,1,3.4875914295629356,-1.7207751485951657,0.10315691678572406,4.840827796249315,1.1883009848979742,3.4875914295629356
District199,1965,1,3.4875914295629356,-1.7207751485951657,0.10315691678572406,6.535073134367248,1.6071092553179422,3.4875914295629356
District199,1966,1,3.4875914295629356,-1.7207751485951657,0.10315691678572406,5.5685430548976145,1.5483390337714997,3.4875914295629356
District199,1967,1,3.4875914295629356,-1.7207751485951657,0.10315691678572406,8.114772140643208,2.0960094256512716,3.4875914295629356
District199,1968,1,3.4875914295629356,-1.7207751485951657,0.10315691678572406,6.927120124491194,1.662493873273645,3.4875914295629356
District199,1969,1,3.4875914295629356,-1.7207751485951657,0.10315691678572406,8.33845046468704,2.1968056328374006,3.4875914295629356
District199,1970,1,3.4875914295629356,-1.7207751485951657,0.10315691678572406,7.653990558999919,2.384435651273543,3.4875914295629356
District199,1971,1,3.4875914295629356,-1.7207751485951657,0.10315691678572406,5.985839675254388,2.2507753930730465,3.4875914295629356
District199,1972,1,3.4875914295629356,-1.7207751485951657,0.10315691678572406,5.6245542647100155,1.833481221292789,3.4875914295629356
District199,1973,1,3.4875914295629356,-1.7207751485951657,0.10315691678572406,6.728182079707182,1.9879932202373303,3.4875914295629356
District199,1974,1,3.4875914295629356,-1.7207751485951657,0.10315691678572406,4.981128208766908,1.2788106232975827,3.4875914295629356
District199,1975,1,3.4875914295629356,-1.7207751485951657,0.10315691678572406,5.873634537981427,1.533316702358557,3.4875914295629356
District200,1950,0,1.7179024763799535,0.6802484386929767,0.1732680175965174,7.145029087190377,1.991173929546496,0.0
District200,1951,0,1.7179024763799535,0.6802484386929767,0.1732680175965174,6.150523826251339,2.5384693135552037,0.0
District200,1952,0,1.7179024763799535,0.6802484386929767,0.1732680175965174,6.704159372051572,2.4259275452647273,0.0
District200,1953,0,1.7179024763799535,0.6802484386929767,0.1732680175965174,9.096959981313276,1.830520384155372,0.0
District200,1954,0,1.7179024763799535,0.6802484386929767,0.1732680175965174,5.244371228339057,1.9191006385028293,0.0
District200,1955,0,1.7179024763799535,0.6802484386929767,0.1732680175965174,6.15471682978614,2.02545492102947,0.0
District200,1956,0,1.7179024763799535,0.6802484386929767,0.1732680175965174,6.632600052894021,1.6447611034135303,0.0
District200,1957,0,1.7179024763799535,0.6802484386929767,0.1732680175965174,5.981484391983482,2.597328946557604,0.0
District200,1958,0,1.7179024763799535,0.6802484386929767,0.1732680175965174,7.7066571740941985,2.0484212944998426,0.0
District200,1959,0,1.7179024763799535,0.6802484386929767,0.1732680175965174,6.531632364877727,2.041465447624122,0.0
District200,1960,0,1.7179024763799535,0.6802484386929767,0.1732680175965174,4.497770674958001,1.9532079896587766,0.0
District200,1961,0,1.7179024763799535,0.6802484386929767,0.1732680175965174,6.137882990997808,1.7200254942502449,0.0
District200,1962,1,1.7179024763799535,0.6802484386929767,0.1732680175965174,7.664985967447763,1.585147634251614,1.7179024763799535
District200,1963,1,1.7179024763799535,0.6802484386929767,0.1732680175965174,7.488138616769766,1.7145046750411692,1.7179024763799535
District200,1964,1,1.7179024763799535,0.6802484386929767,0.1732680175965174,7.816536770009452,1.709124745519807,1.7179024763799535
District200,1965,1,1.7179024763799535,0.6802484386929767,0.1732680175965174,7.62381340197251,1.9782708594292913,1.7179024763799535
District200,1966,1,1.7179024763799535,0.6802484386929767,0.1732680175965174,5.916498804040314,1.8897956134904295,1.7179024763799535
District200,1967,1,1.7179024763799535,0.6802484386929767,0.1732680175965174,9.53327111971531,1.9328040669101785,1.7179024763799535
District200,1968,1,1.7179024763799535,0.6802484386929767,0.1732680175965174,8.202081714341292,2.2669404032751825,1.7179024763799535
District200,1969,1,1.7179024763799535,0.6802484386929767,0.1732680175965174,6.274083473033158,1.6526352308240042,1.7179024763799535
District200,1970,1,1.7179024763799535,0.6802484386929767,0.1732680175965174,8.1943940654821,1.9944079594606063,1.7179024763799535
District200,1971,1,1.7179024763799535,0.6802484386929767,0.1732680175965174,7.396167485382394,1.945799610653411,1.7179024763799535
District200,1972,1,1.7179024763799535,0.6802484386929767,0.1732680175965174,6.7644659198874,0.6405852329687698,1.7179024763799535
District200,1973,1,1.7179024763799535,0.6802484386929767,0.1732680175965174,6.568600793416848,1.5773117997835386,1.7179024763799535
District200,1974,1,1.7179024763799535,0.6802484386929767,0.1732680175965174,5.172340730818211,1.691021312518769,1.7179024763799535
District200,1975,1,1.7179024763799535,0.6802484386929767,0.1732680175965174,5.8837023440045835,2.0773754776002042,1.7179024763799535
District201,1950,0,2.613582721148344,0.9116275434442529,0.16967692367710352,7.510109501167161,1.5471972212905107,0.0
District201,1951,0,2.613582721148344,0.9116275434442529,0.16967692367710352,5.878241011425314,2.0966838541530324,0.0
District201,1952,0,2.613582721148344,0.9116275434442529,0.16967692367710352,6.519857926901122,1.5317955045519935,0.0
District201,1953,0,2.613582721148344,0.9116275434442529,0.16967692367710352,6.096377641274869,1.9676497165193032,0.0
District201,1954,0,2.613582721148344,0.9116275434442529,0.16967692367710352,6.362644539154294,1.6424009239312216,0.0
District201,1955,0,2.613582721148344,0.9116275434442529,0.16967692367710352,6.4010812921067455,1.3526730833012777,0.0
District201,1956,0,2.613582721148344,0.9116275434442529,0.16967692367710352,6.955452009651775,1.9904242044144995,0.0
District201,1957,0,2.613582721148344,0.9116275434442529,0.16967692367710352,6.823529636090351,1.9089125144885657,0.0
District201,1958,0,2.613582721148344,0.9116275434442529,0.16967692367710352,7.2306288996713715,1.3580504379272007,0.0
District201,1959,0,2.613582721148344,0.9116275434442529,0.16967692367710352,5.7759711997915595,2.067369678097955,0.0
District201,1960,0,2.613582721148344,0.9116275434442529,0.16967692367710352,5.985002704528887,1.732540960258464,0.0
District201,1961,0,2.613582721148344,0.9116275434442529,0.16967692367710352,7.986754829065513,2.258284471313516,0.0
District201,1962,1,2.613582721148344,0.9116275434442529,0.16967692367710352,7.703856973535361,1.5804772155102491,2.613582721148344
District201,1963,1,2.613582721148344,0.9116275434442529,0.16967692367710352,8.551681416546831,2.6037651904904693,2.613582721148344
District201,1964,1,2.613582721148344,0.9116275434442529,0.16967692367710352,7.280496163149413,2.5271623444700184,2.613582721148344
District201,1965,1,2.613582721148344,0.9116275434442529,0.16967692367710352,9.277958991148356,1.9585555239194412,2.613582721148344
District201,1966,1,2.613582721148344,0.9116275434442529,0.16967692367710352,9.11225695807252,1.759567957929617,2.613582721148344
District201,1967,1,2.613582721148344,0.9116275434442529,0.16967692367710352,9.061749230098677,1.09348196181263,2.613582721148344
District201,1968,1,2.613582721148344,0.9116275434442529,0.16967692367710352,7.555257363544821,2.0555987859364313,2.613582721148344
District201,1969,1,2.613582721148344,0.9116275434442529,0.16967692367710352,7.333596750016335,1.9002379558200837,2.613582721148344
District201,1970,1,2.613582721148344,0.9116275434442529,0.16967692367710352,6.728224796582605,1.6209902392434814,2.613582721148344
District201,1971,1,2.613582721148344,0.9116275434442529,0.16967692367710352,7.565065053892761,2.2071138229454195,2.613582721148344
District201,1972,1,2.613582721148344,0.9116275434442529,0.16967692367710352,5.833700824149397,2.392423414553614,2.613582721148344
District201,1973,1,2.613582721148344,0.9116275434442529,0.16967692367710352,8.000107552750052,2.0443143349776136,2.613582721148344
District201,1974,1,2.613582721148344,0.9116275434442529,0.16967692367710352,6.573660933757334,2.622145394388139,2.613582721148344
District201,1975,1,2.613582721148344,0.9116275434442529,0.16967692367710352,7.044195960763746,2.3162988254637478,2.613582721148344
District202,1950,0,4.624448373035272,0.18038055275626352,0.26602054920302376,6.050761779180133,1.6773643312424236,0.0
District202,1951,0,4.624448373035272,0.18038055275626352,0.26602054920302376,5.024182300444451,1.7368538853488895,0.0
District202,1952,0,4.624448373035272,0.18038055275626352,0.26602054920302376,6.547118072327161,2.084471961420615,0.0
District202,1953,0,4.624448373035272,0.18038055275626352,0.26602054920302376,5.754314072264288,2.4575025772486994,0.0
District202,1954,0,4.624448373035272,0.18038055275626352,0.26602054920302376,6.502094632664319,2.461680968938256,0.0
District202,1955,0,4.624448373035272,0.18038055275626352,0.26602054920302376,5.957086625826918,1.5923134144770996,0.0
District202,1956,0,4.624448373035272,0.18038055275626352,0.26602054920302376,5.141534690515688,1.3156778275399177,0.0
District202,1957,0,4.624448373035272,0.18038055275626352,0.26602054920302376,4.992023467622209,1.801237926327256,0.0
District202,1958,0,4.624448373035272,0.18038055275626352,0.26602054920302376,5.21198620847423,1.8763236390033509,0.0
District202,1959,0,4.624448373035272,0.18038055275626352,0.26602054920302376,6.792514033565807,2.3125354450191615,0.0
District202,1960,0,4.624448373035272,0.18038055275626352,0.26602054920302376,5.715940393193914,1.9107004340200353,0.0
District202,1961,0,4.624448373035272,0.18038055275626352,0.26602054920302376,7.045084430171972,2.165029141488272,0.0
District202,1962,1,4.624448373035272,0.18038055275626352,0.26602054920302376,8.046992949609033,1.8316507481660838,4.624448373035272
District202,1963,1,4.624448373035272,0.18038055275626352,0.26602054920302376,7.61106085035898,2.7314311177084614,4.624448373035272
District202,1964,1,4.624448373035272,0.18038055275626352,0.26602054920302376,6.3458052057662915,1.7573931383535308,4.624448373035272
District202,1965,1,4.624448373035272,0.18038055275626352,0.26602054920302376,9.321613094914472,1.7194371685323002,4.624448373035272
District202,1966,1,4.624448373035272,0.18038055275626352,0.26602054920302376,7.830909293642976,2.0550810308075973,4.624448373035272
District202,1967,1,4.624448373035272,0.18038055275626352,0.26602054920302376,6.860385006640568,2.0502193957476518,4.624448373035272
District202,1968,1,4.624448373035272,0.18038055275626352,0.26602054920302376,8.783630028351586,1.545516969436325,4.624448373035272
District202,1969,1,4.624448373035272,0.18038055275626352,0.26602054920302376,7.345397522991882,2.1264199520704268,4.624448373035272
District202,1970,1,4.624448373035272,0.18038055275626352,0.26602054920302376,7.2003223116785895,1.9172627117124434,4.624448373035272
District202,1971,1,4.624448373035272,0.18038055275626352,0.26602054920302376,8.541070429841247,1.6038326328227153,4.624448373035272
District202,1972,1,4.624448373035272,0.18038055275626352,0.26602054920302376,9.66560783746619,1.9663492925122854,4.624448373035272
District202,1973,1,4.624448373035272,0.18038055275626352,0.26602054920302376,8.261193942078805,2.572040165522017,4.624448373035272
District202,1974,1,4.624448373035272,0.18038055275626352,0.26602054920302376,7.462152467664771,2.1347606028513058,4.624448373035272
District202,1975,1,4.624448373035272,0.18038055275626352,0.26602054920302376,10.429919904601272,2.0637410437742796,4.624448373035272
District203,1950,0,4.141381751497377,-0.3833239866784175,0.5579107637246579,5.203769489795207,1.6359422447578653,0.0
District203,1951,0,4.141381751497377,-0.3833239866784175,0.5579107637246579,5.7249060740344655,2.541117126153437,0.0
District203,1952,0,4.141381751497377,-0.3833239866784175,0.5579107637246579,6.467920985831073,2.1507181973881706,0.0
District203,1953,0,4.141381751497377,-0.3833239866784175,0.5579107637246579,5.696715279174952,1.926880382976239,0.0
District203,1954,0,4.141381751497377,-0.3833239866784175,0.5579107637246579,6.394102386873868,1.286375524383302,0.0
District203,1955,0,4.141381751497377,-0.3833239866784175,0.5579107637246579,5.7285235535902475,2.070216121274597,0.0
District203,1956,0,4.141381751497377,-0.3833239866784175,0.5579107637246579,6.8516823442570125,1.6108274782038565,0.0
District203,1957,0,4.141381751497377,-0.3833239866784175,0.5579107637246579,5.502345050485335,1.828972864111316,0.0
District203,1958,0,4.141381751497377,-0.3833239866784175,0.5579107637246579,5.32973208597035,1.5501807951513646,0.0
District203,1959,0,4.141381751497377,-0.3833239866784175,0.5579107637246579,5.546356814139569,2.7416834593242942,0.0
District203,1960,0,4.141381751497377,-0.3833239866784175,0.5579107637246579,5.970177676419632,2.35816483494105,0.0
District203,1961,0,4.141381751497377,-0.3833239866784175,0.5579107637246579,7.189477306536374,2.078606370780859,0.0
District203,1962,1,4.141381751497377,-0.3833239866784175,0.5579107637246579,6.556475953667242,1.9542091002328073,4.141381751497377
District203,1963,1,4.141381751497377,-0.3833239866784175,0.5579107637246579,8.095167141818846,2.3269954722116504,4.141381751497377
District203,1964,1,4.141381751497377,-0.3833239866784175,0.5579107637246579,6.233495807802926,2.225227842378192,4.141381751497377
District203,1965,1,4.141381751497377,-0.3833239866784175,0.5579107637246579,6.996291495962012,1.4648837575635345,4.141381751497377
District203,1966,1,4.141381751497377,-0.3833239866784175,0.5579107637246579,7.870884503974313,1.4770261218613348,4.141381751497377
District203,1967,1,4.141381751497377,-0.3833239866784175,0.5579107637246579,7.734519653380706,1.60175271403573,4.141381751497377
District203,1968,1,4.141381751497377,-0.3833239866784175,0.5579107637246579,7.335308442457535,2.2070221972566064,4.141381751497377
District203,1969,1,4.141381751497377,-0.3833239866784175,0.5579107637246579,9.344246123017953,1.695328162723458,4.141381751497377
District203,1970,1,4.141381751497377,-0.3833239866784175,0.5579107637246579,8.058420227973155,1.8786850676601121,4.141381751497377
District203,1971,1,4.141381751497377,-0.3833239866784175,0.5579107637246579,7.79921627449825,2.022153788108559,4.141381751497377
District203,1972,1,4.141381751497377,-0.3833239866784175,0.5579107637246579,8.35854983119556,2.051751634790978,4.141381751497377
District203,1973,1,4.141381751497377,-0.3833239866784175,0.5579107637246579,10.282295222588111,2.264021463669326,4.141381751497377
District203,1974,1,4.141381751497377,-0.3833239866784175,0.5579107637246579,7.937286354459046,1.8549510848341433,4.141381751497377
District203,1975,1,4.141381751497377,-0.3833239866784175,0.5579107637246579,7.608666600786638,2.079089930544322,4.141381751497377
District204,1950,0,4.682548543614747,0.7648466861349738,0.4630612057462156,6.435025141565352,2.1703833695432975,0.0
District204,1951,0,4.682548543614747,0.7648466861349738,0.4630612057462156,5.865566581971011,1.4680348612877796,0.0
District204,1952,0,4.682548543614747,0.7648466861349738,0.4630612057462156,3.9412226986449843,2.2684137341491346,0.0
District204,1953,0,4.682548543614747,0.7648466861349738,0.4630612057462156,7.087512421049712,2.2465885552521385,0.0
District204,1954,0,4.682548543614747,0.7648466861349738,0.4630612057462156,7.0293931074911145,2.2145674837671874,0.0
District204,1955,0,4.682548543614747,0.7648466861349738,0.4630612057462156,6.5432183048680095,1.9072179346026106,0.0
District204,1956,0,4.682548543614747,0.7648466861349738,0.4630612057462156,6.19545648097473,1.356335959182017,0.0
District204,1957,0,4.682548543614747,0.7648466861349738,0.4630612057462156,6.05886762180305,0.866095019035465,0.0
District204,1958,0,4.682548543614747,0.7648466861349738,0.4630612057462156,6.080764555640123,1.5437567596843147,0.0
District204,1959,0,4.682548543614747,0.7648466861349738,0.4630612057462156,6.001422459439141,1.6568801306332377,0.0
District204,1960,0,4.682548543614747,0.7648466861349738,0.4630612057462156,5.476847733920796,2.211508671004257,0.0
District204,1961,0,4.682548543614747,0.7648466861349738,0.4630612057462156,5.544377763054182,2.554126186100767,0.0
District204,1962,1,4.682548543614747,0.7648466861349738,0.4630612057462156,10.261622897127392,2.680001755689315,4.682548543614747
District204,1963,1,4.682548543614747,0.7648466861349738,0.4630612057462156,9.468408093800166,1.3156931870602238,4.682548543614747
District204,1964,1,4.682548543614747,0.7648466861349738,0.4630612057462156,8.622919934864425,2.257523641299473,4.682548543614747
District204,1965,1,4.682548543614747,0.7648466861349738,0.4630612057462156,8.994092746843531,2.4873775204651576,4.682548543614747
District204,1966,1,4.682548543614747,0.7648466861349738,0.4630612057462156,8.231882154043316,2.4741795465763565,4.682548543614747
District204,1967,1,4.682548543614747,0.7648466861349738,0.4630612057462156,9.493868874095762,2.192124335233062,4.682548543614747
District204,1968,1,4.682548543614747,0.7648466861349738,0.4630612057462156,7.392574117619023,2.1060030342401808,4.682548543614747
District204,1969,1,4.682548543614747,0.7648466861349738,0.4630612057462156,8.284265304379453,2.3672230065565083,4.682548543614747
District204,1970,1,4.682548543614747,0.7648466861349738,0.4630612057462156,8.216682551727292,2.8633879291461297,4.682548543614747
District204,1971,1,4.682548543614747,0.7648466861349738,0.4630612057462156,10.516995974185566,1.8084823270447346,4.682548543614747
District204,1972,1,4.682548543614747,0.7648466861349738,0.4630612057462156,10.177140362096583,2.6762094239544187,4.682548543614747
District204,1973,1,4.682548543614747,0.7648466861349738,0.4630612057462156,8.838261211511067,1.900855165404586,4.682548543614747
District204,1974,1,4.682548543614747,0.7648466861349738,0.4630612057462156,9.66778347659786,2.416484908994793,4.682548543614747
District204,1975,1,4.682548543614747,0.7648466861349738,0.4630612057462156,9.225168346105114,2.088262927224846,4.682548543614747
District205,1950,0,2.766552964114481,-1.4144195057520657,0.23387367381500504,8.092583189760198,2.194686517170802,0.0
District205,1951,0,2.766552964114481,-1.4144195057520657,0.23387367381500504,4.9199891515231995,1.3832368408785076,0.0
District205,1952,0,2.766552964114481,-1.4144195057520657,0.23387367381500504,5.3508743780679735,1.7285907436559407,0.0
District205,1953,0,2.766552964114481,-1.4144195057520657,0.23387367381500504,4.1034220993879105,1.4443659205670405,0.0
District205,1954,0,2.766552964114481,-1.4144195057520657,0.23387367381500504,5.1860571569821685,2.5258326879826254,0.0
District205,1955,0,2.766552964114481,-1.4144195057520657,0.23387367381500504,4.248469411016159,2.1258023238049337,0.0
District205,1956,0,2.766552964114481,-1.4144195057520657,0.23387367381500504,4.3260273475597595,1.3373085316526492,0.0
District205,1957,0,2.766552964114481,-1.4144195057520657,0.23387367381500504,4.438098221418635,2.08125347996823,0.0
District205,1958,0,2.766552964114481,-1.4144195057520657,0.23387367381500504,6.730172170459755,2.167758697152384,0.0
District205,1959,0,2.766552964114481,-1.4144195057520657,0.23387367381500504,5.4187191282482745,1.9866081247471152,0.0
District205,1960,0,2.766552964114481,-1.4144195057520657,0.23387367381500504,6.316244543905549,1.627599960974602,0.0
District205,1961,0,2.766552964114481,-1.4144195057520657,0.23387367381500504,4.405782665435883,1.4776880989382914,0.0
District205,1962,1,2.766552964114481,-1.4144195057520657,0.23387367381500504,7.999114439879201,1.8657030568109623,2.766552964114481
District205,1963,1,2.766552964114481,-1.4144195057520657,0.23387367381500504,7.060670946704017,1.5783264007877575,2.766552964114481
District205,1964,1,2.766552964114481,-1.4144195057520657,0.23387367381500504,6.860548981607734,2.245577117274185,2.766552964114481
District205,1965,1,2.766552964114481,-1.4144195057520657,0.23387367381500504,7.502609813216003,1.3935791850632149,2.766552964114481
District205,1966,1,2.766552964114481,-1.4144195057520657,0.23387367381500504,5.299410129278304,2.2425334156706813,2.766552964114481
District205,1967,1,2.766552964114481,-1.4144195057520657,0.23387367381500504,5.6935949939025585,1.6218625683858305,2.766552964114481
District205,1968,1,2.766552964114481,-1.4144195057520657,0.23387367381500504,7.677741055446798,1.682029165121192,2.766552964114481
District205,1969,1,2.766552964114481,-1.4144195057520657,0.23387367381500504,6.746967144962182,1.859920012500573,2.766552964114481
District205,1970,1,2.766552964114481,-1.4144195057520657,0.23387367381500504,6.054132326684319,1.8615548095672136,2.766552964114481
District205,1971,1,2.766552964114481,-1.4144195057520657,0.23387367381500504,8.009079950497917,1.830383216239533,2.766552964114481
District205,1972,1,2.766552964114481,-1.4144195057520657,0.23387367381500504,7.522299367627537,2.0568123550492725,2.766552964114481
District205,1973,1,2.766552964114481,-1.4144195057520657,0.23387367381500504,6.216174175403288,1.8667440732893972,2.766552964114481
District205,1974,1,2.766552964114481,-1.4144195057520657,0.23387367381500504,6.094522345495198,1.1464323935656138,2.766552964114481
District205,1975,1,2.766552964114481,-1.4144195057520657,0.23387367381500504,6.540711875992548,1.8110506986089874,2.766552964114481
District206,1950,0,1.6766611471383455,-0.8355529254403276,0.3316582093627563,6.5244283824276925,1.7708158152590168,0.0
District206,1951,0,1.6766611471383455,-0.8355529254403276,0.3316582093627563,5.398901938249975,2.0160694088133493,0.0
District206,1952,0,1.6766611471383455,-0.8355529254403276,0.3316582093627563,4.3991677925290205,1.7067780791915177,0.0
District206,1953,0,1.6766611471383455,-0.8355529254403276,0.3316582093627563,5.214061529664308,1.2263991645252905,0.0
District206,1954,0,1.6766611471383455,-0.8355529254403276,0.3316582093627563,4.9912167946229955,2.321601662477799,0.0
District206,1955,0,1.6766611471383455,-0.8355529254403276,0.3316582093627563,4.774593689034984,1.2189982515112565,0.0
District206,1956,0,1.6766611471383455,-0.8355529254403276,0.3316582093627563,5.813295640989146,1.6976005438008286,0.0
District206,1957,0,1.6766611471383455,-0.8355529254403276,0.3316582093627563,6.056872984581759,1.975583284812524,0.0
District206,1958,0,1.6766611471383455,-0.8355529254403276,0.3316582093627563,5.602566823409622,1.877088420060242,0.0
District206,1959,0,1.6766611471383455,-0.8355529254403276,0.3316582093627563,6.633117854019768,1.5685631855857105,0.0
District206,1960,0,1.6766611471383455,-0.8355529254403276,0.3316582093627563,5.736856097333042,1.985203912585729,0.0
District206,1961,0,1.6766611471383455,-0.8355529254403276,0.3316582093627563,4.812767780989107,1.440990358284061,0.0
District206,1962,1,1.6766611471383455,-0.8355529254403276,0.3316582093627563,6.344197628333378,2.216488605575425,1.6766611471383455
District206,1963,1,1.6766611471383455,-0.8355529254403276,0.3316582093627563,7.366774839007959,1.3877225617018998,1.6766611471383455
District206,1964,1,1.6766611471383455,-0.8355529254403276,0.3316582093627563,7.368946502688487,2.1011561944229653,1.6766611471383455
District206,1965,1,1.6766611471383455,-0.8355529254403276,0.3316582093627563,6.8376471246684645,1.43987563821956,1.6766611471383455
District206,1966,1,1.6766611471383455,-0.8355529254403276,0.3316582093627563,6.343483744909167,2.214904593131139,1.6766611471383455
District206,1967,1,1.6766611471383455,-0.8355529254403276,0.3316582093627563,6.544784753652299,2.469106851412916,1.6766611471383455
District206,1968,1,1.6766611471383455,-0.8355529254403276,0.3316582093627563,6.90199994294502,1.5795319067188796,1.6766611471383455
District206,1969,1,1.6766611471383455,-0.8355529254403276,0.3316582093627563,7.456541513977946,2.0739547388810893,1.6766611471383455
District206,1970,1,1.6766611471383455,-0.8355529254403276,0.3316582093627563,6.181996880316617,1.720909359177297,1.6766611471383455
District206,1971,1,1.6766611471383455,-0.8355529254403276,0.3316582093627563,7.182761279343446,2.5494033834211733,1.6766611471383455
District206,1972,1,1.6766611471383455,-0.8355529254403276,0.3316582093627563,5.591486395006402,1.4740226460317094,1.6766611471383455
District206,1973,1,1.6766611471383455,-0.8355529254403276,0.3316582093627563,5.640360754478206,1.3468861701847983,1.6766611471383455
District206,1974,1,1.6766611471383455,-0.8355529254403276,0.3316582093627563,7.567725467172073,2.265395624831484,1.6766611471383455
District206,1975,1,1.6766611471383455,-0.8355529254403276,0.3316582093627563,5.111857786766154,1.5060148950032697,1.6766611471383455
District207,1950,0,2.940515520972193,0.37459559419121996,0.3664249776005895,8.544855480633355,2.1155429801574104,0.0
District207,1951,0,2.940515520972193,0.37459559419121996,0.3664249776005895,6.062757578413102,1.6330112541440638,0.0
District207,1952,0,2.940515520972193,0.37459559419121996,0.3664249776005895,6.135652365428541,1.736244172082578,0.0
District207,1953,0,2.940515520972193,0.37459559419121996,0.3664249776005895,4.244996759744578,1.9052102952836014,0.0
District207,1954,0,2.940515520972193,0.37459559419121996,0.3664249776005895,7.362940824690991,1.861234673453036,0.0
District207,1955,0,2.940515520972193,0.37459559419121996,0.3664249776005895,5.916748641257868,2.3349530593454793,0.0
District207,1956,0,2.940515520972193,0.37459559419121996,0.3664249776005895,5.148103088862587,2.118133012677056,0.0
District207,1957,0,2.940515520972193,0.37459559419121996,0.3664249776005895,4.974353089319945,2.308938746037369,0.0
District207,1958,0,2.940515520972193,0.37459559419121996,0.3664249776005895,4.728372222079317,2.041063852951191,0.0
District207,1959,0,2.940515520972193,0.37459559419121996,0.3664249776005895,5.882106445630019,2.321867905480615,0.0
District207,1960,0,2.940515520972193,0.37459559419121996,0.3664249776005895,5.4336809498098955,1.8869072061632688,0.0
District207,1961,0,2.940515520972193,0.37459559419121996,0.3664249776005895,5.212688148337841,1.7913437789535787,0.0
District207,1962,1,2.940515520972193,0.37459559419121996,0.3664249776005895,7.552245957449596,1.625423194957479,2.940515520972193
District207,1963,1,2.940515520972193,0.37459559419121996,0.3664249776005895,6.528298605122297,1.8215326450246252,2.940515520972193
District207,1964,1,2.940515520972193,0.37459559419121996,0.3664249776005895,7.640492436221831,1.934421574285416,2.940515520972193
District207,1965,1,2.940515520972193,0.37459559419121996,0.3664249776005895,6.587165164038742,1.7643747231168032,2.940515520972193
District207,1966,1,2.940515520972193,0.37459559419121996,0.3664249776005895,7.292455823609107,1.9764810770900798,2.940515520972193
District207,1967,1,2.940515520972193,0.37459559419121996,0.3664249776005895,8.97176595680694,2.074811885008619,2.940515520972193
District207,1968,1,2.940515520972193,0.37459559419121996,0.3664249776005895,7.464656818075719,2.1847638817182466,2.940515520972193
District207,1969,1,2.940515520972193,0.37459559419121996,0.3664249776005895,7.957272445212241,1.7454465152260075,2.940515520972193
District207,1970,1,2.940515520972193,0.37459559419121996,0.3664249776005895,8.405629794388666,2.61626090538641,2.940515520972193
District207,1971,1,2.940515520972193,0.37459559419121996,0.3664249776005895,8.628562811838835,1.694379305357348,2.940515520972193
District207,1972,1,2.940515520972193,0.37459559419121996,0.3664249776005895,7.5077987666271,2.3035250980379582,2.940515520972193
District207,1973,1,2.940515520972193,0.37459559419121996,0.3664249776005895,7.169996371754249,2.2116312306700614,2.940515520972193
District207,1974,1,2.940515520972193,0.37459559419121996,0.3664249776005895,8.597863463554244,1.8907159597768792,2.940515520972193
District207,1975,1,2.940515520972193,0.37459559419121996,0.3664249776005895,8.330615898313063,2.6370659569986605,2.940515520972193
District208,1950,0,2.4160763800827105,-1.044112252979921,0.27414950385213327,5.793367153259739,2.057554243533703,0.0
District208,1951,0,2.4160763800827105,-1.044112252979921,0.27414950385213327,5.977604784631738,1.3346252845882076,0.0
District208,1952,0,2.4160763800827105,-1.044112252979921,0.27414950385213327,4.048813986897622,2.126758797129444,0.0
District208,1953,0,2.4160763800827105,-1.044112252979921,0.27414950385213327,2.965700468275517,1.9355893587481654,0.0
District208,1954,0,2.4160763800827105,-1.044112252979921,0.27414950385213327,5.7522332159927325,1.6435297005787124,0.0
District208,1955,0,2.4160763800827105,-1.044112252979921,0.27414950385213327,5.477257190133703,1.6904682343326645,0.0
District208,1956,0,2.4160763800827105,-1.044112252979921,0.27414950385213327,5.873031277592635,1.757667643025195,0.0
District208,1957,0,2.4160763800827105,-1.044112252979921,0.27414950385213327,6.829370868356255,2.0622964383384508,0.0
District208,1958,0,2.4160763800827105,-1.044112252979921,0.27414950385213327,5.289368028510804,1.7153443682764742,0.0
District208,1959,0,2.4160763800827105,-1.044112252979921,0.27414950385213327,5.049629782911849,1.8640122587496137,0.0
District208,1960,0,2.4160763800827105,-1.044112252979921,0.27414950385213327,7.154637992554858,1.7120474452284498,0.0
District208,1961,0,2.4160763800827105,-1.044112252979921,0.27414950385213327,4.884174185031812,1.4232907145905618,0.0
District208,1962,1,2.4160763800827105,-1.044112252979921,0.27414950385213327,6.4431282419152165,1.8501492294828799,2.4160763800827105
District208,1963,1,2.4160763800827105,-1.044112252979921,0.27414950385213327,7.137686206657326,2.222753266676418,2.4160763800827105
District208,1964,1,2.4160763800827105,-1.044112252979921,0.27414950385213327,6.748240761758591,1.2016413714525467,2.4160763800827105
District208,1965,1,2.4160763800827105,-1.044112252979921,0.27414950385213327,6.4162381122477345,1.7993254781260728,2.4160763800827105
District208,1966,1,2.4160763800827105,-1.044112252979921,0.27414950385213327,6.293102238233905,1.778051143404432,2.4160763800827105
District208,1967,1,2.4160763800827105,-1.044112252979921,0.27414950385213327,6.883353253917342,2.9163613856497905,2.4160763800827105
District208,1968,1,2.4160763800827105,-1.044112252979921,0.27414950385213327,9.977156050364314,1.8787670766166478,2.4160763800827105
District208,1969,1,2.4160763800827105,-1.044112252979921,0.27414950385213327,7.800164389397372,1.5874041231355194,2.4160763800827105
District208,1970,1,2.4160763800827105,-1.044112252979921,0.27414950385213327,7.541211846369495,2.2568431539338696,2.4160763800827105
District208,1971,1,2.4160763800827105,-1.044112252979921,0.27414950385213327,6.061636605598725,1.5492908350898174,2.4160763800827105
District208,1972,1,2.4160763800827105,-1.044112252979921,0.27414950385213327,6.608769858250289,1.3738996432942252,2.4160763800827105
District208,1973,1,2.4160763800827105,-1.044112252979921,0.27414950385213327,6.644629197785247,0.8220175301088797,2.4160763800827105
District208,1974,1,2.4160763800827105,-1.044112252979921,0.27414950385213327,7.026304971995706,1.9731706125451145,2.4160763800827105
District208,1975,1,2.4160763800827105,-1.044112252979921,0.27414950385213327,6.7231558758860634,1.8335588050404552,2.4160763800827105
District209,1950,0,1.9282276330680561,-0.05767796958040281,0.16818297687175765,4.670574966401096,1.6395729958443823,0.0
District209,1951,0,1.9282276330680561,-0.05767796958040281,0.16818297687175765,6.333835364249523,1.7650872444162544,0.0
District209,1952,0,1.9282276330680561,-0.05767796958040281,0.16818297687175765,7.358148799778956,1.951297234398052,0.0
District209,1953,0,1.9282276330680561,-0.05767796958040281,0.16818297687175765,4.622153263690374,1.9385412529737127,0.0
District209,1954,0,1.9282276330680561,-0.05767796958040281,0.16818297687175765,5.158963875886233,2.2241772762666505,0.0
District209,1955,0,1.9282276330680561,-0.05767796958040281,0.16818297687175765,5.936116745989841,2.0225477936007574,0.0
District209,1956,0,1.9282276330680561,-0.05767796958040281,0.16818297687175765,6.67530335440654,1.5450880209580065,0.0
District209,1957,0,1.9282276330680561,-0.05767796958040281,0.16818297687175765,5.398147553377012,2.2877443369686423,0.0
District209,1958,0,1.9282276330680561,-0.05767796958040281,0.16818297687175765,5.489904898519636,1.8546795928138353,0.0
District209,1959,0,1.9282276330680561,-0.05767796958040281,0.16818297687175765,4.72468661971079,1.92458269963832,0.0
District209,1960,0,1.9282276330680561,-0.05767796958040281,0.16818297687175765,7.094647819879725,2.3698027526163448,0.0
District209,1961,0,1.9282276330680561,-0.05767796958040281,0.16818297687175765,4.5692107672250915,1.5959051386506329,0.0
District209,1962,1,1.9282276330680561,-0.05767796958040281,0.16818297687175765,6.871384105074405,1.6312622598960558,1.9282276330680561
District209,1963,1,1.9282276330680561,-0.05767796958040281,0.16818297687175765,6.932640008370701,2.1433659242813254,1.9282276330680561
District209,1964,1,1.9282276330680561,-0.05767796958040281,0.16818297687175765,5.598150507144349,1.3904464455179961,1.9282276330680561
District209,1965,1,1.9282276330680561,-0.05767796958040281,0.16818297687175765,7.439891446160687,1.8567855332951466,1.9282276330680561
District209,1966,1,1.9282276330680561,-0.05767796958040281,0.16818297687175765,5.961929861407826,2.093581392666158,1.9282276330680561
District209,1967,1,1.9282276330680561,-0.05767796958040281,0.16818297687175765,7.093107442712618,0.9778612610409448,1.9282276330680561
District209,1968,1,1.9282276330680561,-0.05767796958040281,0.16818297687175765,8.0066065641616,1.3077753424597136,1.9282276330680561
District209,1969,1,1.9282276330680561,-0.05767796958040281,0.16818297687175765,6.084435720878728,2.6184455488233045,1.9282276330680561
District209,1970,1,1.9282276330680561,-0.05767796958040281,0.16818297687175765,7.210428853139202,1.9672568536931445,1.9282276330680561
District209,1971,1,1.9282276330680561,-0.05767796958040281,0.16818297687175765,8.036753842742192,2.1043912775558087,1.9282276330680561
District209,1972,1,1.9282276330680561,-0.05767796958040281,0.16818297687175765,5.955846119071455,1.9863054642327382,1.9282276330680561
District209,1973,1,1.9282276330680561,-0.05767796958040281,0.16818297687175765,5.824274422522478,2.0756612726120687,1.9282276330680561
District209,1974,1,1.9282276330680561,-0.05767796958040281,0.16818297687175765,5.50051703519647,0.9902496879850335,1.9282276330680561
District209,1975,1,1.9282276330680561,-0.05767796958040281,0.16818297687175765,4.384662526116546,1.6860021694714897,1.9282276330680561
District210,1950,0,2.8571258739804755,-0.05911498513757232,0.02,7.216859662113051,1.6506521080251606,0.0
District210,1951,0,2.8571258739804755,-0.05911498513757232,0.02,4.851750195988774,1.8262925734137148,0.0
District210,1952,0,2.8571258739804755,-0.05911498513757232,0.02,6.694574945777477,1.5599618745480779,0.0
District210,1953,0,2.8571258739804755,-0.05911498513757232,0.02,6.941457717770185,2.293984873470427,0.0
District210,1954,0,2.8571258739804755,-0.05911498513757232,0.02,6.519686807559127,2.0568663145326056,0.0
District210,1955,0,2.8571258739804755,-0.05911498513757232,0.02,5.368222440237272,2.0811794209161336,0.0
District210,1956,0,2.8571258739804755,-0.05911498513757232,0.02,5.76885235630201,1.2723717147288274,0.0
District210,1957,0,2.8571258739804755,-0.05911498513757232,0.02,5.189420613376592,1.4313396353239218,0.0
District210,1958,0,2.8571258739804755,-0.05911498513757232,0.02,7.759082758205165,1.960357531272225,0.0
District210,1959,0,2.8571258739804755,-0.05911498513757232,0.02,5.8042604474186845,1.4497108238879388,0.0
District210,1960,0,2.8571258739804755,-0.05911498513757232,0.02,6.910255643299737,1.6666045344393485,0.0
District210,1961,0,2.8571258739804755,-0.05911498513757232,0.02,6.417134359509598,1.7927205443982883,0.0
District210,1962,1,2.8571258739804755,-0.05911498513757232,0.02,7.13411018801513,2.2956699062711845,2.8571258739804755
District210,1963,1,2.8571258739804755,-0.05911498513757232,0.02,6.825371310174127,1.7050337708767136,2.8571258739804755
District210,1964,1,2.8571258739804755,-0.05911498513757232,0.02,7.308063301185444,1.9771546336589905,2.8571258739804755
District210,1965,1,2.8571258739804755,-0.05911498513757232,0.02,8.286421390539402,1.271766987127252,2.8571258739804755
District210,1966,1,2.8571258739804755,-0.05911498513757232,0.02,8.250341699172024,2.4082376765838864,2.8571258739804755
District210,1967,1,2.8571258739804755,-0.05911498513757232,0.02,6.670433095647962,2.1438019725924327,2.8571258739804755
District210,1968,1,2.8571258739804755,-0.05911498513757232,0.02,8.045580180231534,1.7786337430770973,2.8571258739804755
District210,1969,1,2.8571258739804755,-0.05911498513757232,0.02,7.299980228403473,2.2729368638137704,2.8571258739804755
District210,1970,1,2.8571258739804755,-0.05911498513757232,0.02,6.8761619107839795,2.4816890994272955,2.8571258739804755
District210,1971,1,2.8571258739804755,-0.05911498513757232,0.02,6.642802195357893,1.876332093847219,2.8571258739804755
District210,1972,1,2.8571258739804755,-0.05911498513757232,0.02,6.672266210238086,1.9574171722012037,2.8571258739804755
District210,1973,1,2.8571258739804755,-0.05911498513757232,0.02,8.180115144782466,1.761688789040642,2.8571258739804755
District210,1974,1,2.8571258739804755,-0.05911498513757232,0.02,6.32274109185789,1.8723834083784254,2.8571258739804755
District210,1975,1,2.8571258739804755,-0.05911498513757232,0.02,7.575672557057536,1.3483584054023872,2.8571258739804755
District211,1950,0,4.061714948147104,-1.2498949732911444,0.34453590394222544,5.67855312281727,1.2733023996968085,0.0
District211,1951,0,4.061714948147104,-1.2498949732911444,0.34453590394222544,4.843368154637941,2.051244297872049,0.0
District211,1952,0,4.061714948147104,-1.2498949732911444,0.34453590394222544,4.298616684058692,1.1932186481819655,0.0
District211,1953,0,4.061714948147104,-1.2498949732911444,0.34453590394222544,3.989581010472178,1.6774420430048385,0.0
District211,1954,0,4.061714948147104,-1.2498949732911444,0.34453590394222544,6.377925742880664,2.0053621512311195,0.0
District211,1955,0,4.061714948147104,-1.2498949732911444,0.34453590394222544,4.542607565211581,1.5263000290877633,0.0
District211,1956,0,4.061714948147104,-1.2498949732911444,0.34453590394222544,5.315042504930298,1.5564652309948621,0.0
District211,1957,0,4.061714948147104,-1.2498949732911444,0.34453590394222544,5.8268325519759046,1.5264388081161822,0.0
District211,1958,0,4.061714948147104,-1.2498949732911444,0.34453590394222544,5.421980674322481,1.3891810287795068,0.0
District211,1959,0,4.061714948147104,-1.2498949732911444,0.34453590394222544,6.691112307211931,1.284438255451827,0.0
District211,1960,0,4.061714948147104,-1.2498949732911444,0.34453590394222544,4.144231507792107,1.8887421508517295,0.0
District211,1961,0,4.061714948147104,-1.2498949732911444,0.34453590394222544,4.24984839268339,1.4616890074078532,0.0
District211,1962,1,4.061714948147104,-1.2498949732911444,0.34453590394222544,6.591131303994311,1.5513918163380271,4.061714948147104
District211,1963,1,4.061714948147104,-1.2498949732911444,0.34453590394222544,6.74982199759023,1.5832272634532063,4.061714948147104
District211,1964,1,4.061714948147104,-1.2498949732911444,0.34453590394222544,7.194851277204648,1.407834113433478,4.061714948147104
District211,1965,1,4.061714948147104,-1.2498949732911444,0.34453590394222544,7.898640423837754,2.0074197875589905,4.061714948147104
District211,1966,1,4.061714948147104,-1.2498949732911444,0.34453590394222544,4.9704821813735185,1.7641581467623864,4.061714948147104
District211,1967,1,4.061714948147104,-1.2498949732911444,0.34453590394222544,7.15608030866564,2.041882219942958,4.061714948147104
District211,1968,1,4.061714948147104,-1.2498949732911444,0.34453590394222544,8.302944421714372,2.386362666781093,4.061714948147104
District211,1969,1,4.061714948147104,-1.2498949732911444,0.34453590394222544,6.679641892143028,2.0362874038338594,4.061714948147104
District211,1970,1,4.061714948147104,-1.2498949732911444,0.34453590394222544,6.38414729749368,2.076389697798184,4.061714948147104
District211,1971,1,4.061714948147104,-1.2498949732911444,0.34453590394222544,8.612126712491133,2.013089558375432,4.061714948147104
District211,1972,1,4.061714948147104,-1.2498949732911444,0.34453590394222544,6.484581631476806,1.7063216211606247,4.061714948147104
District211,1973,1,4.061714948147104,-1.2498949732911444,0.34453590394222544,6.491567194457552,2.043876106036814,4.061714948147104
District211,1974,1,4.061714948147104,-1.2498949732911444,0.34453590394222544,6.701411276290576,2.064460494814976,4.061714948147104
District211,1975,1,4.061714948147104,-1.2498949732911444,0.34453590394222544,7.113123685309924,2.093030264762283,4.061714948147104
District212,1950,0,3.382352486280069,-0.4038955611787532,0.4265423379515074,5.454609379844147,1.942058160859524,0.0
District212,1951,0,3.382352486280069,-0.4038955611787532,0.4265423379515074,7.250684597413121,1.8294827582411166,0.0
District212,1952,0,3.382352486280069,-0.4038955611787532,0.4265423379515074,7.737137393345872,1.823451145131659,0.0
District212,1953,0,3.382352486280069,-0.4038955611787532,0.4265423379515074,6.9002298785651455,1.6269138234320135,0.0
District212,1954,0,3.382352486280069,-0.4038955611787532,0.4265423379515074,6.388249531534218,1.577274710868621,0.0
District212,1955,0,3.382352486280069,-0.4038955611787532,0.4265423379515074,5.366648277219416,1.8331910616694709,0.0
District212,1956,0,3.382352486280069,-0.4038955611787532,0.4265423379515074,6.061599347352716,2.0429341449294656,0.0
District212,1957,0,3.382352486280069,-0.4038955611787532,0.4265423379515074,6.371979820208271,1.7979635757903545,0.0
District212,1958,0,3.382352486280069,-0.4038955611787532,0.4265423379515074,6.845458627229371,1.6505848955077151,0.0
District212,1959,0,3.382352486280069,-0.4038955611787532,0.4265423379515074,4.724747933437028,2.379635734080325,0.0
District212,1960,0,3.382352486280069,-0.4038955611787532,0.4265423379515074,5.905295253365694,0.9812037405500039,0.0
District212,1961,0,3.382352486280069,-0.4038955611787532,0.4265423379515074,6.076361241431045,1.8593403396716641,0.0
District212,1962,1,3.382352486280069,-0.4038955611787532,0.4265423379515074,6.117955474387923,2.13799373579857,3.382352486280069
District212,1963,1,3.382352486280069,-0.4038955611787532,0.4265423379515074,6.4030785117821285,1.7093767075167197,3.382352486280069
District212,1964,1,3.382352486280069,-0.4038955611787532,0.4265423379515074,9.327488594314884,2.0976923654397543,3.382352486280069
District212,1965,1,3.382352486280069,-0.4038955611787532,0.4265423379515074,8.1698805960319,2.2818041148707957,3.382352486280069
District212,1966,1,3.382352486280069,-0.4038955611787532,0.4265423379515074,7.5313121610628375,1.9362015885106936,3.382352486280069
District212,1967,1,3.382352486280069,-0.4038955611787532,0.4265423379515074,8.64660719892492,2.885591548549622,3.382352486280069
District212,1968,1,3.382352486280069,-0.4038955611787532,0.4265423379515074,7.1989828292234055,2.0621860079679313,3.382352486280069
District212,1969,1,3.382352486280069,-0.4038955611787532,0.4265423379515074,6.742691458276794,1.6028413404297215,3.382352486280069
District212,1970,1,3.382352486280069,-0.4038955611787532,0.4265423379515074,8.304755655384447,1.7517077714922609,3.382352486280069
District212,1971,1,3.382352486280069,-0.4038955611787532,0.4265423379515074,6.166503474623825,2.028683550410596,3.382352486280069
District212,1972,1,3.382352486280069,-0.4038955611787532,0.4265423379515074,8.241174564900179,1.2388268536825757,3.382352486280069
District212,1973,1,3.382352486280069,-0.4038955611787532,0.4265423379515074,7.966070023026772,1.939604093012437,3.382352486280069
District212,1974,1,3.382352486280069,-0.4038955611787532,0.4265423379515074,8.465241717462694,1.5723278661012943,3.382352486280069
District212,1975,1,3.382352486280069,-0.4038955611787532,0.4265423379515074,7.532387154519616,2.265509192632887,3.382352486280069
District213,1950,0,5.948748639697168,0.18245682191939994,0.2813998837461177,6.64815542920784,2.1919873838185184,0.0
District213,1951,0,5.948748639697168,0.18245682191939994,0.2813998837461177,5.465340210527275,2.21145420941262,0.0
District213,1952,0,5.948748639697168,0.18245682191939994,0.2813998837461177,6.31982831641759,2.7846292884563226,0.0
District213,1953,0,5.948748639697168,0.18245682191939994,0.2813998837461177,5.984614343218665,2.2095917115918,0.0
District213,1954,0,5.948748639697168,0.18245682191939994,0.2813998837461177,5.715243907462799,1.9054817113444695,0.0
District213,1955,0,5.948748639697168,0.18245682191939994,0.2813998837461177,7.64915851750531,2.0139473608620864,0.0
District213,1956,0,5.948748639697168,0.18245682191939994,0.2813998837461177,6.921010221184784,1.6322245777983957,0.0
District213,1957,0,5.948748639697168,0.18245682191939994,0.2813998837461177,6.90594552065002,1.6373668896191145,0.0
District213,1958,0,5.948748639697168,0.18245682191939994,0.2813998837461177,5.374574590840725,1.5719497487288567,0.0
District213,1959,0,5.948748639697168,0.18245682191939994,0.2813998837461177,7.889885611149394,2.4037407767564334,0.0
District213,1960,0,5.948748639697168,0.18245682191939994,0.2813998837461177,7.916122379475109,1.8647751138977955,0.0
District213,1961,0,5.948748639697168,0.18245682191939994,0.2813998837461177,6.272691128153942,2.1408268936717274,0.0
District213,1962,1,5.948748639697168,0.18245682191939994,0.2813998837461177,8.457038903575848,2.5000739503186757,5.948748639697168
District213,1963,1,5.948748639697168,0.18245682191939994,0.2813998837461177,9.863853012396868,2.1245102132259976,5.948748639697168
District213,1964,1,5.948748639697168,0.18245682191939994,0.2813998837461177,9.285936644466668,2.4053948377999994,5.948748639697168
District213,1965,1,5.948748639697168,0.18245682191939994,0.2813998837461177,9.871942647709938,2.1638543589667667,5.948748639697168
District213,1966,1,5.948748639697168,0.18245682191939994,0.2813998837461177,9.35722525113028,2.194282119063405,5.948748639697168
District213,1967,1,5.948748639697168,0.18245682191939994,0.2813998837461177,9.161803538169572,1.6235584589195236,5.948748639697168
District213,1968,1,5.948748639697168,0.18245682191939994,0.2813998837461177,12.22513375784695,3.160155724678975,5.948748639697168
District213,1969,1,5.948748639697168,0.18245682191939994,0.2813998837461177,11.29855532010641,2.3512443911860124,5.948748639697168
District213,1970,1,5.948748639697168,0.18245682191939994,0.2813998837461177,8.302644390506007,2.150782320588082,5.948748639697168
District213,1971,1,5.948748639697168,0.18245682191939994,0.2813998837461177,9.925620005218205,2.347928138980726,5.948748639697168
District213,1972,1,5.948748639697168,0.18245682191939994,0.2813998837461177,9.115505700682212,1.9684715876462102,5.948748639697168
District213,1973,1,5.948748639697168,0.18245682191939994,0.2813998837461177,8.616924102172003,2.522383573504021,5.948748639697168
District213,1974,1,5.948748639697168,0.18245682191939994,0.2813998837461177,10.790048243195525,2.3102380757518985,5.948748639697168
District213,1975,1,5.948748639697168,0.18245682191939994,0.2813998837461177,9.383365420316704,1.3407373915618455,5.948748639697168
District214,1950,0,2.2048232794344664,0.9105730453192791,0.13923781394048743,4.061668756374441,1.9474837484123302,0.0
District214,1951,0,2.2048232794344664,0.9105730453192791,0.13923781394048743,7.5767401677436945,1.6243937068870982,0.0
District214,1952,0,2.2048232794344664,0.9105730453192791,0.13923781394048743,4.527924707439608,1.3713341290152232,0.0
District214,1953,0,2.2048232794344664,0.9105730453192791,0.13923781394048743,6.739094152952047,1.1165445712887445,0.0
District214,1954,0,2.2048232794344664,0.9105730453192791,0.13923781394048743,7.419369615220631,1.5522271930652314,0.0
District214,1955,0,2.2048232794344664,0.9105730453192791,0.13923781394048743,5.508168343880173,2.5144250442880702,0.0
District214,1956,0,2.2048232794344664,0.9105730453192791,0.13923781394048743,6.952651464036254,1.7547149418073336,0.0
District214,1957,0,2.2048232794344664,0.9105730453192791,0.13923781394048743,7.353534840819195,1.4686613264094526,0.0
District214,1958,0,2.2048232794344664,0.9105730453192791,0.13923781394048743,4.166638925514501,1.6658728003571257,0.0
District214,1959,0,2.2048232794344664,0.9105730453192791,0.13923781394048743,6.828949683102095,1.5841041096752442,0.0
District214,1960,0,2.2048232794344664,0.9105730453192791,0.13923781394048743,6.003739268235304,1.032139393403904,0.0
District214,1961,0,2.2048232794344664,0.9105730453192791,0.13923781394048743,6.18930008645811,2.4093896629738896,0.0
District214,1962,1,2.2048232794344664,0.9105730453192791,0.13923781394048743,6.110606310599582,1.4201517780719706,2.2048232794344664
District214,1963,1,2.2048232794344664,0.9105730453192791,0.13923781394048743,6.674211182740336,2.657463027259076,2.2048232794344664
District214,1964,1,2.2048232794344664,0.9105730453192791,0.13923781394048743,8.167558108690928,2.059981793700874,2.2048232794344664
District214,1965,1,2.2048232794344664,0.9105730453192791,0.13923781394048743,7.648469605132144,2.357472393171647,2.2048232794344664
District214,1966,1,2.2048232794344664,0.9105730453192791,0.13923781394048743,7.525693438074957,1.2949190019776333,2.2048232794344664
District214,1967,1,2.2048232794344664,0.9105730453192791,0.13923781394048743,7.871240535750929,1.9518568231740288,2.2048232794344664
District214,1968,1,2.2048232794344664,0.9105730453192791,0.13923781394048743,6.521151606993872,1.7518225796657987,2.2048232794344664
District214,1969,1,2.2048232794344664,0.9105730453192791,0.13923781394048743,6.8651777519290995,2.0230908584416722,2.2048232794344664
District214,1970,1,2.2048232794344664,0.9105730453192791,0.13923781394048743,9.348890204328988,2.6179427914436757,2.2048232794344664
District214,1971,1,2.2048232794344664,0.9105730453192791,0.13923781394048743,6.515244644124263,2.7071640217072206,2.2048232794344664
District214,1972,1,2.2048232794344664,0.9105730453192791,0.13923781394048743,7.193691856739985,1.8659890458733206,2.2048232794344664
District214,1973,1,2.2048232794344664,0.9105730453192791,0.13923781394048743,6.9680998748346665,1.954703902022224,2.2048232794344664
District214,1974,1,2.2048232794344664,0.9105730453192791,0.13923781394048743,8.039235298303169,1.6684753959696368,2.2048232794344664
District214,1975,1,2.2048232794344664,0.9105730453192791,0.13923781394048743,7.235971545106576,1.5716325703325618,2.2048232794344664
District215,1950,0,0.7902382143309481,-1.761282937119642,0.37886651718559666,6.999483260562635,1.3086182413691714,0.0
District215,1951,0,0.7902382143309481,-1.761282937119642,0.37886651718559666,4.801194112072235,1.3269659500621258,0.0
District215,1952,0,0.7902382143309481,-1.761282937119642,0.37886651718559666,3.929893259300804,1.695315013638857,0.0
District215,1953,0,0.7902382143309481,-1.761282937119642,0.37886651718559666,5.69530771415596,1.8336730247745314,0.0
District215,1954,0,0.7902382143309481,-1.761282937119642,0.37886651718559666,5.502432224592104,1.581157849978009,0.0
District215,1955,0,0.7902382143309481,-1.761282937119642,0.37886651718559666,5.122183284205104,1.3433596442383302,0.0
District215,1956,0,0.7902382143309481,-1.761282937119642,0.37886651718559666,5.396731436006634,1.951725549091177,0.0
District215,1957,0,0.7902382143309481,-1.761282937119642,0.37886651718559666,5.568959601439319,1.9772302909927577,0.0
District215,1958,0,0.7902382143309481,-1.761282937119642,0.37886651718559666,3.228069200958153,1.5735678819273389,0.0
District215,1959,0,0.7902382143309481,-1.761282937119642,0.37886651718559666,4.825759942757147,2.1603210407928666,0.0
District215,1960,0,0.7902382143309481,-1.761282937119642,0.37886651718559666,4.321784747611682,1.5272697395576733,0.0
District215,1961,0,0.7902382143309481,-1.761282937119642,0.37886651718559666,5.790366665185176,2.134193344164036,0.0
District215,1962,1,0.7902382143309481,-1.761282937119642,0.37886651718559666,5.904298219319028,1.2784299210643375,0.7902382143309481
District215,1963,1,0.7902382143309481,-1.761282937119642,0.37886651718559666,6.368616307939112,1.9091980079244568,0.7902382143309481
District215,1964,1,0.7902382143309481,-1.761282937119642,0.37886651718559666,5.07195532750549,0.836956325558009,0.7902382143309481
District215,1965,1,0.7902382143309481,-1.761282937119642,0.37886651718559666,4.748232225630839,1.9706466508491176,0.7902382143309481
District215,1966,1,0.7902382143309481,-1.761282937119642,0.37886651718559666,4.686357765205351,0.8890731549195195,0.7902382143309481
District215,1967,1,0.7902382143309481,-1.761282937119642,0.37886651718559666,6.316387435340532,1.6131333468895477,0.7902382143309481
District215,1968,1,0.7902382143309481,-1.761282937119642,0.37886651718559666,3.660615478877749,1.3611532442263954,0.7902382143309481
District215,1969,1,0.7902382143309481,-1.761282937119642,0.37886651718559666,7.614453976983897,1.9813434099404834,0.7902382143309481
District215,1970,1,0.7902382143309481,-1.761282937119642,0.37886651718559666,5.4771615080547145,1.5911354778158544,0.7902382143309481
District215,1971,1,0.7902382143309481,-1.761282937119642,0.37886651718559666,4.846640294502707,0.9647991923904555,0.7902382143309481
District215,1972,1,0.7902382143309481,-1.761282937119642,0.37886651718559666,5.392112102369807,1.9597617356586696,0.7902382143309481
District215,1973,1,0.7902382143309481,-1.761282937119642,0.37886651718559666,3.1321842682743535,1.7723484242874772,0.7902382143309481
District215,1974,1,0.7902382143309481,-1.761282937119642,0.37886651718559666,3.4867213967256427,1.4127535732277205,0.7902382143309481
District215,1975,1,0.7902382143309481,-1.761282937119642,0.37886651718559666,4.055194529966594,1.7585142095535256,0.7902382143309481
District216,1950,0,2.485286670895409,-0.8161025917967867,0.3902170602474225,5.932318388419506,2.0992912460580495,0.0
District216,1951,0,2.485286670895409,-0.8161025917967867,0.3902170602474225,5.384740625412906,1.347768637293336,0.0
District216,1952,0,2.485286670895409,-0.8161025917967867,0.3902170602474225,5.5098580964992,1.7876071036261467,0.0
District216,1953,0,2.485286670895409,-0.8161025917967867,0.3902170602474225,3.9698265030953466,1.5781182827609816,0.0
District216,1954,0,2.485286670895409,-0.8161025917967867,0.3902170602474225,6.495942734680223,1.6751696631271418,0.0
District216,1955,0,2.485286670895409,-0.8161025917967867,0.3902170602474225,8.589360834262434,2.16122277034203,0.0
District216,1956,0,2.485286670895409,-0.8161025917967867,0.3902170602474225,5.418666369893745,1.7472930753931277,0.0
District216,1957,0,2.485286670895409,-0.8161025917967867,0.3902170602474225,5.423783108501861,2.3062410239677877,0.0
District216,1958,0,2.485286670895409,-0.8161025917967867,0.3902170602474225,4.775418412679652,1.8370846418310318,0.0
District216,1959,0,2.485286670895409,-0.8161025917967867,0.3902170602474225,4.7201070382124115,1.745945518818253,0.0
District216,1960,0,2.485286670895409,-0.8161025917967867,0.3902170602474225,5.8441926598604965,1.6944512983726512,0.0
District216,1961,0,2.485286670895409,-0.8161025917967867,0.3902170602474225,5.858538855083283,2.2084779353148845,0.0
District216,1962,1,2.485286670895409,-0.8161025917967867,0.3902170602474225,8.134178274653493,1.7954125377970835,2.485286670895409
District216,1963,1,2.485286670895409,-0.8161025917967867,0.3902170602474225,6.495322840862897,1.6756489784867925,2.485286670895409
District216,1964,1,2.485286670895409,-0.8161025917967867,0.3902170602474225,7.786372562792075,2.2418829295260894,2.485286670895409
District216,1965,1,2.485286670895409,-0.8161025917967867,0.3902170602474225,5.020695156794893,1.8890379976811265,2.485286670895409
District216,1966,1,2.485286670895409,-0.8161025917967867,0.3902170602474225,7.842683845509699,1.8981510579341656,2.485286670895409
District216,1967,1,2.485286670895409,-0.8161025917967867,0.3902170602474225,6.147325041860429,1.515987339109324,2.485286670895409
District216,1968,1,2.485286670895409,-0.8161025917967867,0.3902170602474225,7.202362698118347,2.225012624344187,2.485286670895409
District216,1969,1,2.485286670895409,-0.8161025917967867,0.3902170602474225,7.035397025257377,1.4746486074334233,2.485286670895409
District216,1970,1,2.485286670895409,-0.8161025917967867,0.3902170602474225,5.998494722809933,1.5198783212840539,2.485286670895409
District216,1971,1,2.485286670895409,-0.8161025917967867,0.3902170602474225,7.188613468844098,2.2564953733710444,2.485286670895409
District216,1972,1,2.485286670895409,-0.8161025917967867,0.3902170602474225,5.772539039209191,1.5614639560807604,2.485286670895409
District216,1973,1,2.485286670895409,-0.8161025917967867,0.3902170602474225,5.26053557786366,1.8052980731493906,2.485286670895409
District216,1974,1,2.485286670895409,-0.8161025917967867,0.3902170602474225,6.17565801372492,1.5547204762669364,2.485286670895409
District216,1975,1,2.485286670895409,-0.8161025917967867,0.3902170602474225,7.193407504253664,1.5649552464413172,2.485286670895409
District217,1950,0,4.03567297837757,0.27185547238669094,0.5690417307614908,6.967207455887767,1.7663956541857662,0.0
District217,1951,0,4.03567297837757,0.27185547238669094,0.5690417307614908,5.368989775542305,2.0426942834675215,0.0
District217,1952,0,4.03567297837757,0.27185547238669094,0.5690417307614908,6.48567007554132,2.397331716539839,0.0
District217,1953,0,4.03567297837757,0.27185547238669094,0.5690417307614908,6.9165860012300815,1.4573875002300554,0.0
District217,1954,0,4.03567297837757,0.27185547238669094,0.5690417307614908,6.121000354385725,2.090120573480384,0.0
District217,1955,0,4.03567297837757,0.27185547238669094,0.5690417307614908,7.00484877739241,1.6314352525308997,0.0
District217,1956,0,4.03567297837757,0.27185547238669094,0.5690417307614908,7.695688378231813,1.984152792291272,0.0
District217,1957,0,4.03567297837757,0.27185547238669094,0.5690417307614908,5.46963754954571,1.6394008460522802,0.0
District217,1958,0,4.03567297837757,0.27185547238669094,0.5690417307614908,8.031995488101252,2.2105366766850247,0.0
District217,1959,0,4.03567297837757,0.27185547238669094,0.5690417307614908,6.6240352343341495,2.3316101415333206,0.0
District217,1960,0,4.03567297837757,0.27185547238669094,0.5690417307614908,6.937121278989004,1.3399535049375233,0.0
District217,1961,0,4.03567297837757,0.27185547238669094,0.5690417307614908,6.0815606658028205,1.158424713234984,0.0
District217,1962,1,4.03567297837757,0.27185547238669094,0.5690417307614908,8.242937049748026,1.9685400085832532,4.03567297837757
District217,1963,1,4.03567297837757,0.27185547238669094,0.5690417307614908,7.152476153829168,1.3018766389893925,4.03567297837757
District217,1964,1,4.03567297837757,0.27185547238669094,0.5690417307614908,6.927157903212925,2.270709574726828,4.03567297837757
District217,1965,1,4.03567297837757,0.27185547238669094,0.5690417307614908,8.145535497553974,1.9569610769889239,4.03567297837757
District217,1966,1,4.03567297837757,0.27185547238669094,0.5690417307614908,8.709585835410893,2.7660509539195526,4.03567297837757
District217,1967,1,4.03567297837757,0.27185547238669094,0.5690417307614908,8.15564686195296,2.5182635959527246,4.03567297837757
District217,1968,1,4.03567297837757,0.27185547238669094,0.5690417307614908,7.5454977834349,2.2041386283210613,4.03567297837757
District217,1969,1,4.03567297837757,0.27185547238669094,0.5690417307614908,7.830641789662357,2.2906497718763186,4.03567297837757
District217,1970,1,4.03567297837757,0.27185547238669094,0.5690417307614908,9.126961354909145,2.304357838758534,4.03567297837757
District217,1971,1,4.03567297837757,0.27185547238669094,0.5690417307614908,9.757231891042267,2.004693695166974,4.03567297837757
District217,1972,1,4.03567297837757,0.27185547238669094,0.5690417307614908,8.446142267170535,2.0318503273178252,4.03567297837757
District217,1973,1,4.03567297837757,0.27185547238669094,0.5690417307614908,8.835519838158415,2.251644277919187,4.03567297837757
District217,1974,1,4.03567297837757,0.27185547238669094,0.5690417307614908,7.662866117949514,2.3506560787533806,4.03567297837757
District217,1975,1,4.03567297837757,0.27185547238669094,0.5690417307614908,9.045235965308672,2.4512977733458983,4.03567297837757
District218,1950,0,2.9963839163496298,1.1803324614802349,0.02,5.5175478255720485,1.9331050629222366,0.0
District218,1951,0,2.9963839163496298,1.1803324614802349,0.02,6.813705240252399,2.2654847132488896,0.0
District218,1952,0,2.9963839163496298,1.1803324614802349,0.02,6.921158816198642,2.301345581839997,0.0
District218,1953,0,2.9963839163496298,1.1803324614802349,0.02,7.0153012844561715,2.6502758170362983,0.0
District218,1954,0,2.9963839163496298,1.1803324614802349,0.02,6.166266370672264,1.7135552257204363,0.0
District218,1955,0,2.9963839163496298,1.1803324614802349,0.02,6.3195335603369625,2.4707064994851224,0.0
District218,1956,0,2.9963839163496298,1.1803324614802349,0.02,6.046249053034728,1.885253322747396,0.0
District218,1957,0,2.9963839163496298,1.1803324614802349,0.02,6.209057267671783,1.8486570909550426,0.0
District218,1958,0,2.9963839163496298,1.1803324614802349,0.02,6.189234880433167,1.564285622027167,0.0
District218,1959,0,2.9963839163496298,1.1803324614802349,0.02,9.155934699295567,1.9305149675262137,0.0
District218,1960,0,2.9963839163496298,1.1803324614802349,0.02,6.756298073856741,2.1281403506290695,0.0
District218,1961,0,2.9963839163496298,1.1803324614802349,0.02,7.106301836025455,2.0134634052888543,0.0
District218,1962,1,2.9963839163496298,1.1803324614802349,0.02,7.658016583465805,2.151991359029397,2.9963839163496298
District218,1963,1,2.9963839163496298,1.1803324614802349,0.02,7.25503575259162,1.8352838512538736,2.9963839163496298
District218,1964,1,2.9963839163496298,1.1803324614802349,0.02,10.006848235993854,1.954760234561108,2.9963839163496298
District218,1965,1,2.9963839163496298,1.1803324614802349,0.02,8.012236592379628,1.964151283713846,2.9963839163496298
District218,1966,1,2.9963839163496298,1.1803324614802349,0.02,8.506692007941805,1.8640753710586162,2.9963839163496298
District218,1967,1,2.9963839163496298,1.1803324614802349,0.02,8.219689562034054,1.87399392037906,2.9963839163496298
District218,1968,1,2.9963839163496298,1.1803324614802349,0.02,9.13620795894141,2.1141685907668384,2.9963839163496298
District218,1969,1,2.9963839163496298,1.1803324614802349,0.02,7.437319557838398,2.13929719812575,2.9963839163496298
District218,1970,1,2.9963839163496298,1.1803324614802349,0.02,7.819884115236013,1.6514338048813897,2.9963839163496298
District218,1971,1,2.9963839163496298,1.1803324614802349,0.02,8.303192477291157,2.1942712492069485,2.9963839163496298
District218,1972,1,2.9963839163496298,1.1803324614802349,0.02,8.762233742521707,1.2412433296006138,2.9963839163496298
District218,1973,1,2.9963839163496298,1.1803324614802349,0.02,7.608487280677707,1.8080939150442512,2.9963839163496298
District218,1974,1,2.9963839163496298,1.1803324614802349,0.02,9.388625764954654,2.099463480298649,2.9963839163496298
District218,1975,1,2.9963839163496298,1.1803324614802349,0.02,6.385262139781165,2.2839205552577937,2.9963839163496298
District219,1950,0,4.461818345383618,-0.5646797451013308,0.3067516474018024,4.784745066290091,1.4785172597140464,0.0
District219,1951,0,4.461818345383618,-0.5646797451013308,0.3067516474018024,5.209754081536443,1.8169995622031192,0.0
District219,1952,0,4.461818345383618,-0.5646797451013308,0.3067516474018024,6.179084049194973,1.8970101269359403,0.0
District219,1953,0,4.461818345383618,-0.5646797451013308,0.3067516474018024,6.946115866082881,2.4496226100919394,0.0
District219,1954,0,4.461818345383618,-0.5646797451013308,0.3067516474018024,4.974826544012847,2.0342975308275215,0.0
District219,1955,0,4.461818345383618,-0.5646797451013308,0.3067516474018024,4.417437503769146,1.277428574031061,0.0
District219,1956,0,4.461818345383618,-0.5646797451013308,0.3067516474018024,5.170401776580454,1.2027357567098718,0.0
District219,1957,0,4.461818345383618,-0.5646797451013308,0.3067516474018024,4.894255761406095,1.6938564217105867,0.0
District219,1958,0,4.461818345383618,-0.5646797451013308,0.3067516474018024,4.868641057056385,1.7135326359024325,0.0
District219,1959,0,4.461818345383618,-0.5646797451013308,0.3067516474018024,5.04857508397666,1.888657371816303,0.0
District219,1960,0,4.461818345383618,-0.5646797451013308,0.3067516474018024,6.914445013840028,1.646100370616521,0.0
District219,1961,0,4.461818345383618,-0.5646797451013308,0.3067516474018024,4.46182347578535,2.0574223302201884,0.0
District219,1962,1,4.461818345383618,-0.5646797451013308,0.3067516474018024,9.662561660597143,1.9333545605867186,4.461818345383618
District219,1963,1,4.461818345383618,-0.5646797451013308,0.3067516474018024,8.171561577857132,2.27967300605917,4.461818345383618
District219,1964,1,4.461818345383618,-0.5646797451013308,0.3067516474018024,8.612853839690665,2.4481372142647606,4.461818345383618
District219,1965,1,4.461818345383618,-0.5646797451013308,0.3067516474018024,8.718549875282806,1.791137138827308,4.461818345383618
District219,1966,1,4.461818345383618,-0.5646797451013308,0.3067516474018024,8.12464305904156,1.7653667197978127,4.461818345383618
District219,1967,1,4.461818345383618,-0.5646797451013308,0.3067516474018024,7.865917383804154,2.3333396659560415,4.461818345383618
District219,1968,1,4.461818345383618,-0.5646797451013308,0.3067516474018024,6.1133029291879595,2.372984147472423,4.461818345383618
District219,1969,1,4.461818345383618,-0.5646797451013308,0.3067516474018024,7.6125819928722125,1.8417582313629692,4.461818345383618
District219,1970,1,4.461818345383618,-0.5646797451013308,0.3067516474018024,7.97017236972647,1.897899633075746,4.461818345383618
District219,1971,1,4.461818345383618,-0.5646797451013308,0.3067516474018024,5.7959256447629315,1.7333960334163678,4.461818345383618
District219,1972,1,4.461818345383618,-0.5646797451013308,0.3067516474018024,9.290519030367317,1.9014095455688598,4.461818345383618
District219,1973,1,4.461818345383618,-0.5646797451013308,0.3067516474018024,9.129362768749834,2.1901241910822837,4.461818345383618
District219,1974,1,4.461818345383618,-0.5646797451013308,0.3067516474018024,8.305897037969405,1.5795205374445507,4.461818345383618
District219,1975,1,4.461818345383618,-0.5646797451013308,0.3067516474018024,8.255013187025845,2.0897257985127933,4.461818345383618
District220,1950,0,2.65240241089402,-0.16489706749142125,0.16983699124158094,5.218761146362207,1.6459383849534377,0.0
District220,1951,0,2.65240241089402,-0.16489706749142125,0.16983699124158094,7.238625665833585,1.6705452842480388,0.0
District220,1952,0,2.65240241089402,-0.16489706749142125,0.16983699124158094,4.53993454788354,1.9723016173985433,0.0
District220,1953,0,2.65240241089402,-0.16489706749142125,0.16983699124158094,5.517165577710762,1.817815237770413,0.0
District220,1954,0,2.65240241089402,-0.16489706749142125,0.16983699124158094,6.619182769442584,1.5914676473212424,0.0
District220,1955,0,2.65240241089402,-0.16489706749142125,0.16983699124158094,4.859122777548693,2.1199627292815886,0.0
District220,1956,0,2.65240241089402,-0.16489706749142125,0.16983699124158094,5.604839276954875,1.7771988203303184,0.0
District220,1957,0,2.65240241089402,-0.16489706749142125,0.16983699124158094,5.5659998913841635,1.8711027689857704,0.0
District220,1958,0,2.65240241089402,-0.16489706749142125,0.16983699124158094,5.69324877213372,1.7415955167043493,0.0
District220,1959,0,2.65240241089402,-0.16489706749142125,0.16983699124158094,5.7063151737249616,1.182653833512055,0.0
District220,1960,0,2.65240241089402,-0.16489706749142125,0.16983699124158094,6.269587528736713,1.7564339505845978,0.0
District220,1961,0,2.65240241089402,-0.16489706749142125,0.16983699124158094,6.068518578692927,1.894516358192282,0.0
District220,1962,1,2.65240241089402,-0.16489706749142125,0.16983699124158094,8.312831832331483,2.185122429398571,2.65240241089402
District220,1963,1,2.65240241089402,-0.16489706749142125,0.16983699124158094,6.901679151844065,2.1596596917247712,2.65240241089402
District220,1964,1,2.65240241089402,-0.16489706749142125,0.16983699124158094,6.4001061506412,1.7069154180700405,2.65240241089402
District220,1965,1,2.65240241089402,-0.16489706749142125,0.16983699124158094,6.683923750227453,2.1786458074116744,2.65240241089402
District220,1966,1,2.65240241089402,-0.16489706749142125,0.16983699124158094,5.540771332719083,2.2806923053850183,2.65240241089402
District220,1967,1,2.65240241089402,-0.16489706749142125,0.16983699124158094,8.087489923310857,2.075961483757094,2.65240241089402
District220,1968,1,2.65240241089402,-0.16489706749142125,0.16983699124158094,7.639941978828,2.257654344400051,2.65240241089402
District220,1969,1,2.65240241089402,-0.16489706749142125,0.16983699124158094,7.493343205143652,2.569256333707161,2.65240241089402
District220,1970,1,2.65240241089402,-0.16489706749142125,0.16983699124158094,7.2369676783092425,2.0624407047745557,2.65240241089402
District220,1971,1,2.65240241089402,-0.16489706749142125,0.16983699124158094,7.6446969903302096,2.180697098115501,2.65240241089402
District220,1972,1,2.65240241089402,-0.16489706749142125,0.16983699124158094,7.905417915105396,2.192004866153403,2.65240241089402
District220,1973,1,2.65240241089402,-0.16489706749142125,0.16983699124158094,6.427833954050295,2.1815239408179563,2.65240241089402
District220,1974,1,2.65240241089402,-0.16489706749142125,0.16983699124158094,7.105000414693144,1.844527118627192,2.65240241089402
District220,1975,1,2.65240241089402,-0.16489706749142125,0.16983699124158094,7.253149453976564,2.0807182576231584,2.65240241089402
